// Generated by scripts/generate_deepfilter_streaming_graph.py; do not edit.
// Source model SHA-256: e1157049059434ae0d5857e32c812abea227b975e946b2eb64d001abbce156d3
// Contains graph structure only. All neural weights stay in the source file.
// DeepFilterNet: Copyright (c) 2021 Hendrik Schröter (MIT).
// See third_party/deepfilter/LICENSE-MIT and THIRD-PARTY-NOTICES.md.
static constexpr size_t kSourceModelBytes = 8608859;
static constexpr uint64_t kSourceModelFingerprint = UINT64_C(0x74d1683307dc2aae);
static constexpr unsigned char kStreamingGraph[] = {
    0x08, 0x08, 0x12, 0x07, 0x70, 0x79, 0x74, 0x6f, 0x72, 0x63, 0x68, 0x1a, 0x05, 0x32, 0x2e, 0x33,
    0x2e, 0x31, 0x3a, 0x99, 0xdd, 0x03, 0x0a, 0x53, 0x0a, 0x09, 0x65, 0x72, 0x62, 0x5f, 0x63, 0x61,
    0x63, 0x68, 0x65, 0x0a, 0x08, 0x66, 0x65, 0x61, 0x74, 0x5f, 0x65, 0x72, 0x62, 0x12, 0x27, 0x2f,
    0x65, 0x6e, 0x63, 0x2f, 0x65, 0x72, 0x62, 0x5f, 0x63, 0x6f, 0x6e, 0x76, 0x30, 0x2f, 0x65, 0x72,
    0x62, 0x5f, 0x63, 0x6f, 0x6e, 0x76, 0x30, 0x2e, 0x30, 0x2f, 0x50, 0x61, 0x64, 0x5f, 0x6f, 0x75,
    0x74, 0x70, 0x75, 0x74, 0x5f, 0x30, 0x22, 0x06, 0x43, 0x6f, 0x6e, 0x63, 0x61, 0x74, 0x2a, 0x0b,
    0x0a, 0x04, 0x61, 0x78, 0x69, 0x73, 0x18, 0x02, 0xa0, 0x01, 0x02, 0x0a, 0xf8, 0x01, 0x0a, 0x27,
    0x2f, 0x65, 0x6e, 0x63, 0x2f, 0x65, 0x72, 0x62, 0x5f, 0x63, 0x6f, 0x6e, 0x76, 0x30, 0x2f, 0x65,
    0x72, 0x62, 0x5f, 0x63, 0x6f, 0x6e, 0x76, 0x30, 0x2e, 0x30, 0x2f, 0x50, 0x61, 0x64, 0x5f, 0x6f,
    0x75, 0x74, 0x70, 0x75, 0x74, 0x5f, 0x30, 0x0a, 0x0e, 0x6f, 0x6e, 0x6e, 0x78, 0x3a, 0x3a, 0x43,
    0x6f, 0x6e, 0x76, 0x5f, 0x39, 0x39, 0x38, 0x0a, 0x0e, 0x6f, 0x6e, 0x6e, 0x78, 0x3a, 0x3a, 0x43,
    0x6f, 0x6e, 0x76, 0x5f, 0x39, 0x39, 0x39, 0x12, 0x28, 0x2f, 0x65, 0x6e, 0x63, 0x2f, 0x65, 0x72,
    0x62, 0x5f, 0x63, 0x6f, 0x6e, 0x76, 0x30, 0x2f, 0x65, 0x72, 0x62, 0x5f, 0x63, 0x6f, 0x6e, 0x76,
    0x30, 0x2e, 0x31, 0x2f, 0x43, 0x6f, 0x6e, 0x76, 0x5f, 0x6f, 0x75, 0x74, 0x70, 0x75, 0x74, 0x5f,
    0x30, 0x1a, 0x1f, 0x2f, 0x65, 0x6e, 0x63, 0x2f, 0x65, 0x72, 0x62, 0x5f, 0x63, 0x6f, 0x6e, 0x76,
    0x30, 0x2f, 0x65, 0x72, 0x62, 0x5f, 0x63, 0x6f, 0x6e, 0x76, 0x30, 0x2e, 0x31, 0x2f, 0x43, 0x6f,
    0x6e, 0x76, 0x22, 0x04, 0x43, 0x6f, 0x6e, 0x76, 0x2a, 0x12, 0x0a, 0x09, 0x64, 0x69, 0x6c, 0x61,
    0x74, 0x69, 0x6f, 0x6e, 0x73, 0x40, 0x01, 0x40, 0x01, 0xa0, 0x01, 0x07, 0x2a, 0x0c, 0x0a, 0x05,
    0x67, 0x72, 0x6f, 0x75, 0x70, 0x18, 0x01, 0xa0, 0x01, 0x02, 0x2a, 0x15, 0x0a, 0x0c, 0x6b, 0x65,
    0x72, 0x6e, 0x65, 0x6c, 0x5f, 0x73, 0x68, 0x61, 0x70, 0x65, 0x40, 0x03, 0x40, 0x03, 0xa0, 0x01,
    0x07, 0x2a, 0x11, 0x0a, 0x04, 0x70, 0x61, 0x64, 0x73, 0x40, 0x00, 0x40, 0x01, 0x40, 0x00, 0x40,
    0x01, 0xa0, 0x01, 0x07, 0x2a, 0x10, 0x0a, 0x07, 0x73, 0x74, 0x72, 0x69, 0x64, 0x65, 0x73, 0x40,
    0x01, 0x40, 0x01, 0xa0, 0x01, 0x07, 0x0a, 0x7b, 0x0a, 0x28, 0x2f, 0x65, 0x6e, 0x63, 0x2f, 0x65,
    0x72, 0x62, 0x5f, 0x63, 0x6f, 0x6e, 0x76, 0x30, 0x2f, 0x65, 0x72, 0x62, 0x5f, 0x63, 0x6f, 0x6e,
    0x76, 0x30, 0x2e, 0x31, 0x2f, 0x43, 0x6f, 0x6e, 0x76, 0x5f, 0x6f, 0x75, 0x74, 0x70, 0x75, 0x74,
    0x5f, 0x30, 0x12, 0x28, 0x2f, 0x65, 0x6e, 0x63, 0x2f, 0x65, 0x72, 0x62, 0x5f, 0x63, 0x6f, 0x6e,
    0x76, 0x30, 0x2f, 0x65, 0x72, 0x62, 0x5f, 0x63, 0x6f, 0x6e, 0x76, 0x30, 0x2e, 0x33, 0x2f, 0x52,
    0x65, 0x6c, 0x75, 0x5f, 0x6f, 0x75, 0x74, 0x70, 0x75, 0x74, 0x5f, 0x30, 0x1a, 0x1f, 0x2f, 0x65,
    0x6e, 0x63, 0x2f, 0x65, 0x72, 0x62, 0x5f, 0x63, 0x6f, 0x6e, 0x76, 0x30, 0x2f, 0x65, 0x72, 0x62,
    0x5f, 0x63, 0x6f, 0x6e, 0x76, 0x30, 0x2e, 0x33, 0x2f, 0x52, 0x65, 0x6c, 0x75, 0x22, 0x04, 0x52,
    0x65, 0x6c, 0x75, 0x0a, 0xf1, 0x01, 0x0a, 0x28, 0x2f, 0x65, 0x6e, 0x63, 0x2f, 0x65, 0x72, 0x62,
    0x5f, 0x63, 0x6f, 0x6e, 0x76, 0x30, 0x2f, 0x65, 0x72, 0x62, 0x5f, 0x63, 0x6f, 0x6e, 0x76, 0x30,
    0x2e, 0x33, 0x2f, 0x52, 0x65, 0x6c, 0x75, 0x5f, 0x6f, 0x75, 0x74, 0x70, 0x75, 0x74, 0x5f, 0x30,
    0x0a, 0x16, 0x65, 0x6e, 0x63, 0x2e, 0x65, 0x72, 0x62, 0x5f, 0x63, 0x6f, 0x6e, 0x76, 0x31, 0x2e,
    0x30, 0x2e, 0x77, 0x65, 0x69, 0x67, 0x68, 0x74, 0x12, 0x28, 0x2f, 0x65, 0x6e, 0x63, 0x2f, 0x65,
    0x72, 0x62, 0x5f, 0x63, 0x6f, 0x6e, 0x76, 0x31, 0x2f, 0x65, 0x72, 0x62, 0x5f, 0x63, 0x6f, 0x6e,
    0x76, 0x31, 0x2e, 0x30, 0x2f, 0x43, 0x6f, 0x6e, 0x76, 0x5f, 0x6f, 0x75, 0x74, 0x70, 0x75, 0x74,
    0x5f, 0x30, 0x1a, 0x1f, 0x2f, 0x65, 0x6e, 0x63, 0x2f, 0x65, 0x72, 0x62, 0x5f, 0x63, 0x6f, 0x6e,
    0x76, 0x31, 0x2f, 0x65, 0x72, 0x62, 0x5f, 0x63, 0x6f, 0x6e, 0x76, 0x31, 0x2e, 0x30, 0x2f, 0x43,
    0x6f, 0x6e, 0x76, 0x22, 0x04, 0x43, 0x6f, 0x6e, 0x76, 0x2a, 0x12, 0x0a, 0x09, 0x64, 0x69, 0x6c,
    0x61, 0x74, 0x69, 0x6f, 0x6e, 0x73, 0x40, 0x01, 0x40, 0x01, 0xa0, 0x01, 0x07, 0x2a, 0x0c, 0x0a,
    0x05, 0x67, 0x72, 0x6f, 0x75, 0x70, 0x18, 0x40, 0xa0, 0x01, 0x02, 0x2a, 0x15, 0x0a, 0x0c, 0x6b,
    0x65, 0x72, 0x6e, 0x65, 0x6c, 0x5f, 0x73, 0x68, 0x61, 0x70, 0x65, 0x40, 0x01, 0x40, 0x03, 0xa0,
    0x01, 0x07, 0x2a, 0x11, 0x0a, 0x04, 0x70, 0x61, 0x64, 0x73, 0x40, 0x00, 0x40, 0x01, 0x40, 0x00,
    0x40, 0x01, 0xa0, 0x01, 0x07, 0x2a, 0x10, 0x0a, 0x07, 0x73, 0x74, 0x72, 0x69, 0x64, 0x65, 0x73,
    0x40, 0x01, 0x40, 0x02, 0xa0, 0x01, 0x07, 0x0a, 0xfb, 0x01, 0x0a, 0x28, 0x2f, 0x65, 0x6e, 0x63,
    0x2f, 0x65, 0x72, 0x62, 0x5f, 0x63, 0x6f, 0x6e, 0x76, 0x31, 0x2f, 0x65, 0x72, 0x62, 0x5f, 0x63,
    0x6f, 0x6e, 0x76, 0x31, 0x2e, 0x30, 0x2f, 0x43, 0x6f, 0x6e, 0x76, 0x5f, 0x6f, 0x75, 0x74, 0x70,
    0x75, 0x74, 0x5f, 0x30, 0x0a, 0x0f, 0x6f, 0x6e, 0x6e, 0x78, 0x3a, 0x3a, 0x43, 0x6f, 0x6e, 0x76,
    0x5f, 0x31, 0x30, 0x30, 0x31, 0x0a, 0x0f, 0x6f, 0x6e, 0x6e, 0x78, 0x3a, 0x3a, 0x43, 0x6f, 0x6e,
    0x76, 0x5f, 0x31, 0x30, 0x30, 0x32, 0x12, 0x28, 0x2f, 0x65, 0x6e, 0x63, 0x2f, 0x65, 0x72, 0x62,
    0x5f, 0x63, 0x6f, 0x6e, 0x76, 0x31, 0x2f, 0x65, 0x72, 0x62, 0x5f, 0x63, 0x6f, 0x6e, 0x76, 0x31,
    0x2e, 0x31, 0x2f, 0x43, 0x6f, 0x6e, 0x76, 0x5f, 0x6f, 0x75, 0x74, 0x70, 0x75, 0x74, 0x5f, 0x30,
    0x1a, 0x1f, 0x2f, 0x65, 0x6e, 0x63, 0x2f, 0x65, 0x72, 0x62, 0x5f, 0x63, 0x6f, 0x6e, 0x76, 0x31,
    0x2f, 0x65, 0x72, 0x62, 0x5f, 0x63, 0x6f, 0x6e, 0x76, 0x31, 0x2e, 0x31, 0x2f, 0x43, 0x6f, 0x6e,
    0x76, 0x22, 0x04, 0x43, 0x6f, 0x6e, 0x76, 0x2a, 0x12, 0x0a, 0x09, 0x64, 0x69, 0x6c, 0x61, 0x74,
    0x69, 0x6f, 0x6e, 0x73, 0x40, 0x01, 0x40, 0x01, 0xa0, 0x01, 0x07, 0x2a, 0x0c, 0x0a, 0x05, 0x67,
    0x72, 0x6f, 0x75, 0x70, 0x18, 0x01, 0xa0, 0x01, 0x02, 0x2a, 0x15, 0x0a, 0x0c, 0x6b, 0x65, 0x72,
    0x6e, 0x65, 0x6c, 0x5f, 0x73, 0x68, 0x61, 0x70, 0x65, 0x40, 0x01, 0x40, 0x01, 0xa0, 0x01, 0x07,
    0x2a, 0x11, 0x0a, 0x04, 0x70, 0x61, 0x64, 0x73, 0x40, 0x00, 0x40, 0x00, 0x40, 0x00, 0x40, 0x00,
    0xa0, 0x01, 0x07, 0x2a, 0x10, 0x0a, 0x07, 0x73, 0x74, 0x72, 0x69, 0x64, 0x65, 0x73, 0x40, 0x01,
    0x40, 0x01, 0xa0, 0x01, 0x07, 0x0a, 0x7b, 0x0a, 0x28, 0x2f, 0x65, 0x6e, 0x63, 0x2f, 0x65, 0x72,
    0x62, 0x5f, 0x63, 0x6f, 0x6e, 0x76, 0x31, 0x2f, 0x65, 0x72, 0x62, 0x5f, 0x63, 0x6f, 0x6e, 0x76,
    0x31, 0x2e, 0x31, 0x2f, 0x43, 0x6f, 0x6e, 0x76, 0x5f, 0x6f, 0x75, 0x74, 0x70, 0x75, 0x74, 0x5f,
    0x30, 0x12, 0x28, 0x2f, 0x65, 0x6e, 0x63, 0x2f, 0x65, 0x72, 0x62, 0x5f, 0x63, 0x6f, 0x6e, 0x76,
    0x31, 0x2f, 0x65, 0x72, 0x62, 0x5f, 0x63, 0x6f, 0x6e, 0x76, 0x31, 0x2e, 0x33, 0x2f, 0x52, 0x65,
    0x6c, 0x75, 0x5f, 0x6f, 0x75, 0x74, 0x70, 0x75, 0x74, 0x5f, 0x30, 0x1a, 0x1f, 0x2f, 0x65, 0x6e,
    0x63, 0x2f, 0x65, 0x72, 0x62, 0x5f, 0x63, 0x6f, 0x6e, 0x76, 0x31, 0x2f, 0x65, 0x72, 0x62, 0x5f,
    0x63, 0x6f, 0x6e, 0x76, 0x31, 0x2e, 0x33, 0x2f, 0x52, 0x65, 0x6c, 0x75, 0x22, 0x04, 0x52, 0x65,
    0x6c, 0x75, 0x0a, 0xf1, 0x01, 0x0a, 0x28, 0x2f, 0x65, 0x6e, 0x63, 0x2f, 0x65, 0x72, 0x62, 0x5f,
    0x63, 0x6f, 0x6e, 0x76, 0x31, 0x2f, 0x65, 0x72, 0x62, 0x5f, 0x63, 0x6f, 0x6e, 0x76, 0x31, 0x2e,
    0x33, 0x2f, 0x52, 0x65, 0x6c, 0x75, 0x5f, 0x6f, 0x75, 0x74, 0x70, 0x75, 0x74, 0x5f, 0x30, 0x0a,
    0x16, 0x65, 0x6e, 0x63, 0x2e, 0x65, 0x72, 0x62, 0x5f, 0x63, 0x6f, 0x6e, 0x76, 0x32, 0x2e, 0x30,
    0x2e, 0x77, 0x65, 0x69, 0x67, 0x68, 0x74, 0x12, 0x28, 0x2f, 0x65, 0x6e, 0x63, 0x2f, 0x65, 0x72,
    0x62, 0x5f, 0x63, 0x6f, 0x6e, 0x76, 0x32, 0x2f, 0x65, 0x72, 0x62, 0x5f, 0x63, 0x6f, 0x6e, 0x76,
    0x32, 0x2e, 0x30, 0x2f, 0x43, 0x6f, 0x6e, 0x76, 0x5f, 0x6f, 0x75, 0x74, 0x70, 0x75, 0x74, 0x5f,
    0x30, 0x1a, 0x1f, 0x2f, 0x65, 0x6e, 0x63, 0x2f, 0x65, 0x72, 0x62, 0x5f, 0x63, 0x6f, 0x6e, 0x76,
    0x32, 0x2f, 0x65, 0x72, 0x62, 0x5f, 0x63, 0x6f, 0x6e, 0x76, 0x32, 0x2e, 0x30, 0x2f, 0x43, 0x6f,
    0x6e, 0x76, 0x22, 0x04, 0x43, 0x6f, 0x6e, 0x76, 0x2a, 0x12, 0x0a, 0x09, 0x64, 0x69, 0x6c, 0x61,
    0x74, 0x69, 0x6f, 0x6e, 0x73, 0x40, 0x01, 0x40, 0x01, 0xa0, 0x01, 0x07, 0x2a, 0x0c, 0x0a, 0x05,
    0x67, 0x72, 0x6f, 0x75, 0x70, 0x18, 0x40, 0xa0, 0x01, 0x02, 0x2a, 0x15, 0x0a, 0x0c, 0x6b, 0x65,
    0x72, 0x6e, 0x65, 0x6c, 0x5f, 0x73, 0x68, 0x61, 0x70, 0x65, 0x40, 0x01, 0x40, 0x03, 0xa0, 0x01,
    0x07, 0x2a, 0x11, 0x0a, 0x04, 0x70, 0x61, 0x64, 0x73, 0x40, 0x00, 0x40, 0x01, 0x40, 0x00, 0x40,
    0x01, 0xa0, 0x01, 0x07, 0x2a, 0x10, 0x0a, 0x07, 0x73, 0x74, 0x72, 0x69, 0x64, 0x65, 0x73, 0x40,
    0x01, 0x40, 0x02, 0xa0, 0x01, 0x07, 0x0a, 0xfb, 0x01, 0x0a, 0x28, 0x2f, 0x65, 0x6e, 0x63, 0x2f,
    0x65, 0x72, 0x62, 0x5f, 0x63, 0x6f, 0x6e, 0x76, 0x32, 0x2f, 0x65, 0x72, 0x62, 0x5f, 0x63, 0x6f,
    0x6e, 0x76, 0x32, 0x2e, 0x30, 0x2f, 0x43, 0x6f, 0x6e, 0x76, 0x5f, 0x6f, 0x75, 0x74, 0x70, 0x75,
    0x74, 0x5f, 0x30, 0x0a, 0x0f, 0x6f, 0x6e, 0x6e, 0x78, 0x3a, 0x3a, 0x43, 0x6f, 0x6e, 0x76, 0x5f,
    0x31, 0x30, 0x30, 0x34, 0x0a, 0x0f, 0x6f, 0x6e, 0x6e, 0x78, 0x3a, 0x3a, 0x43, 0x6f, 0x6e, 0x76,
    0x5f, 0x31, 0x30, 0x30, 0x35, 0x12, 0x28, 0x2f, 0x65, 0x6e, 0x63, 0x2f, 0x65, 0x72, 0x62, 0x5f,
    0x63, 0x6f, 0x6e, 0x76, 0x32, 0x2f, 0x65, 0x72, 0x62, 0x5f, 0x63, 0x6f, 0x6e, 0x76, 0x32, 0x2e,
    0x31, 0x2f, 0x43, 0x6f, 0x6e, 0x76, 0x5f, 0x6f, 0x75, 0x74, 0x70, 0x75, 0x74, 0x5f, 0x30, 0x1a,
    0x1f, 0x2f, 0x65, 0x6e, 0x63, 0x2f, 0x65, 0x72, 0x62, 0x5f, 0x63, 0x6f, 0x6e, 0x76, 0x32, 0x2f,
    0x65, 0x72, 0x62, 0x5f, 0x63, 0x6f, 0x6e, 0x76, 0x32, 0x2e, 0x31, 0x2f, 0x43, 0x6f, 0x6e, 0x76,
    0x22, 0x04, 0x43, 0x6f, 0x6e, 0x76, 0x2a, 0x12, 0x0a, 0x09, 0x64, 0x69, 0x6c, 0x61, 0x74, 0x69,
    0x6f, 0x6e, 0x73, 0x40, 0x01, 0x40, 0x01, 0xa0, 0x01, 0x07, 0x2a, 0x0c, 0x0a, 0x05, 0x67, 0x72,
    0x6f, 0x75, 0x70, 0x18, 0x01, 0xa0, 0x01, 0x02, 0x2a, 0x15, 0x0a, 0x0c, 0x6b, 0x65, 0x72, 0x6e,
    0x65, 0x6c, 0x5f, 0x73, 0x68, 0x61, 0x70, 0x65, 0x40, 0x01, 0x40, 0x01, 0xa0, 0x01, 0x07, 0x2a,
    0x11, 0x0a, 0x04, 0x70, 0x61, 0x64, 0x73, 0x40, 0x00, 0x40, 0x00, 0x40, 0x00, 0x40, 0x00, 0xa0,
    0x01, 0x07, 0x2a, 0x10, 0x0a, 0x07, 0x73, 0x74, 0x72, 0x69, 0x64, 0x65, 0x73, 0x40, 0x01, 0x40,
    0x01, 0xa0, 0x01, 0x07, 0x0a, 0x7b, 0x0a, 0x28, 0x2f, 0x65, 0x6e, 0x63, 0x2f, 0x65, 0x72, 0x62,
    0x5f, 0x63, 0x6f, 0x6e, 0x76, 0x32, 0x2f, 0x65, 0x72, 0x62, 0x5f, 0x63, 0x6f, 0x6e, 0x76, 0x32,
    0x2e, 0x31, 0x2f, 0x43, 0x6f, 0x6e, 0x76, 0x5f, 0x6f, 0x75, 0x74, 0x70, 0x75, 0x74, 0x5f, 0x30,
    0x12, 0x28, 0x2f, 0x65, 0x6e, 0x63, 0x2f, 0x65, 0x72, 0x62, 0x5f, 0x63, 0x6f, 0x6e, 0x76, 0x32,
    0x2f, 0x65, 0x72, 0x62, 0x5f, 0x63, 0x6f, 0x6e, 0x76, 0x32, 0x2e, 0x33, 0x2f, 0x52, 0x65, 0x6c,
    0x75, 0x5f, 0x6f, 0x75, 0x74, 0x70, 0x75, 0x74, 0x5f, 0x30, 0x1a, 0x1f, 0x2f, 0x65, 0x6e, 0x63,
    0x2f, 0x65, 0x72, 0x62, 0x5f, 0x63, 0x6f, 0x6e, 0x76, 0x32, 0x2f, 0x65, 0x72, 0x62, 0x5f, 0x63,
    0x6f, 0x6e, 0x76, 0x32, 0x2e, 0x33, 0x2f, 0x52, 0x65, 0x6c, 0x75, 0x22, 0x04, 0x52, 0x65, 0x6c,
    0x75, 0x0a, 0xf1, 0x01, 0x0a, 0x28, 0x2f, 0x65, 0x6e, 0x63, 0x2f, 0x65, 0x72, 0x62, 0x5f, 0x63,
    0x6f, 0x6e, 0x76, 0x32, 0x2f, 0x65, 0x72, 0x62, 0x5f, 0x63, 0x6f, 0x6e, 0x76, 0x32, 0x2e, 0x33,
    0x2f, 0x52, 0x65, 0x6c, 0x75, 0x5f, 0x6f, 0x75, 0x74, 0x70, 0x75, 0x74, 0x5f, 0x30, 0x0a, 0x16,
    0x65, 0x6e, 0x63, 0x2e, 0x65, 0x72, 0x62, 0x5f, 0x63, 0x6f, 0x6e, 0x76, 0x33, 0x2e, 0x30, 0x2e,
    0x77, 0x65, 0x69, 0x67, 0x68, 0x74, 0x12, 0x28, 0x2f, 0x65, 0x6e, 0x63, 0x2f, 0x65, 0x72, 0x62,
    0x5f, 0x63, 0x6f, 0x6e, 0x76, 0x33, 0x2f, 0x65, 0x72, 0x62, 0x5f, 0x63, 0x6f, 0x6e, 0x76, 0x33,
    0x2e, 0x30, 0x2f, 0x43, 0x6f, 0x6e, 0x76, 0x5f, 0x6f, 0x75, 0x74, 0x70, 0x75, 0x74, 0x5f, 0x30,
    0x1a, 0x1f, 0x2f, 0x65, 0x6e, 0x63, 0x2f, 0x65, 0x72, 0x62, 0x5f, 0x63, 0x6f, 0x6e, 0x76, 0x33,
    0x2f, 0x65, 0x72, 0x62, 0x5f, 0x63, 0x6f, 0x6e, 0x76, 0x33, 0x2e, 0x30, 0x2f, 0x43, 0x6f, 0x6e,
    0x76, 0x22, 0x04, 0x43, 0x6f, 0x6e, 0x76, 0x2a, 0x12, 0x0a, 0x09, 0x64, 0x69, 0x6c, 0x61, 0x74,
    0x69, 0x6f, 0x6e, 0x73, 0x40, 0x01, 0x40, 0x01, 0xa0, 0x01, 0x07, 0x2a, 0x0c, 0x0a, 0x05, 0x67,
    0x72, 0x6f, 0x75, 0x70, 0x18, 0x40, 0xa0, 0x01, 0x02, 0x2a, 0x15, 0x0a, 0x0c, 0x6b, 0x65, 0x72,
    0x6e, 0x65, 0x6c, 0x5f, 0x73, 0x68, 0x61, 0x70, 0x65, 0x40, 0x01, 0x40, 0x03, 0xa0, 0x01, 0x07,
    0x2a, 0x11, 0x0a, 0x04, 0x70, 0x61, 0x64, 0x73, 0x40, 0x00, 0x40, 0x01, 0x40, 0x00, 0x40, 0x01,
    0xa0, 0x01, 0x07, 0x2a, 0x10, 0x0a, 0x07, 0x73, 0x74, 0x72, 0x69, 0x64, 0x65, 0x73, 0x40, 0x01,
    0x40, 0x01, 0xa0, 0x01, 0x07, 0x0a, 0xfb, 0x01, 0x0a, 0x28, 0x2f, 0x65, 0x6e, 0x63, 0x2f, 0x65,
    0x72, 0x62, 0x5f, 0x63, 0x6f, 0x6e, 0x76, 0x33, 0x2f, 0x65, 0x72, 0x62, 0x5f, 0x63, 0x6f, 0x6e,
    0x76, 0x33, 0x2e, 0x30, 0x2f, 0x43, 0x6f, 0x6e, 0x76, 0x5f, 0x6f, 0x75, 0x74, 0x70, 0x75, 0x74,
    0x5f, 0x30, 0x0a, 0x0f, 0x6f, 0x6e, 0x6e, 0x78, 0x3a, 0x3a, 0x43, 0x6f, 0x6e, 0x76, 0x5f, 0x31,
    0x30, 0x30, 0x37, 0x0a, 0x0f, 0x6f, 0x6e, 0x6e, 0x78, 0x3a, 0x3a, 0x43, 0x6f, 0x6e, 0x76, 0x5f,
    0x31, 0x30, 0x30, 0x38, 0x12, 0x28, 0x2f, 0x65, 0x6e, 0x63, 0x2f, 0x65, 0x72, 0x62, 0x5f, 0x63,
    0x6f, 0x6e, 0x76, 0x33, 0x2f, 0x65, 0x72, 0x62, 0x5f, 0x63, 0x6f, 0x6e, 0x76, 0x33, 0x2e, 0x31,
    0x2f, 0x43, 0x6f, 0x6e, 0x76, 0x5f, 0x6f, 0x75, 0x74, 0x70, 0x75, 0x74, 0x5f, 0x30, 0x1a, 0x1f,
    0x2f, 0x65, 0x6e, 0x63, 0x2f, 0x65, 0x72, 0x62, 0x5f, 0x63, 0x6f, 0x6e, 0x76, 0x33, 0x2f, 0x65,
    0x72, 0x62, 0x5f, 0x63, 0x6f, 0x6e, 0x76, 0x33, 0x2e, 0x31, 0x2f, 0x43, 0x6f, 0x6e, 0x76, 0x22,
    0x04, 0x43, 0x6f, 0x6e, 0x76, 0x2a, 0x12, 0x0a, 0x09, 0x64, 0x69, 0x6c, 0x61, 0x74, 0x69, 0x6f,
    0x6e, 0x73, 0x40, 0x01, 0x40, 0x01, 0xa0, 0x01, 0x07, 0x2a, 0x0c, 0x0a, 0x05, 0x67, 0x72, 0x6f,
    0x75, 0x70, 0x18, 0x01, 0xa0, 0x01, 0x02, 0x2a, 0x15, 0x0a, 0x0c, 0x6b, 0x65, 0x72, 0x6e, 0x65,
    0x6c, 0x5f, 0x73, 0x68, 0x61, 0x70, 0x65, 0x40, 0x01, 0x40, 0x01, 0xa0, 0x01, 0x07, 0x2a, 0x11,
    0x0a, 0x04, 0x70, 0x61, 0x64, 0x73, 0x40, 0x00, 0x40, 0x00, 0x40, 0x00, 0x40, 0x00, 0xa0, 0x01,
    0x07, 0x2a, 0x10, 0x0a, 0x07, 0x73, 0x74, 0x72, 0x69, 0x64, 0x65, 0x73, 0x40, 0x01, 0x40, 0x01,
    0xa0, 0x01, 0x07, 0x0a, 0x7b, 0x0a, 0x28, 0x2f, 0x65, 0x6e, 0x63, 0x2f, 0x65, 0x72, 0x62, 0x5f,
    0x63, 0x6f, 0x6e, 0x76, 0x33, 0x2f, 0x65, 0x72, 0x62, 0x5f, 0x63, 0x6f, 0x6e, 0x76, 0x33, 0x2e,
    0x31, 0x2f, 0x43, 0x6f, 0x6e, 0x76, 0x5f, 0x6f, 0x75, 0x74, 0x70, 0x75, 0x74, 0x5f, 0x30, 0x12,
    0x28, 0x2f, 0x65, 0x6e, 0x63, 0x2f, 0x65, 0x72, 0x62, 0x5f, 0x63, 0x6f, 0x6e, 0x76, 0x33, 0x2f,
    0x65, 0x72, 0x62, 0x5f, 0x63, 0x6f, 0x6e, 0x76, 0x33, 0x2e, 0x33, 0x2f, 0x52, 0x65, 0x6c, 0x75,
    0x5f, 0x6f, 0x75, 0x74, 0x70, 0x75, 0x74, 0x5f, 0x30, 0x1a, 0x1f, 0x2f, 0x65, 0x6e, 0x63, 0x2f,
    0x65, 0x72, 0x62, 0x5f, 0x63, 0x6f, 0x6e, 0x76, 0x33, 0x2f, 0x65, 0x72, 0x62, 0x5f, 0x63, 0x6f,
    0x6e, 0x76, 0x33, 0x2e, 0x33, 0x2f, 0x52, 0x65, 0x6c, 0x75, 0x22, 0x04, 0x52, 0x65, 0x6c, 0x75,
    0x0a, 0x53, 0x0a, 0x0a, 0x73, 0x70, 0x65, 0x63, 0x5f, 0x63, 0x61, 0x63, 0x68, 0x65, 0x0a, 0x09,
    0x66, 0x65, 0x61, 0x74, 0x5f, 0x73, 0x70, 0x65, 0x63, 0x12, 0x25, 0x2f, 0x65, 0x6e, 0x63, 0x2f,
    0x64, 0x66, 0x5f, 0x63, 0x6f, 0x6e, 0x76, 0x30, 0x2f, 0x64, 0x66, 0x5f, 0x63, 0x6f, 0x6e, 0x76,
    0x30, 0x2e, 0x30, 0x2f, 0x50, 0x61, 0x64, 0x5f, 0x6f, 0x75, 0x74, 0x70, 0x75, 0x74, 0x5f, 0x30,
    0x22, 0x06, 0x43, 0x6f, 0x6e, 0x63, 0x61, 0x74, 0x2a, 0x0b, 0x0a, 0x04, 0x61, 0x78, 0x69, 0x73,
    0x18, 0x02, 0xa0, 0x01, 0x02, 0x0a, 0xe9, 0x01, 0x0a, 0x25, 0x2f, 0x65, 0x6e, 0x63, 0x2f, 0x64,
    0x66, 0x5f, 0x63, 0x6f, 0x6e, 0x76, 0x30, 0x2f, 0x64, 0x66, 0x5f, 0x63, 0x6f, 0x6e, 0x76, 0x30,
    0x2e, 0x30, 0x2f, 0x50, 0x61, 0x64, 0x5f, 0x6f, 0x75, 0x74, 0x70, 0x75, 0x74, 0x5f, 0x30, 0x0a,
    0x15, 0x65, 0x6e, 0x63, 0x2e, 0x64, 0x66, 0x5f, 0x63, 0x6f, 0x6e, 0x76, 0x30, 0x2e, 0x31, 0x2e,
    0x77, 0x65, 0x69, 0x67, 0x68, 0x74, 0x12, 0x26, 0x2f, 0x65, 0x6e, 0x63, 0x2f, 0x64, 0x66, 0x5f,
    0x63, 0x6f, 0x6e, 0x76, 0x30, 0x2f, 0x64, 0x66, 0x5f, 0x63, 0x6f, 0x6e, 0x76, 0x30, 0x2e, 0x31,
    0x2f, 0x43, 0x6f, 0x6e, 0x76, 0x5f, 0x6f, 0x75, 0x74, 0x70, 0x75, 0x74, 0x5f, 0x30, 0x1a, 0x1d,
    0x2f, 0x65, 0x6e, 0x63, 0x2f, 0x64, 0x66, 0x5f, 0x63, 0x6f, 0x6e, 0x76, 0x30, 0x2f, 0x64, 0x66,
    0x5f, 0x63, 0x6f, 0x6e, 0x76, 0x30, 0x2e, 0x31, 0x2f, 0x43, 0x6f, 0x6e, 0x76, 0x22, 0x04, 0x43,
    0x6f, 0x6e, 0x76, 0x2a, 0x12, 0x0a, 0x09, 0x64, 0x69, 0x6c, 0x61, 0x74, 0x69, 0x6f, 0x6e, 0x73,
    0x40, 0x01, 0x40, 0x01, 0xa0, 0x01, 0x07, 0x2a, 0x0c, 0x0a, 0x05, 0x67, 0x72, 0x6f, 0x75, 0x70,
    0x18, 0x02, 0xa0, 0x01, 0x02, 0x2a, 0x15, 0x0a, 0x0c, 0x6b, 0x65, 0x72, 0x6e, 0x65, 0x6c, 0x5f,
    0x73, 0x68, 0x61, 0x70, 0x65, 0x40, 0x03, 0x40, 0x03, 0xa0, 0x01, 0x07, 0x2a, 0x11, 0x0a, 0x04,
    0x70, 0x61, 0x64, 0x73, 0x40, 0x00, 0x40, 0x01, 0x40, 0x00, 0x40, 0x01, 0xa0, 0x01, 0x07, 0x2a,
    0x10, 0x0a, 0x07, 0x73, 0x74, 0x72, 0x69, 0x64, 0x65, 0x73, 0x40, 0x01, 0x40, 0x01, 0xa0, 0x01,
    0x07, 0x0a, 0xf5, 0x01, 0x0a, 0x26, 0x2f, 0x65, 0x6e, 0x63, 0x2f, 0x64, 0x66, 0x5f, 0x63, 0x6f,
    0x6e, 0x76, 0x30, 0x2f, 0x64, 0x66, 0x5f, 0x63, 0x6f, 0x6e, 0x76, 0x30, 0x2e, 0x31, 0x2f, 0x43,
    0x6f, 0x6e, 0x76, 0x5f, 0x6f, 0x75, 0x74, 0x70, 0x75, 0x74, 0x5f, 0x30, 0x0a, 0x0f, 0x6f, 0x6e,
    0x6e, 0x78, 0x3a, 0x3a, 0x43, 0x6f, 0x6e, 0x76, 0x5f, 0x31, 0x30, 0x31, 0x30, 0x0a, 0x0f, 0x6f,
    0x6e, 0x6e, 0x78, 0x3a, 0x3a, 0x43, 0x6f, 0x6e, 0x76, 0x5f, 0x31, 0x30, 0x31, 0x31, 0x12, 0x26,
    0x2f, 0x65, 0x6e, 0x63, 0x2f, 0x64, 0x66, 0x5f, 0x63, 0x6f, 0x6e, 0x76, 0x30, 0x2f, 0x64, 0x66,
    0x5f, 0x63, 0x6f, 0x6e, 0x76, 0x30, 0x2e, 0x32, 0x2f, 0x43, 0x6f, 0x6e, 0x76, 0x5f, 0x6f, 0x75,
    0x74, 0x70, 0x75, 0x74, 0x5f, 0x30, 0x1a, 0x1d, 0x2f, 0x65, 0x6e, 0x63, 0x2f, 0x64, 0x66, 0x5f,
    0x63, 0x6f, 0x6e, 0x76, 0x30, 0x2f, 0x64, 0x66, 0x5f, 0x63, 0x6f, 0x6e, 0x76, 0x30, 0x2e, 0x32,
    0x2f, 0x43, 0x6f, 0x6e, 0x76, 0x22, 0x04, 0x43, 0x6f, 0x6e, 0x76, 0x2a, 0x12, 0x0a, 0x09, 0x64,
    0x69, 0x6c, 0x61, 0x74, 0x69, 0x6f, 0x6e, 0x73, 0x40, 0x01, 0x40, 0x01, 0xa0, 0x01, 0x07, 0x2a,
    0x0c, 0x0a, 0x05, 0x67, 0x72, 0x6f, 0x75, 0x70, 0x18, 0x01, 0xa0, 0x01, 0x02, 0x2a, 0x15, 0x0a,
    0x0c, 0x6b, 0x65, 0x72, 0x6e, 0x65, 0x6c, 0x5f, 0x73, 0x68, 0x61, 0x70, 0x65, 0x40, 0x01, 0x40,
    0x01, 0xa0, 0x01, 0x07, 0x2a, 0x11, 0x0a, 0x04, 0x70, 0x61, 0x64, 0x73, 0x40, 0x00, 0x40, 0x00,
    0x40, 0x00, 0x40, 0x00, 0xa0, 0x01, 0x07, 0x2a, 0x10, 0x0a, 0x07, 0x73, 0x74, 0x72, 0x69, 0x64,
    0x65, 0x73, 0x40, 0x01, 0x40, 0x01, 0xa0, 0x01, 0x07, 0x0a, 0x75, 0x0a, 0x26, 0x2f, 0x65, 0x6e,
    0x63, 0x2f, 0x64, 0x66, 0x5f, 0x63, 0x6f, 0x6e, 0x76, 0x30, 0x2f, 0x64, 0x66, 0x5f, 0x63, 0x6f,
    0x6e, 0x76, 0x30, 0x2e, 0x32, 0x2f, 0x43, 0x6f, 0x6e, 0x76, 0x5f, 0x6f, 0x75, 0x74, 0x70, 0x75,
    0x74, 0x5f, 0x30, 0x12, 0x26, 0x2f, 0x65, 0x6e, 0x63, 0x2f, 0x64, 0x66, 0x5f, 0x63, 0x6f, 0x6e,
    0x76, 0x30, 0x2f, 0x64, 0x66, 0x5f, 0x63, 0x6f, 0x6e, 0x76, 0x30, 0x2e, 0x34, 0x2f, 0x52, 0x65,
    0x6c, 0x75, 0x5f, 0x6f, 0x75, 0x74, 0x70, 0x75, 0x74, 0x5f, 0x30, 0x1a, 0x1d, 0x2f, 0x65, 0x6e,
    0x63, 0x2f, 0x64, 0x66, 0x5f, 0x63, 0x6f, 0x6e, 0x76, 0x30, 0x2f, 0x64, 0x66, 0x5f, 0x63, 0x6f,
    0x6e, 0x76, 0x30, 0x2e, 0x34, 0x2f, 0x52, 0x65, 0x6c, 0x75, 0x22, 0x04, 0x52, 0x65, 0x6c, 0x75,
    0x0a, 0xea, 0x01, 0x0a, 0x26, 0x2f, 0x65, 0x6e, 0x63, 0x2f, 0x64, 0x66, 0x5f, 0x63, 0x6f, 0x6e,
    0x76, 0x30, 0x2f, 0x64, 0x66, 0x5f, 0x63, 0x6f, 0x6e, 0x76, 0x30, 0x2e, 0x34, 0x2f, 0x52, 0x65,
    0x6c, 0x75, 0x5f, 0x6f, 0x75, 0x74, 0x70, 0x75, 0x74, 0x5f, 0x30, 0x0a, 0x15, 0x65, 0x6e, 0x63,
    0x2e, 0x64, 0x66, 0x5f, 0x63, 0x6f, 0x6e, 0x76, 0x31, 0x2e, 0x30, 0x2e, 0x77, 0x65, 0x69, 0x67,
    0x68, 0x74, 0x12, 0x26, 0x2f, 0x65, 0x6e, 0x63, 0x2f, 0x64, 0x66, 0x5f, 0x63, 0x6f, 0x6e, 0x76,
    0x31, 0x2f, 0x64, 0x66, 0x5f, 0x63, 0x6f, 0x6e, 0x76, 0x31, 0x2e, 0x30, 0x2f, 0x43, 0x6f, 0x6e,
    0x76, 0x5f, 0x6f, 0x75, 0x74, 0x70, 0x75, 0x74, 0x5f, 0x30, 0x1a, 0x1d, 0x2f, 0x65, 0x6e, 0x63,
    0x2f, 0x64, 0x66, 0x5f, 0x63, 0x6f, 0x6e, 0x76, 0x31, 0x2f, 0x64, 0x66, 0x5f, 0x63, 0x6f, 0x6e,
    0x76, 0x31, 0x2e, 0x30, 0x2f, 0x43, 0x6f, 0x6e, 0x76, 0x22, 0x04, 0x43, 0x6f, 0x6e, 0x76, 0x2a,
    0x12, 0x0a, 0x09, 0x64, 0x69, 0x6c, 0x61, 0x74, 0x69, 0x6f, 0x6e, 0x73, 0x40, 0x01, 0x40, 0x01,
    0xa0, 0x01, 0x07, 0x2a, 0x0c, 0x0a, 0x05, 0x67, 0x72, 0x6f, 0x75, 0x70, 0x18, 0x40, 0xa0, 0x01,
    0x02, 0x2a, 0x15, 0x0a, 0x0c, 0x6b, 0x65, 0x72, 0x6e, 0x65, 0x6c, 0x5f, 0x73, 0x68, 0x61, 0x70,
    0x65, 0x40, 0x01, 0x40, 0x03, 0xa0, 0x01, 0x07, 0x2a, 0x11, 0x0a, 0x04, 0x70, 0x61, 0x64, 0x73,
    0x40, 0x00, 0x40, 0x01, 0x40, 0x00, 0x40, 0x01, 0xa0, 0x01, 0x07, 0x2a, 0x10, 0x0a, 0x07, 0x73,
    0x74, 0x72, 0x69, 0x64, 0x65, 0x73, 0x40, 0x01, 0x40, 0x02, 0xa0, 0x01, 0x07, 0x0a, 0xf5, 0x01,
    0x0a, 0x26, 0x2f, 0x65, 0x6e, 0x63, 0x2f, 0x64, 0x66, 0x5f, 0x63, 0x6f, 0x6e, 0x76, 0x31, 0x2f,
    0x64, 0x66, 0x5f, 0x63, 0x6f, 0x6e, 0x76, 0x31, 0x2e, 0x30, 0x2f, 0x43, 0x6f, 0x6e, 0x76, 0x5f,
    0x6f, 0x75, 0x74, 0x70, 0x75, 0x74, 0x5f, 0x30, 0x0a, 0x0f, 0x6f, 0x6e, 0x6e, 0x78, 0x3a, 0x3a,
    0x43, 0x6f, 0x6e, 0x76, 0x5f, 0x31, 0x30, 0x31, 0x33, 0x0a, 0x0f, 0x6f, 0x6e, 0x6e, 0x78, 0x3a,
    0x3a, 0x43, 0x6f, 0x6e, 0x76, 0x5f, 0x31, 0x30, 0x31, 0x34, 0x12, 0x26, 0x2f, 0x65, 0x6e, 0x63,
    0x2f, 0x64, 0x66, 0x5f, 0x63, 0x6f, 0x6e, 0x76, 0x31, 0x2f, 0x64, 0x66, 0x5f, 0x63, 0x6f, 0x6e,
    0x76, 0x31, 0x2e, 0x31, 0x2f, 0x43, 0x6f, 0x6e, 0x76, 0x5f, 0x6f, 0x75, 0x74, 0x70, 0x75, 0x74,
    0x5f, 0x30, 0x1a, 0x1d, 0x2f, 0x65, 0x6e, 0x63, 0x2f, 0x64, 0x66, 0x5f, 0x63, 0x6f, 0x6e, 0x76,
    0x31, 0x2f, 0x64, 0x66, 0x5f, 0x63, 0x6f, 0x6e, 0x76, 0x31, 0x2e, 0x31, 0x2f, 0x43, 0x6f, 0x6e,
    0x76, 0x22, 0x04, 0x43, 0x6f, 0x6e, 0x76, 0x2a, 0x12, 0x0a, 0x09, 0x64, 0x69, 0x6c, 0x61, 0x74,
    0x69, 0x6f, 0x6e, 0x73, 0x40, 0x01, 0x40, 0x01, 0xa0, 0x01, 0x07, 0x2a, 0x0c, 0x0a, 0x05, 0x67,
    0x72, 0x6f, 0x75, 0x70, 0x18, 0x01, 0xa0, 0x01, 0x02, 0x2a, 0x15, 0x0a, 0x0c, 0x6b, 0x65, 0x72,
    0x6e, 0x65, 0x6c, 0x5f, 0x73, 0x68, 0x61, 0x70, 0x65, 0x40, 0x01, 0x40, 0x01, 0xa0, 0x01, 0x07,
    0x2a, 0x11, 0x0a, 0x04, 0x70, 0x61, 0x64, 0x73, 0x40, 0x00, 0x40, 0x00, 0x40, 0x00, 0x40, 0x00,
    0xa0, 0x01, 0x07, 0x2a, 0x10, 0x0a, 0x07, 0x73, 0x74, 0x72, 0x69, 0x64, 0x65, 0x73, 0x40, 0x01,
    0x40, 0x01, 0xa0, 0x01, 0x07, 0x0a, 0x75, 0x0a, 0x26, 0x2f, 0x65, 0x6e, 0x63, 0x2f, 0x64, 0x66,
    0x5f, 0x63, 0x6f, 0x6e, 0x76, 0x31, 0x2f, 0x64, 0x66, 0x5f, 0x63, 0x6f, 0x6e, 0x76, 0x31, 0x2e,
    0x31, 0x2f, 0x43, 0x6f, 0x6e, 0x76, 0x5f, 0x6f, 0x75, 0x74, 0x70, 0x75, 0x74, 0x5f, 0x30, 0x12,
    0x26, 0x2f, 0x65, 0x6e, 0x63, 0x2f, 0x64, 0x66, 0x5f, 0x63, 0x6f, 0x6e, 0x76, 0x31, 0x2f, 0x64,
    0x66, 0x5f, 0x63, 0x6f, 0x6e, 0x76, 0x31, 0x2e, 0x33, 0x2f, 0x52, 0x65, 0x6c, 0x75, 0x5f, 0x6f,
    0x75, 0x74, 0x70, 0x75, 0x74, 0x5f, 0x30, 0x1a, 0x1d, 0x2f, 0x65, 0x6e, 0x63, 0x2f, 0x64, 0x66,
    0x5f, 0x63, 0x6f, 0x6e, 0x76, 0x31, 0x2f, 0x64, 0x66, 0x5f, 0x63, 0x6f, 0x6e, 0x76, 0x31, 0x2e,
    0x33, 0x2f, 0x52, 0x65, 0x6c, 0x75, 0x22, 0x04, 0x52, 0x65, 0x6c, 0x75, 0x0a, 0x6f, 0x0a, 0x26,
    0x2f, 0x65, 0x6e, 0x63, 0x2f, 0x64, 0x66, 0x5f, 0x63, 0x6f, 0x6e, 0x76, 0x31, 0x2f, 0x64, 0x66,
    0x5f, 0x63, 0x6f, 0x6e, 0x76, 0x31, 0x2e, 0x33, 0x2f, 0x52, 0x65, 0x6c, 0x75, 0x5f, 0x6f, 0x75,
    0x74, 0x70, 0x75, 0x74, 0x5f, 0x30, 0x12, 0x17, 0x2f, 0x65, 0x6e, 0x63, 0x2f, 0x54, 0x72, 0x61,
    0x6e, 0x73, 0x70, 0x6f, 0x73, 0x65, 0x5f, 0x6f, 0x75, 0x74, 0x70, 0x75, 0x74, 0x5f, 0x30, 0x1a,
    0x0e, 0x2f, 0x65, 0x6e, 0x63, 0x2f, 0x54, 0x72, 0x61, 0x6e, 0x73, 0x70, 0x6f, 0x73, 0x65, 0x22,
    0x09, 0x54, 0x72, 0x61, 0x6e, 0x73, 0x70, 0x6f, 0x73, 0x65, 0x2a, 0x11, 0x0a, 0x04, 0x70, 0x65,
    0x72, 0x6d, 0x40, 0x00, 0x40, 0x02, 0x40, 0x03, 0x40, 0x01, 0xa0, 0x01, 0x07, 0x0a, 0x41, 0x0a,
    0x17, 0x2f, 0x65, 0x6e, 0x63, 0x2f, 0x54, 0x72, 0x61, 0x6e, 0x73, 0x70, 0x6f, 0x73, 0x65, 0x5f,
    0x6f, 0x75, 0x74, 0x70, 0x75, 0x74, 0x5f, 0x30, 0x12, 0x13, 0x2f, 0x65, 0x6e, 0x63, 0x2f, 0x53,
    0x68, 0x61, 0x70, 0x65, 0x5f, 0x6f, 0x75, 0x74, 0x70, 0x75, 0x74, 0x5f, 0x30, 0x1a, 0x0a, 0x2f,
    0x65, 0x6e, 0x63, 0x2f, 0x53, 0x68, 0x61, 0x70, 0x65, 0x22, 0x05, 0x53, 0x68, 0x61, 0x70, 0x65,
    0x0a, 0x4d, 0x12, 0x16, 0x2f, 0x65, 0x6e, 0x63, 0x2f, 0x43, 0x6f, 0x6e, 0x73, 0x74, 0x61, 0x6e,
    0x74, 0x5f, 0x6f, 0x75, 0x74, 0x70, 0x75, 0x74, 0x5f, 0x30, 0x1a, 0x0d, 0x2f, 0x65, 0x6e, 0x63,
    0x2f, 0x43, 0x6f, 0x6e, 0x73, 0x74, 0x61, 0x6e, 0x74, 0x22, 0x08, 0x43, 0x6f, 0x6e, 0x73, 0x74,
    0x61, 0x6e, 0x74, 0x2a, 0x1a, 0x0a, 0x05, 0x76, 0x61, 0x6c, 0x75, 0x65, 0x2a, 0x0e, 0x08, 0x01,
    0x10, 0x07, 0x4a, 0x08, 0x00, 0x00, 0x00, 0x00, 0x00, 0x00, 0x00, 0x00, 0xa0, 0x01, 0x04, 0x0a,
    0x51, 0x12, 0x18, 0x2f, 0x65, 0x6e, 0x63, 0x2f, 0x43, 0x6f, 0x6e, 0x73, 0x74, 0x61, 0x6e, 0x74,
    0x5f, 0x31, 0x5f, 0x6f, 0x75, 0x74, 0x70, 0x75, 0x74, 0x5f, 0x30, 0x1a, 0x0f, 0x2f, 0x65, 0x6e,
    0x63, 0x2f, 0x43, 0x6f, 0x6e, 0x73, 0x74, 0x61, 0x6e, 0x74, 0x5f, 0x31, 0x22, 0x08, 0x43, 0x6f,
    0x6e, 0x73, 0x74, 0x61, 0x6e, 0x74, 0x2a, 0x1a, 0x0a, 0x05, 0x76, 0x61, 0x6c, 0x75, 0x65, 0x2a,
    0x0e, 0x08, 0x01, 0x10, 0x07, 0x4a, 0x08, 0x00, 0x00, 0x00, 0x00, 0x00, 0x00, 0x00, 0x00, 0xa0,
    0x01, 0x04, 0x0a, 0x51, 0x12, 0x18, 0x2f, 0x65, 0x6e, 0x63, 0x2f, 0x43, 0x6f, 0x6e, 0x73, 0x74,
    0x61, 0x6e, 0x74, 0x5f, 0x32, 0x5f, 0x6f, 0x75, 0x74, 0x70, 0x75, 0x74, 0x5f, 0x30, 0x1a, 0x0f,
    0x2f, 0x65, 0x6e, 0x63, 0x2f, 0x43, 0x6f, 0x6e, 0x73, 0x74, 0x61, 0x6e, 0x74, 0x5f, 0x32, 0x22,
    0x08, 0x43, 0x6f, 0x6e, 0x73, 0x74, 0x61, 0x6e, 0x74, 0x2a, 0x1a, 0x0a, 0x05, 0x76, 0x61, 0x6c,
    0x75, 0x65, 0x2a, 0x0e, 0x08, 0x01, 0x10, 0x07, 0x4a, 0x08, 0x02, 0x00, 0x00, 0x00, 0x00, 0x00,
    0x00, 0x00, 0xa0, 0x01, 0x04, 0x0a, 0x89, 0x01, 0x0a, 0x13, 0x2f, 0x65, 0x6e, 0x63, 0x2f, 0x53,
    0x68, 0x61, 0x70, 0x65, 0x5f, 0x6f, 0x75, 0x74, 0x70, 0x75, 0x74, 0x5f, 0x30, 0x0a, 0x18, 0x2f,
    0x65, 0x6e, 0x63, 0x2f, 0x43, 0x6f, 0x6e, 0x73, 0x74, 0x61, 0x6e, 0x74, 0x5f, 0x31, 0x5f, 0x6f,
    0x75, 0x74, 0x70, 0x75, 0x74, 0x5f, 0x30, 0x0a, 0x18, 0x2f, 0x65, 0x6e, 0x63, 0x2f, 0x43, 0x6f,
    0x6e, 0x73, 0x74, 0x61, 0x6e, 0x74, 0x5f, 0x32, 0x5f, 0x6f, 0x75, 0x74, 0x70, 0x75, 0x74, 0x5f,
    0x30, 0x0a, 0x16, 0x2f, 0x65, 0x6e, 0x63, 0x2f, 0x43, 0x6f, 0x6e, 0x73, 0x74, 0x61, 0x6e, 0x74,
    0x5f, 0x6f, 0x75, 0x74, 0x70, 0x75, 0x74, 0x5f, 0x30, 0x12, 0x13, 0x2f, 0x65, 0x6e, 0x63, 0x2f,
    0x53, 0x6c, 0x69, 0x63, 0x65, 0x5f, 0x6f, 0x75, 0x74, 0x70, 0x75, 0x74, 0x5f, 0x30, 0x1a, 0x0a,
    0x2f, 0x65, 0x6e, 0x63, 0x2f, 0x53, 0x6c, 0x69, 0x63, 0x65, 0x22, 0x05, 0x53, 0x6c, 0x69, 0x63,
    0x65, 0x0a, 0x51, 0x12, 0x18, 0x2f, 0x65, 0x6e, 0x63, 0x2f, 0x43, 0x6f, 0x6e, 0x73, 0x74, 0x61,
    0x6e, 0x74, 0x5f, 0x33, 0x5f, 0x6f, 0x75, 0x74, 0x70, 0x75, 0x74, 0x5f, 0x30, 0x1a, 0x0f, 0x2f,
    0x65, 0x6e, 0x63, 0x2f, 0x43, 0x6f, 0x6e, 0x73, 0x74, 0x61, 0x6e, 0x74, 0x5f, 0x33, 0x22, 0x08,
    0x43, 0x6f, 0x6e, 0x73, 0x74, 0x61, 0x6e, 0x74, 0x2a, 0x1a, 0x0a, 0x05, 0x76, 0x61, 0x6c, 0x75,
    0x65, 0x2a, 0x0e, 0x08, 0x01, 0x10, 0x07, 0x4a, 0x08, 0xff, 0xff, 0xff, 0xff, 0xff, 0xff, 0xff,
    0xff, 0xa0, 0x01, 0x04, 0x0a, 0x67, 0x0a, 0x13, 0x2f, 0x65, 0x6e, 0x63, 0x2f, 0x53, 0x6c, 0x69,
    0x63, 0x65, 0x5f, 0x6f, 0x75, 0x74, 0x70, 0x75, 0x74, 0x5f, 0x30, 0x0a, 0x18, 0x2f, 0x65, 0x6e,
    0x63, 0x2f, 0x43, 0x6f, 0x6e, 0x73, 0x74, 0x61, 0x6e, 0x74, 0x5f, 0x33, 0x5f, 0x6f, 0x75, 0x74,
    0x70, 0x75, 0x74, 0x5f, 0x30, 0x12, 0x14, 0x2f, 0x65, 0x6e, 0x63, 0x2f, 0x43, 0x6f, 0x6e, 0x63,
    0x61, 0x74, 0x5f, 0x6f, 0x75, 0x74, 0x70, 0x75, 0x74, 0x5f, 0x30, 0x1a, 0x0b, 0x2f, 0x65, 0x6e,
    0x63, 0x2f, 0x43, 0x6f, 0x6e, 0x63, 0x61, 0x74, 0x22, 0x06, 0x43, 0x6f, 0x6e, 0x63, 0x61, 0x74,
    0x2a, 0x0b, 0x0a, 0x04, 0x61, 0x78, 0x69, 0x73, 0x18, 0x00, 0xa0, 0x01, 0x02, 0x0a, 0x6f, 0x0a,
    0x17, 0x2f, 0x65, 0x6e, 0x63, 0x2f, 0x54, 0x72, 0x61, 0x6e, 0x73, 0x70, 0x6f, 0x73, 0x65, 0x5f,
    0x6f, 0x75, 0x74, 0x70, 0x75, 0x74, 0x5f, 0x30, 0x0a, 0x14, 0x2f, 0x65, 0x6e, 0x63, 0x2f, 0x43,
    0x6f, 0x6e, 0x63, 0x61, 0x74, 0x5f, 0x6f, 0x75, 0x74, 0x70, 0x75, 0x74, 0x5f, 0x30, 0x12, 0x15,
    0x2f, 0x65, 0x6e, 0x63, 0x2f, 0x52, 0x65, 0x73, 0x68, 0x61, 0x70, 0x65, 0x5f, 0x6f, 0x75, 0x74,
    0x70, 0x75, 0x74, 0x5f, 0x30, 0x1a, 0x0c, 0x2f, 0x65, 0x6e, 0x63, 0x2f, 0x52, 0x65, 0x73, 0x68,
    0x61, 0x70, 0x65, 0x22, 0x07, 0x52, 0x65, 0x73, 0x68, 0x61, 0x70, 0x65, 0x2a, 0x10, 0x0a, 0x09,
    0x61, 0x6c, 0x6c, 0x6f, 0x77, 0x7a, 0x65, 0x72, 0x6f, 0x18, 0x00, 0xa0, 0x01, 0x02, 0x0a, 0x6b,
    0x0a, 0x15, 0x2f, 0x65, 0x6e, 0x63, 0x2f, 0x52, 0x65, 0x73, 0x68, 0x61, 0x70, 0x65, 0x5f, 0x6f,
    0x75, 0x74, 0x70, 0x75, 0x74, 0x5f, 0x30, 0x12, 0x29, 0x2f, 0x65, 0x6e, 0x63, 0x2f, 0x64, 0x66,
    0x5f, 0x66, 0x63, 0x5f, 0x65, 0x6d, 0x62, 0x2f, 0x64, 0x66, 0x5f, 0x66, 0x63, 0x5f, 0x65, 0x6d,
    0x62, 0x2e, 0x30, 0x2f, 0x53, 0x68, 0x61, 0x70, 0x65, 0x5f, 0x6f, 0x75, 0x74, 0x70, 0x75, 0x74,
    0x5f, 0x30, 0x1a, 0x20, 0x2f, 0x65, 0x6e, 0x63, 0x2f, 0x64, 0x66, 0x5f, 0x66, 0x63, 0x5f, 0x65,
    0x6d, 0x62, 0x2f, 0x64, 0x66, 0x5f, 0x66, 0x63, 0x5f, 0x65, 0x6d, 0x62, 0x2e, 0x30, 0x2f, 0x53,
    0x68, 0x61, 0x70, 0x65, 0x22, 0x05, 0x53, 0x68, 0x61, 0x70, 0x65, 0x0a, 0x77, 0x12, 0x2c, 0x2f,
    0x65, 0x6e, 0x63, 0x2f, 0x64, 0x66, 0x5f, 0x66, 0x63, 0x5f, 0x65, 0x6d, 0x62, 0x2f, 0x64, 0x66,
    0x5f, 0x66, 0x63, 0x5f, 0x65, 0x6d, 0x62, 0x2e, 0x30, 0x2f, 0x43, 0x6f, 0x6e, 0x73, 0x74, 0x61,
    0x6e, 0x74, 0x5f, 0x6f, 0x75, 0x74, 0x70, 0x75, 0x74, 0x5f, 0x30, 0x1a, 0x23, 0x2f, 0x65, 0x6e,
    0x63, 0x2f, 0x64, 0x66, 0x5f, 0x66, 0x63, 0x5f, 0x65, 0x6d, 0x62, 0x2f, 0x64, 0x66, 0x5f, 0x66,
    0x63, 0x5f, 0x65, 0x6d, 0x62, 0x2e, 0x30, 0x2f, 0x43, 0x6f, 0x6e, 0x73, 0x74, 0x61, 0x6e, 0x74,
    0x22, 0x08, 0x43, 0x6f, 0x6e, 0x73, 0x74, 0x61, 0x6e, 0x74, 0x2a, 0x18, 0x0a, 0x05, 0x76, 0x61,
    0x6c, 0x75, 0x65, 0x2a, 0x0c, 0x10, 0x07, 0x4a, 0x08, 0x00, 0x00, 0x00, 0x00, 0x00, 0x00, 0x00,
    0x00, 0xa0, 0x01, 0x04, 0x0a, 0xbd, 0x01, 0x0a, 0x29, 0x2f, 0x65, 0x6e, 0x63, 0x2f, 0x64, 0x66,
    0x5f, 0x66, 0x63, 0x5f, 0x65, 0x6d, 0x62, 0x2f, 0x64, 0x66, 0x5f, 0x66, 0x63, 0x5f, 0x65, 0x6d,
    0x62, 0x2e, 0x30, 0x2f, 0x53, 0x68, 0x61, 0x70, 0x65, 0x5f, 0x6f, 0x75, 0x74, 0x70, 0x75, 0x74,
    0x5f, 0x30, 0x0a, 0x2c, 0x2f, 0x65, 0x6e, 0x63, 0x2f, 0x64, 0x66, 0x5f, 0x66, 0x63, 0x5f, 0x65,
    0x6d, 0x62, 0x2f, 0x64, 0x66, 0x5f, 0x66, 0x63, 0x5f, 0x65, 0x6d, 0x62, 0x2e, 0x30, 0x2f, 0x43,
    0x6f, 0x6e, 0x73, 0x74, 0x61, 0x6e, 0x74, 0x5f, 0x6f, 0x75, 0x74, 0x70, 0x75, 0x74, 0x5f, 0x30,
    0x12, 0x2a, 0x2f, 0x65, 0x6e, 0x63, 0x2f, 0x64, 0x66, 0x5f, 0x66, 0x63, 0x5f, 0x65, 0x6d, 0x62,
    0x2f, 0x64, 0x66, 0x5f, 0x66, 0x63, 0x5f, 0x65, 0x6d, 0x62, 0x2e, 0x30, 0x2f, 0x47, 0x61, 0x74,
    0x68, 0x65, 0x72, 0x5f, 0x6f, 0x75, 0x74, 0x70, 0x75, 0x74, 0x5f, 0x30, 0x1a, 0x21, 0x2f, 0x65,
    0x6e, 0x63, 0x2f, 0x64, 0x66, 0x5f, 0x66, 0x63, 0x5f, 0x65, 0x6d, 0x62, 0x2f, 0x64, 0x66, 0x5f,
    0x66, 0x63, 0x5f, 0x65, 0x6d, 0x62, 0x2e, 0x30, 0x2f, 0x47, 0x61, 0x74, 0x68, 0x65, 0x72, 0x22,
    0x06, 0x47, 0x61, 0x74, 0x68, 0x65, 0x72, 0x2a, 0x0b, 0x0a, 0x04, 0x61, 0x78, 0x69, 0x73, 0x18,
    0x00, 0xa0, 0x01, 0x02, 0x0a, 0x6f, 0x0a, 0x15, 0x2f, 0x65, 0x6e, 0x63, 0x2f, 0x52, 0x65, 0x73,
    0x68, 0x61, 0x70, 0x65, 0x5f, 0x6f, 0x75, 0x74, 0x70, 0x75, 0x74, 0x5f, 0x30, 0x12, 0x2b, 0x2f,
    0x65, 0x6e, 0x63, 0x2f, 0x64, 0x66, 0x5f, 0x66, 0x63, 0x5f, 0x65, 0x6d, 0x62, 0x2f, 0x64, 0x66,
    0x5f, 0x66, 0x63, 0x5f, 0x65, 0x6d, 0x62, 0x2e, 0x30, 0x2f, 0x53, 0x68, 0x61, 0x70, 0x65, 0x5f,
    0x31, 0x5f, 0x6f, 0x75, 0x74, 0x70, 0x75, 0x74, 0x5f, 0x30, 0x1a, 0x22, 0x2f, 0x65, 0x6e, 0x63,
    0x2f, 0x64, 0x66, 0x5f, 0x66, 0x63, 0x5f, 0x65, 0x6d, 0x62, 0x2f, 0x64, 0x66, 0x5f, 0x66, 0x63,
    0x5f, 0x65, 0x6d, 0x62, 0x2e, 0x30, 0x2f, 0x53, 0x68, 0x61, 0x70, 0x65, 0x5f, 0x31, 0x22, 0x05,
    0x53, 0x68, 0x61, 0x70, 0x65, 0x0a, 0x7b, 0x12, 0x2e, 0x2f, 0x65, 0x6e, 0x63, 0x2f, 0x64, 0x66,
    0x5f, 0x66, 0x63, 0x5f, 0x65, 0x6d, 0x62, 0x2f, 0x64, 0x66, 0x5f, 0x66, 0x63, 0x5f, 0x65, 0x6d,
    0x62, 0x2e, 0x30, 0x2f, 0x43, 0x6f, 0x6e, 0x73, 0x74, 0x61, 0x6e, 0x74, 0x5f, 0x31, 0x5f, 0x6f,
    0x75, 0x74, 0x70, 0x75, 0x74, 0x5f, 0x30, 0x1a, 0x25, 0x2f, 0x65, 0x6e, 0x63, 0x2f, 0x64, 0x66,
    0x5f, 0x66, 0x63, 0x5f, 0x65, 0x6d, 0x62, 0x2f, 0x64, 0x66, 0x5f, 0x66, 0x63, 0x5f, 0x65, 0x6d,
    0x62, 0x2e, 0x30, 0x2f, 0x43, 0x6f, 0x6e, 0x73, 0x74, 0x61, 0x6e, 0x74, 0x5f, 0x31, 0x22, 0x08,
    0x43, 0x6f, 0x6e, 0x73, 0x74, 0x61, 0x6e, 0x74, 0x2a, 0x18, 0x0a, 0x05, 0x76, 0x61, 0x6c, 0x75,
    0x65, 0x2a, 0x0c, 0x10, 0x07, 0x4a, 0x08, 0x01, 0x00, 0x00, 0x00, 0x00, 0x00, 0x00, 0x00, 0xa0,
    0x01, 0x04, 0x0a, 0xc5, 0x01, 0x0a, 0x2b, 0x2f, 0x65, 0x6e, 0x63, 0x2f, 0x64, 0x66, 0x5f, 0x66,
    0x63, 0x5f, 0x65, 0x6d, 0x62, 0x2f, 0x64, 0x66, 0x5f, 0x66, 0x63, 0x5f, 0x65, 0x6d, 0x62, 0x2e,
    0x30, 0x2f, 0x53, 0x68, 0x61, 0x70, 0x65, 0x5f, 0x31, 0x5f, 0x6f, 0x75, 0x74, 0x70, 0x75, 0x74,
    0x5f, 0x30, 0x0a, 0x2e, 0x2f, 0x65, 0x6e, 0x63, 0x2f, 0x64, 0x66, 0x5f, 0x66, 0x63, 0x5f, 0x65,
    0x6d, 0x62, 0x2f, 0x64, 0x66, 0x5f, 0x66, 0x63, 0x5f, 0x65, 0x6d, 0x62, 0x2e, 0x30, 0x2f, 0x43,
    0x6f, 0x6e, 0x73, 0x74, 0x61, 0x6e, 0x74, 0x5f, 0x31, 0x5f, 0x6f, 0x75, 0x74, 0x70, 0x75, 0x74,
    0x5f, 0x30, 0x12, 0x2c, 0x2f, 0x65, 0x6e, 0x63, 0x2f, 0x64, 0x66, 0x5f, 0x66, 0x63, 0x5f, 0x65,
    0x6d, 0x62, 0x2f, 0x64, 0x66, 0x5f, 0x66, 0x63, 0x5f, 0x65, 0x6d, 0x62, 0x2e, 0x30, 0x2f, 0x47,
    0x61, 0x74, 0x68, 0x65, 0x72, 0x5f, 0x31, 0x5f, 0x6f, 0x75, 0x74, 0x70, 0x75, 0x74, 0x5f, 0x30,
    0x1a, 0x23, 0x2f, 0x65, 0x6e, 0x63, 0x2f, 0x64, 0x66, 0x5f, 0x66, 0x63, 0x5f, 0x65, 0x6d, 0x62,
    0x2f, 0x64, 0x66, 0x5f, 0x66, 0x63, 0x5f, 0x65, 0x6d, 0x62, 0x2e, 0x30, 0x2f, 0x47, 0x61, 0x74,
    0x68, 0x65, 0x72, 0x5f, 0x31, 0x22, 0x06, 0x47, 0x61, 0x74, 0x68, 0x65, 0x72, 0x2a, 0x0b, 0x0a,
    0x04, 0x61, 0x78, 0x69, 0x73, 0x18, 0x00, 0xa0, 0x01, 0x02, 0x0a, 0x49, 0x12, 0x13, 0x6f, 0x6e,
    0x6e, 0x78, 0x3a, 0x3a, 0x55, 0x6e, 0x73, 0x71, 0x75, 0x65, 0x65, 0x7a, 0x65, 0x5f, 0x32, 0x38,
    0x39, 0x1a, 0x0c, 0x43, 0x6f, 0x6e, 0x73, 0x74, 0x61, 0x6e, 0x74, 0x5f, 0x32, 0x39, 0x37, 0x22,
    0x08, 0x43, 0x6f, 0x6e, 0x73, 0x74, 0x61, 0x6e, 0x74, 0x2a, 0x1a, 0x0a, 0x05, 0x76, 0x61, 0x6c,
    0x75, 0x65, 0x2a, 0x0e, 0x08, 0x01, 0x10, 0x07, 0x4a, 0x08, 0x00, 0x00, 0x00, 0x00, 0x00, 0x00,
    0x00, 0x00, 0xa0, 0x01, 0x04, 0x0a, 0xa1, 0x01, 0x0a, 0x2a, 0x2f, 0x65, 0x6e, 0x63, 0x2f, 0x64,
    0x66, 0x5f, 0x66, 0x63, 0x5f, 0x65, 0x6d, 0x62, 0x2f, 0x64, 0x66, 0x5f, 0x66, 0x63, 0x5f, 0x65,
    0x6d, 0x62, 0x2e, 0x30, 0x2f, 0x47, 0x61, 0x74, 0x68, 0x65, 0x72, 0x5f, 0x6f, 0x75, 0x74, 0x70,
    0x75, 0x74, 0x5f, 0x30, 0x0a, 0x13, 0x6f, 0x6e, 0x6e, 0x78, 0x3a, 0x3a, 0x55, 0x6e, 0x73, 0x71,
    0x75, 0x65, 0x65, 0x7a, 0x65, 0x5f, 0x32, 0x38, 0x39, 0x12, 0x2d, 0x2f, 0x65, 0x6e, 0x63, 0x2f,
    0x64, 0x66, 0x5f, 0x66, 0x63, 0x5f, 0x65, 0x6d, 0x62, 0x2f, 0x64, 0x66, 0x5f, 0x66, 0x63, 0x5f,
    0x65, 0x6d, 0x62, 0x2e, 0x30, 0x2f, 0x55, 0x6e, 0x73, 0x71, 0x75, 0x65, 0x65, 0x7a, 0x65, 0x5f,
    0x6f, 0x75, 0x74, 0x70, 0x75, 0x74, 0x5f, 0x30, 0x1a, 0x24, 0x2f, 0x65, 0x6e, 0x63, 0x2f, 0x64,
    0x66, 0x5f, 0x66, 0x63, 0x5f, 0x65, 0x6d, 0x62, 0x2f, 0x64, 0x66, 0x5f, 0x66, 0x63, 0x5f, 0x65,
    0x6d, 0x62, 0x2e, 0x30, 0x2f, 0x55, 0x6e, 0x73, 0x71, 0x75, 0x65, 0x65, 0x7a, 0x65, 0x22, 0x09,
    0x55, 0x6e, 0x73, 0x71, 0x75, 0x65, 0x65, 0x7a, 0x65, 0x0a, 0x49, 0x12, 0x13, 0x6f, 0x6e, 0x6e,
    0x78, 0x3a, 0x3a, 0x55, 0x6e, 0x73, 0x71, 0x75, 0x65, 0x65, 0x7a, 0x65, 0x5f, 0x32, 0x39, 0x31,
    0x1a, 0x0c, 0x43, 0x6f, 0x6e, 0x73, 0x74, 0x61, 0x6e, 0x74, 0x5f, 0x32, 0x39, 0x39, 0x22, 0x08,
    0x43, 0x6f, 0x6e, 0x73, 0x74, 0x61, 0x6e, 0x74, 0x2a, 0x1a, 0x0a, 0x05, 0x76, 0x61, 0x6c, 0x75,
    0x65, 0x2a, 0x0e, 0x08, 0x01, 0x10, 0x07, 0x4a, 0x08, 0x00, 0x00, 0x00, 0x00, 0x00, 0x00, 0x00,
    0x00, 0xa0, 0x01, 0x04, 0x0a, 0xa7, 0x01, 0x0a, 0x2c, 0x2f, 0x65, 0x6e, 0x63, 0x2f, 0x64, 0x66,
    0x5f, 0x66, 0x63, 0x5f, 0x65, 0x6d, 0x62, 0x2f, 0x64, 0x66, 0x5f, 0x66, 0x63, 0x5f, 0x65, 0x6d,
    0x62, 0x2e, 0x30, 0x2f, 0x47, 0x61, 0x74, 0x68, 0x65, 0x72, 0x5f, 0x31, 0x5f, 0x6f, 0x75, 0x74,
    0x70, 0x75, 0x74, 0x5f, 0x30, 0x0a, 0x13, 0x6f, 0x6e, 0x6e, 0x78, 0x3a, 0x3a, 0x55, 0x6e, 0x73,
    0x71, 0x75, 0x65, 0x65, 0x7a, 0x65, 0x5f, 0x32, 0x39, 0x31, 0x12, 0x2f, 0x2f, 0x65, 0x6e, 0x63,
    0x2f, 0x64, 0x66, 0x5f, 0x66, 0x63, 0x5f, 0x65, 0x6d, 0x62, 0x2f, 0x64, 0x66, 0x5f, 0x66, 0x63,
    0x5f, 0x65, 0x6d, 0x62, 0x2e, 0x30, 0x2f, 0x55, 0x6e, 0x73, 0x71, 0x75, 0x65, 0x65, 0x7a, 0x65,
    0x5f, 0x31, 0x5f, 0x6f, 0x75, 0x74, 0x70, 0x75, 0x74, 0x5f, 0x30, 0x1a, 0x26, 0x2f, 0x65, 0x6e,
    0x63, 0x2f, 0x64, 0x66, 0x5f, 0x66, 0x63, 0x5f, 0x65, 0x6d, 0x62, 0x2f, 0x64, 0x66, 0x5f, 0x66,
    0x63, 0x5f, 0x65, 0x6d, 0x62, 0x2e, 0x30, 0x2f, 0x55, 0x6e, 0x73, 0x71, 0x75, 0x65, 0x65, 0x7a,
    0x65, 0x5f, 0x31, 0x22, 0x09, 0x55, 0x6e, 0x73, 0x71, 0x75, 0x65, 0x65, 0x7a, 0x65, 0x0a, 0x7d,
    0x12, 0x2e, 0x2f, 0x65, 0x6e, 0x63, 0x2f, 0x64, 0x66, 0x5f, 0x66, 0x63, 0x5f, 0x65, 0x6d, 0x62,
    0x2f, 0x64, 0x66, 0x5f, 0x66, 0x63, 0x5f, 0x65, 0x6d, 0x62, 0x2e, 0x30, 0x2f, 0x43, 0x6f, 0x6e,
    0x73, 0x74, 0x61, 0x6e, 0x74, 0x5f, 0x32, 0x5f, 0x6f, 0x75, 0x74, 0x70, 0x75, 0x74, 0x5f, 0x30,
    0x1a, 0x25, 0x2f, 0x65, 0x6e, 0x63, 0x2f, 0x64, 0x66, 0x5f, 0x66, 0x63, 0x5f, 0x65, 0x6d, 0x62,
    0x2f, 0x64, 0x66, 0x5f, 0x66, 0x63, 0x5f, 0x65, 0x6d, 0x62, 0x2e, 0x30, 0x2f, 0x43, 0x6f, 0x6e,
    0x73, 0x74, 0x61, 0x6e, 0x74, 0x5f, 0x32, 0x22, 0x08, 0x43, 0x6f, 0x6e, 0x73, 0x74, 0x61, 0x6e,
    0x74, 0x2a, 0x1a, 0x0a, 0x05, 0x76, 0x61, 0x6c, 0x75, 0x65, 0x2a, 0x0e, 0x08, 0x01, 0x10, 0x07,
    0x4a, 0x08, 0x20, 0x00, 0x00, 0x00, 0x00, 0x00, 0x00, 0x00, 0xa0, 0x01, 0x04, 0x0a, 0x7d, 0x12,
    0x2e, 0x2f, 0x65, 0x6e, 0x63, 0x2f, 0x64, 0x66, 0x5f, 0x66, 0x63, 0x5f, 0x65, 0x6d, 0x62, 0x2f,
    0x64, 0x66, 0x5f, 0x66, 0x63, 0x5f, 0x65, 0x6d, 0x62, 0x2e, 0x30, 0x2f, 0x43, 0x6f, 0x6e, 0x73,
    0x74, 0x61, 0x6e, 0x74, 0x5f, 0x33, 0x5f, 0x6f, 0x75, 0x74, 0x70, 0x75, 0x74, 0x5f, 0x30, 0x1a,
    0x25, 0x2f, 0x65, 0x6e, 0x63, 0x2f, 0x64, 0x66, 0x5f, 0x66, 0x63, 0x5f, 0x65, 0x6d, 0x62, 0x2f,
    0x64, 0x66, 0x5f, 0x66, 0x63, 0x5f, 0x65, 0x6d, 0x62, 0x2e, 0x30, 0x2f, 0x43, 0x6f, 0x6e, 0x73,
    0x74, 0x61, 0x6e, 0x74, 0x5f, 0x33, 0x22, 0x08, 0x43, 0x6f, 0x6e, 0x73, 0x74, 0x61, 0x6e, 0x74,
    0x2a, 0x1a, 0x0a, 0x05, 0x76, 0x61, 0x6c, 0x75, 0x65, 0x2a, 0x0e, 0x08, 0x01, 0x10, 0x07, 0x4a,
    0x08, 0x60, 0x00, 0x00, 0x00, 0x00, 0x00, 0x00, 0x00, 0xa0, 0x01, 0x04, 0x0a, 0xa4, 0x02, 0x0a,
    0x2d, 0x2f, 0x65, 0x6e, 0x63, 0x2f, 0x64, 0x66, 0x5f, 0x66, 0x63, 0x5f, 0x65, 0x6d, 0x62, 0x2f,
    0x64, 0x66, 0x5f, 0x66, 0x63, 0x5f, 0x65, 0x6d, 0x62, 0x2e, 0x30, 0x2f, 0x55, 0x6e, 0x73, 0x71,
    0x75, 0x65, 0x65, 0x7a, 0x65, 0x5f, 0x6f, 0x75, 0x74, 0x70, 0x75, 0x74, 0x5f, 0x30, 0x0a, 0x2f,
    0x2f, 0x65, 0x6e, 0x63, 0x2f, 0x64, 0x66, 0x5f, 0x66, 0x63, 0x5f, 0x65, 0x6d, 0x62, 0x2f, 0x64,
    0x66, 0x5f, 0x66, 0x63, 0x5f, 0x65, 0x6d, 0x62, 0x2e, 0x30, 0x2f, 0x55, 0x6e, 0x73, 0x71, 0x75,
    0x65, 0x65, 0x7a, 0x65, 0x5f, 0x31, 0x5f, 0x6f, 0x75, 0x74, 0x70, 0x75, 0x74, 0x5f, 0x30, 0x0a,
    0x2e, 0x2f, 0x65, 0x6e, 0x63, 0x2f, 0x64, 0x66, 0x5f, 0x66, 0x63, 0x5f, 0x65, 0x6d, 0x62, 0x2f,
    0x64, 0x66, 0x5f, 0x66, 0x63, 0x5f, 0x65, 0x6d, 0x62, 0x2e, 0x30, 0x2f, 0x43, 0x6f, 0x6e, 0x73,
    0x74, 0x61, 0x6e, 0x74, 0x5f, 0x32, 0x5f, 0x6f, 0x75, 0x74, 0x70, 0x75, 0x74, 0x5f, 0x30, 0x0a,
    0x2e, 0x2f, 0x65, 0x6e, 0x63, 0x2f, 0x64, 0x66, 0x5f, 0x66, 0x63, 0x5f, 0x65, 0x6d, 0x62, 0x2f,
    0x64, 0x66, 0x5f, 0x66, 0x63, 0x5f, 0x65, 0x6d, 0x62, 0x2e, 0x30, 0x2f, 0x43, 0x6f, 0x6e, 0x73,
    0x74, 0x61, 0x6e, 0x74, 0x5f, 0x33, 0x5f, 0x6f, 0x75, 0x74, 0x70, 0x75, 0x74, 0x5f, 0x30, 0x12,
    0x2a, 0x2f, 0x65, 0x6e, 0x63, 0x2f, 0x64, 0x66, 0x5f, 0x66, 0x63, 0x5f, 0x65, 0x6d, 0x62, 0x2f,
    0x64, 0x66, 0x5f, 0x66, 0x63, 0x5f, 0x65, 0x6d, 0x62, 0x2e, 0x30, 0x2f, 0x43, 0x6f, 0x6e, 0x63,
    0x61, 0x74, 0x5f, 0x6f, 0x75, 0x74, 0x70, 0x75, 0x74, 0x5f, 0x30, 0x1a, 0x21, 0x2f, 0x65, 0x6e,
    0x63, 0x2f, 0x64, 0x66, 0x5f, 0x66, 0x63, 0x5f, 0x65, 0x6d, 0x62, 0x2f, 0x64, 0x66, 0x5f, 0x66,
    0x63, 0x5f, 0x65, 0x6d, 0x62, 0x2e, 0x30, 0x2f, 0x43, 0x6f, 0x6e, 0x63, 0x61, 0x74, 0x22, 0x06,
    0x43, 0x6f, 0x6e, 0x63, 0x61, 0x74, 0x2a, 0x0b, 0x0a, 0x04, 0x61, 0x78, 0x69, 0x73, 0x18, 0x00,
    0xa0, 0x01, 0x02, 0x0a, 0xaf, 0x01, 0x0a, 0x15, 0x2f, 0x65, 0x6e, 0x63, 0x2f, 0x52, 0x65, 0x73,
    0x68, 0x61, 0x70, 0x65, 0x5f, 0x6f, 0x75, 0x74, 0x70, 0x75, 0x74, 0x5f, 0x30, 0x0a, 0x2a, 0x2f,
    0x65, 0x6e, 0x63, 0x2f, 0x64, 0x66, 0x5f, 0x66, 0x63, 0x5f, 0x65, 0x6d, 0x62, 0x2f, 0x64, 0x66,
    0x5f, 0x66, 0x63, 0x5f, 0x65, 0x6d, 0x62, 0x2e, 0x30, 0x2f, 0x43, 0x6f, 0x6e, 0x63, 0x61, 0x74,
    0x5f, 0x6f, 0x75, 0x74, 0x70, 0x75, 0x74, 0x5f, 0x30, 0x12, 0x2b, 0x2f, 0x65, 0x6e, 0x63, 0x2f,
    0x64, 0x66, 0x5f, 0x66, 0x63, 0x5f, 0x65, 0x6d, 0x62, 0x2f, 0x64, 0x66, 0x5f, 0x66, 0x63, 0x5f,
    0x65, 0x6d, 0x62, 0x2e, 0x30, 0x2f, 0x52, 0x65, 0x73, 0x68, 0x61, 0x70, 0x65, 0x5f, 0x6f, 0x75,
    0x74, 0x70, 0x75, 0x74, 0x5f, 0x30, 0x1a, 0x22, 0x2f, 0x65, 0x6e, 0x63, 0x2f, 0x64, 0x66, 0x5f,
    0x66, 0x63, 0x5f, 0x65, 0x6d, 0x62, 0x2f, 0x64, 0x66, 0x5f, 0x66, 0x63, 0x5f, 0x65, 0x6d, 0x62,
    0x2e, 0x30, 0x2f, 0x52, 0x65, 0x73, 0x68, 0x61, 0x70, 0x65, 0x22, 0x07, 0x52, 0x65, 0x73, 0x68,
    0x61, 0x70, 0x65, 0x2a, 0x10, 0x0a, 0x09, 0x61, 0x6c, 0x6c, 0x6f, 0x77, 0x7a, 0x65, 0x72, 0x6f,
    0x18, 0x00, 0xa0, 0x01, 0x02, 0x0a, 0xbb, 0x01, 0x0a, 0x2b, 0x2f, 0x65, 0x6e, 0x63, 0x2f, 0x64,
    0x66, 0x5f, 0x66, 0x63, 0x5f, 0x65, 0x6d, 0x62, 0x2f, 0x64, 0x66, 0x5f, 0x66, 0x63, 0x5f, 0x65,
    0x6d, 0x62, 0x2e, 0x30, 0x2f, 0x52, 0x65, 0x73, 0x68, 0x61, 0x70, 0x65, 0x5f, 0x6f, 0x75, 0x74,
    0x70, 0x75, 0x74, 0x5f, 0x30, 0x0a, 0x16, 0x65, 0x6e, 0x63, 0x2e, 0x64, 0x66, 0x5f, 0x66, 0x63,
    0x5f, 0x65, 0x6d, 0x62, 0x2e, 0x30, 0x2e, 0x77, 0x65, 0x69, 0x67, 0x68, 0x74, 0x12, 0x2a, 0x2f,
    0x65, 0x6e, 0x63, 0x2f, 0x64, 0x66, 0x5f, 0x66, 0x63, 0x5f, 0x65, 0x6d, 0x62, 0x2f, 0x64, 0x66,
    0x5f, 0x66, 0x63, 0x5f, 0x65, 0x6d, 0x62, 0x2e, 0x30, 0x2f, 0x45, 0x69, 0x6e, 0x73, 0x75, 0x6d,
    0x5f, 0x6f, 0x75, 0x74, 0x70, 0x75, 0x74, 0x5f, 0x30, 0x1a, 0x21, 0x2f, 0x65, 0x6e, 0x63, 0x2f,
    0x64, 0x66, 0x5f, 0x66, 0x63, 0x5f, 0x65, 0x6d, 0x62, 0x2f, 0x64, 0x66, 0x5f, 0x66, 0x63, 0x5f,
    0x65, 0x6d, 0x62, 0x2e, 0x30, 0x2f, 0x45, 0x69, 0x6e, 0x73, 0x75, 0x6d, 0x22, 0x06, 0x45, 0x69,
    0x6e, 0x73, 0x75, 0x6d, 0x2a, 0x1d, 0x0a, 0x08, 0x65, 0x71, 0x75, 0x61, 0x74, 0x69, 0x6f, 0x6e,
    0x22, 0x0e, 0x62, 0x74, 0x67, 0x69, 0x2c, 0x67, 0x69, 0x68, 0x2d, 0x3e, 0x62, 0x74, 0x67, 0x68,
    0xa0, 0x01, 0x03, 0x0a, 0x84, 0x01, 0x0a, 0x2a, 0x2f, 0x65, 0x6e, 0x63, 0x2f, 0x64, 0x66, 0x5f,
    0x66, 0x63, 0x5f, 0x65, 0x6d, 0x62, 0x2f, 0x64, 0x66, 0x5f, 0x66, 0x63, 0x5f, 0x65, 0x6d, 0x62,
    0x2e, 0x30, 0x2f, 0x45, 0x69, 0x6e, 0x73, 0x75, 0x6d, 0x5f, 0x6f, 0x75, 0x74, 0x70, 0x75, 0x74,
    0x5f, 0x30, 0x12, 0x2b, 0x2f, 0x65, 0x6e, 0x63, 0x2f, 0x64, 0x66, 0x5f, 0x66, 0x63, 0x5f, 0x65,
    0x6d, 0x62, 0x2f, 0x64, 0x66, 0x5f, 0x66, 0x63, 0x5f, 0x65, 0x6d, 0x62, 0x2e, 0x30, 0x2f, 0x53,
    0x68, 0x61, 0x70, 0x65, 0x5f, 0x32, 0x5f, 0x6f, 0x75, 0x74, 0x70, 0x75, 0x74, 0x5f, 0x30, 0x1a,
    0x22, 0x2f, 0x65, 0x6e, 0x63, 0x2f, 0x64, 0x66, 0x5f, 0x66, 0x63, 0x5f, 0x65, 0x6d, 0x62, 0x2f,
    0x64, 0x66, 0x5f, 0x66, 0x63, 0x5f, 0x65, 0x6d, 0x62, 0x2e, 0x30, 0x2f, 0x53, 0x68, 0x61, 0x70,
    0x65, 0x5f, 0x32, 0x22, 0x05, 0x53, 0x68, 0x61, 0x70, 0x65, 0x0a, 0x7d, 0x12, 0x2e, 0x2f, 0x65,
    0x6e, 0x63, 0x2f, 0x64, 0x66, 0x5f, 0x66, 0x63, 0x5f, 0x65, 0x6d, 0x62, 0x2f, 0x64, 0x66, 0x5f,
    0x66, 0x63, 0x5f, 0x65, 0x6d, 0x62, 0x2e, 0x30, 0x2f, 0x43, 0x6f, 0x6e, 0x73, 0x74, 0x61, 0x6e,
    0x74, 0x5f, 0x34, 0x5f, 0x6f, 0x75, 0x74, 0x70, 0x75, 0x74, 0x5f, 0x30, 0x1a, 0x25, 0x2f, 0x65,
    0x6e, 0x63, 0x2f, 0x64, 0x66, 0x5f, 0x66, 0x63, 0x5f, 0x65, 0x6d, 0x62, 0x2f, 0x64, 0x66, 0x5f,
    0x66, 0x63, 0x5f, 0x65, 0x6d, 0x62, 0x2e, 0x30, 0x2f, 0x43, 0x6f, 0x6e, 0x73, 0x74, 0x61, 0x6e,
    0x74, 0x5f, 0x34, 0x22, 0x08, 0x43, 0x6f, 0x6e, 0x73, 0x74, 0x61, 0x6e, 0x74, 0x2a, 0x1a, 0x0a,
    0x05, 0x76, 0x61, 0x6c, 0x75, 0x65, 0x2a, 0x0e, 0x08, 0x01, 0x10, 0x07, 0x4a, 0x08, 0x00, 0x00,
    0x00, 0x00, 0x00, 0x00, 0x00, 0x00, 0xa0, 0x01, 0x04, 0x0a, 0x7d, 0x12, 0x2e, 0x2f, 0x65, 0x6e,
    0x63, 0x2f, 0x64, 0x66, 0x5f, 0x66, 0x63, 0x5f, 0x65, 0x6d, 0x62, 0x2f, 0x64, 0x66, 0x5f, 0x66,
    0x63, 0x5f, 0x65, 0x6d, 0x62, 0x2e, 0x30, 0x2f, 0x43, 0x6f, 0x6e, 0x73, 0x74, 0x61, 0x6e, 0x74,
    0x5f, 0x35, 0x5f, 0x6f, 0x75, 0x74, 0x70, 0x75, 0x74, 0x5f, 0x30, 0x1a, 0x25, 0x2f, 0x65, 0x6e,
    0x63, 0x2f, 0x64, 0x66, 0x5f, 0x66, 0x63, 0x5f, 0x65, 0x6d, 0x62, 0x2f, 0x64, 0x66, 0x5f, 0x66,
    0x63, 0x5f, 0x65, 0x6d, 0x62, 0x2e, 0x30, 0x2f, 0x43, 0x6f, 0x6e, 0x73, 0x74, 0x61, 0x6e, 0x74,
    0x5f, 0x35, 0x22, 0x08, 0x43, 0x6f, 0x6e, 0x73, 0x74, 0x61, 0x6e, 0x74, 0x2a, 0x1a, 0x0a, 0x05,
    0x76, 0x61, 0x6c, 0x75, 0x65, 0x2a, 0x0e, 0x08, 0x01, 0x10, 0x07, 0x4a, 0x08, 0x00, 0x00, 0x00,
    0x00, 0x00, 0x00, 0x00, 0x00, 0xa0, 0x01, 0x04, 0x0a, 0x7d, 0x12, 0x2e, 0x2f, 0x65, 0x6e, 0x63,
    0x2f, 0x64, 0x66, 0x5f, 0x66, 0x63, 0x5f, 0x65, 0x6d, 0x62, 0x2f, 0x64, 0x66, 0x5f, 0x66, 0x63,
    0x5f, 0x65, 0x6d, 0x62, 0x2e, 0x30, 0x2f, 0x43, 0x6f, 0x6e, 0x73, 0x74, 0x61, 0x6e, 0x74, 0x5f,
    0x36, 0x5f, 0x6f, 0x75, 0x74, 0x70, 0x75, 0x74, 0x5f, 0x30, 0x1a, 0x25, 0x2f, 0x65, 0x6e, 0x63,
    0x2f, 0x64, 0x66, 0x5f, 0x66, 0x63, 0x5f, 0x65, 0x6d, 0x62, 0x2f, 0x64, 0x66, 0x5f, 0x66, 0x63,
    0x5f, 0x65, 0x6d, 0x62, 0x2e, 0x30, 0x2f, 0x43, 0x6f, 0x6e, 0x73, 0x74, 0x61, 0x6e, 0x74, 0x5f,
    0x36, 0x22, 0x08, 0x43, 0x6f, 0x6e, 0x73, 0x74, 0x61, 0x6e, 0x74, 0x2a, 0x1a, 0x0a, 0x05, 0x76,
    0x61, 0x6c, 0x75, 0x65, 0x2a, 0x0e, 0x08, 0x01, 0x10, 0x07, 0x4a, 0x08, 0x02, 0x00, 0x00, 0x00,
    0x00, 0x00, 0x00, 0x00, 0xa0, 0x01, 0x04, 0x0a, 0x91, 0x02, 0x0a, 0x2b, 0x2f, 0x65, 0x6e, 0x63,
    0x2f, 0x64, 0x66, 0x5f, 0x66, 0x63, 0x5f, 0x65, 0x6d, 0x62, 0x2f, 0x64, 0x66, 0x5f, 0x66, 0x63,
    0x5f, 0x65, 0x6d, 0x62, 0x2e, 0x30, 0x2f, 0x53, 0x68, 0x61, 0x70, 0x65, 0x5f, 0x32, 0x5f, 0x6f,
    0x75, 0x74, 0x70, 0x75, 0x74, 0x5f, 0x30, 0x0a, 0x2e, 0x2f, 0x65, 0x6e, 0x63, 0x2f, 0x64, 0x66,
    0x5f, 0x66, 0x63, 0x5f, 0x65, 0x6d, 0x62, 0x2f, 0x64, 0x66, 0x5f, 0x66, 0x63, 0x5f, 0x65, 0x6d,
    0x62, 0x2e, 0x30, 0x2f, 0x43, 0x6f, 0x6e, 0x73, 0x74, 0x61, 0x6e, 0x74, 0x5f, 0x35, 0x5f, 0x6f,
    0x75, 0x74, 0x70, 0x75, 0x74, 0x5f, 0x30, 0x0a, 0x2e, 0x2f, 0x65, 0x6e, 0x63, 0x2f, 0x64, 0x66,
    0x5f, 0x66, 0x63, 0x5f, 0x65, 0x6d, 0x62, 0x2f, 0x64, 0x66, 0x5f, 0x66, 0x63, 0x5f, 0x65, 0x6d,
    0x62, 0x2e, 0x30, 0x2f, 0x43, 0x6f, 0x6e, 0x73, 0x74, 0x61, 0x6e, 0x74, 0x5f, 0x36, 0x5f, 0x6f,
    0x75, 0x74, 0x70, 0x75, 0x74, 0x5f, 0x30, 0x0a, 0x2e, 0x2f, 0x65, 0x6e, 0x63, 0x2f, 0x64, 0x66,
    0x5f, 0x66, 0x63, 0x5f, 0x65, 0x6d, 0x62, 0x2f, 0x64, 0x66, 0x5f, 0x66, 0x63, 0x5f, 0x65, 0x6d,
    0x62, 0x2e, 0x30, 0x2f, 0x43, 0x6f, 0x6e, 0x73, 0x74, 0x61, 0x6e, 0x74, 0x5f, 0x34, 0x5f, 0x6f,
    0x75, 0x74, 0x70, 0x75, 0x74, 0x5f, 0x30, 0x12, 0x29, 0x2f, 0x65, 0x6e, 0x63, 0x2f, 0x64, 0x66,
    0x5f, 0x66, 0x63, 0x5f, 0x65, 0x6d, 0x62, 0x2f, 0x64, 0x66, 0x5f, 0x66, 0x63, 0x5f, 0x65, 0x6d,
    0x62, 0x2e, 0x30, 0x2f, 0x53, 0x6c, 0x69, 0x63, 0x65, 0x5f, 0x6f, 0x75, 0x74, 0x70, 0x75, 0x74,
    0x5f, 0x30, 0x1a, 0x20, 0x2f, 0x65, 0x6e, 0x63, 0x2f, 0x64, 0x66, 0x5f, 0x66, 0x63, 0x5f, 0x65,
    0x6d, 0x62, 0x2f, 0x64, 0x66, 0x5f, 0x66, 0x63, 0x5f, 0x65, 0x6d, 0x62, 0x2e, 0x30, 0x2f, 0x53,
    0x6c, 0x69, 0x63, 0x65, 0x22, 0x05, 0x53, 0x6c, 0x69, 0x63, 0x65, 0x0a, 0x7d, 0x12, 0x2e, 0x2f,
    0x65, 0x6e, 0x63, 0x2f, 0x64, 0x66, 0x5f, 0x66, 0x63, 0x5f, 0x65, 0x6d, 0x62, 0x2f, 0x64, 0x66,
    0x5f, 0x66, 0x63, 0x5f, 0x65, 0x6d, 0x62, 0x2e, 0x30, 0x2f, 0x43, 0x6f, 0x6e, 0x73, 0x74, 0x61,
    0x6e, 0x74, 0x5f, 0x37, 0x5f, 0x6f, 0x75, 0x74, 0x70, 0x75, 0x74, 0x5f, 0x30, 0x1a, 0x25, 0x2f,
    0x65, 0x6e, 0x63, 0x2f, 0x64, 0x66, 0x5f, 0x66, 0x63, 0x5f, 0x65, 0x6d, 0x62, 0x2f, 0x64, 0x66,
    0x5f, 0x66, 0x63, 0x5f, 0x65, 0x6d, 0x62, 0x2e, 0x30, 0x2f, 0x43, 0x6f, 0x6e, 0x73, 0x74, 0x61,
    0x6e, 0x74, 0x5f, 0x37, 0x22, 0x08, 0x43, 0x6f, 0x6e, 0x73, 0x74, 0x61, 0x6e, 0x74, 0x2a, 0x1a,
    0x0a, 0x05, 0x76, 0x61, 0x6c, 0x75, 0x65, 0x2a, 0x0e, 0x08, 0x01, 0x10, 0x07, 0x4a, 0x08, 0xff,
    0xff, 0xff, 0xff, 0xff, 0xff, 0xff, 0xff, 0xa0, 0x01, 0x04, 0x0a, 0xc3, 0x01, 0x0a, 0x29, 0x2f,
    0x65, 0x6e, 0x63, 0x2f, 0x64, 0x66, 0x5f, 0x66, 0x63, 0x5f, 0x65, 0x6d, 0x62, 0x2f, 0x64, 0x66,
    0x5f, 0x66, 0x63, 0x5f, 0x65, 0x6d, 0x62, 0x2e, 0x30, 0x2f, 0x53, 0x6c, 0x69, 0x63, 0x65, 0x5f,
    0x6f, 0x75, 0x74, 0x70, 0x75, 0x74, 0x5f, 0x30, 0x0a, 0x2e, 0x2f, 0x65, 0x6e, 0x63, 0x2f, 0x64,
    0x66, 0x5f, 0x66, 0x63, 0x5f, 0x65, 0x6d, 0x62, 0x2f, 0x64, 0x66, 0x5f, 0x66, 0x63, 0x5f, 0x65,
    0x6d, 0x62, 0x2e, 0x30, 0x2f, 0x43, 0x6f, 0x6e, 0x73, 0x74, 0x61, 0x6e, 0x74, 0x5f, 0x37, 0x5f,
    0x6f, 0x75, 0x74, 0x70, 0x75, 0x74, 0x5f, 0x30, 0x12, 0x2c, 0x2f, 0x65, 0x6e, 0x63, 0x2f, 0x64,
    0x66, 0x5f, 0x66, 0x63, 0x5f, 0x65, 0x6d, 0x62, 0x2f, 0x64, 0x66, 0x5f, 0x66, 0x63, 0x5f, 0x65,
    0x6d, 0x62, 0x2e, 0x30, 0x2f, 0x43, 0x6f, 0x6e, 0x63, 0x61, 0x74, 0x5f, 0x31, 0x5f, 0x6f, 0x75,
    0x74, 0x70, 0x75, 0x74, 0x5f, 0x30, 0x1a, 0x23, 0x2f, 0x65, 0x6e, 0x63, 0x2f, 0x64, 0x66, 0x5f,
    0x66, 0x63, 0x5f, 0x65, 0x6d, 0x62, 0x2f, 0x64, 0x66, 0x5f, 0x66, 0x63, 0x5f, 0x65, 0x6d, 0x62,
    0x2e, 0x30, 0x2f, 0x43, 0x6f, 0x6e, 0x63, 0x61, 0x74, 0x5f, 0x31, 0x22, 0x06, 0x43, 0x6f, 0x6e,
    0x63, 0x61, 0x74, 0x2a, 0x0b, 0x0a, 0x04, 0x61, 0x78, 0x69, 0x73, 0x18, 0x00, 0xa0, 0x01, 0x02,
    0x0a, 0xca, 0x01, 0x0a, 0x2a, 0x2f, 0x65, 0x6e, 0x63, 0x2f, 0x64, 0x66, 0x5f, 0x66, 0x63, 0x5f,
    0x65, 0x6d, 0x62, 0x2f, 0x64, 0x66, 0x5f, 0x66, 0x63, 0x5f, 0x65, 0x6d, 0x62, 0x2e, 0x30, 0x2f,
    0x45, 0x69, 0x6e, 0x73, 0x75, 0x6d, 0x5f, 0x6f, 0x75, 0x74, 0x70, 0x75, 0x74, 0x5f, 0x30, 0x0a,
    0x2c, 0x2f, 0x65, 0x6e, 0x63, 0x2f, 0x64, 0x66, 0x5f, 0x66, 0x63, 0x5f, 0x65, 0x6d, 0x62, 0x2f,
    0x64, 0x66, 0x5f, 0x66, 0x63, 0x5f, 0x65, 0x6d, 0x62, 0x2e, 0x30, 0x2f, 0x43, 0x6f, 0x6e, 0x63,
    0x61, 0x74, 0x5f, 0x31, 0x5f, 0x6f, 0x75, 0x74, 0x70, 0x75, 0x74, 0x5f, 0x30, 0x12, 0x2d, 0x2f,
    0x65, 0x6e, 0x63, 0x2f, 0x64, 0x66, 0x5f, 0x66, 0x63, 0x5f, 0x65, 0x6d, 0x62, 0x2f, 0x64, 0x66,
    0x5f, 0x66, 0x63, 0x5f, 0x65, 0x6d, 0x62, 0x2e, 0x30, 0x2f, 0x52, 0x65, 0x73, 0x68, 0x61, 0x70,
    0x65, 0x5f, 0x31, 0x5f, 0x6f, 0x75, 0x74, 0x70, 0x75, 0x74, 0x5f, 0x30, 0x1a, 0x24, 0x2f, 0x65,
    0x6e, 0x63, 0x2f, 0x64, 0x66, 0x5f, 0x66, 0x63, 0x5f, 0x65, 0x6d, 0x62, 0x2f, 0x64, 0x66, 0x5f,
    0x66, 0x63, 0x5f, 0x65, 0x6d, 0x62, 0x2e, 0x30, 0x2f, 0x52, 0x65, 0x73, 0x68, 0x61, 0x70, 0x65,
    0x5f, 0x31, 0x22, 0x07, 0x52, 0x65, 0x73, 0x68, 0x61, 0x70, 0x65, 0x2a, 0x10, 0x0a, 0x09, 0x61,
    0x6c, 0x6c, 0x6f, 0x77, 0x7a, 0x65, 0x72, 0x6f, 0x18, 0x00, 0xa0, 0x01, 0x02, 0x0a, 0x80, 0x01,
    0x0a, 0x2d, 0x2f, 0x65, 0x6e, 0x63, 0x2f, 0x64, 0x66, 0x5f, 0x66, 0x63, 0x5f, 0x65, 0x6d, 0x62,
    0x2f, 0x64, 0x66, 0x5f, 0x66, 0x63, 0x5f, 0x65, 0x6d, 0x62, 0x2e, 0x30, 0x2f, 0x52, 0x65, 0x73,
    0x68, 0x61, 0x70, 0x65, 0x5f, 0x31, 0x5f, 0x6f, 0x75, 0x74, 0x70, 0x75, 0x74, 0x5f, 0x30, 0x12,
    0x28, 0x2f, 0x65, 0x6e, 0x63, 0x2f, 0x64, 0x66, 0x5f, 0x66, 0x63, 0x5f, 0x65, 0x6d, 0x62, 0x2f,
    0x64, 0x66, 0x5f, 0x66, 0x63, 0x5f, 0x65, 0x6d, 0x62, 0x2e, 0x31, 0x2f, 0x52, 0x65, 0x6c, 0x75,
    0x5f, 0x6f, 0x75, 0x74, 0x70, 0x75, 0x74, 0x5f, 0x30, 0x1a, 0x1f, 0x2f, 0x65, 0x6e, 0x63, 0x2f,
    0x64, 0x66, 0x5f, 0x66, 0x63, 0x5f, 0x65, 0x6d, 0x62, 0x2f, 0x64, 0x66, 0x5f, 0x66, 0x63, 0x5f,
    0x65, 0x6d, 0x62, 0x2e, 0x31, 0x2f, 0x52, 0x65, 0x6c, 0x75, 0x22, 0x04, 0x52, 0x65, 0x6c, 0x75,
    0x0a, 0x75, 0x0a, 0x28, 0x2f, 0x65, 0x6e, 0x63, 0x2f, 0x65, 0x72, 0x62, 0x5f, 0x63, 0x6f, 0x6e,
    0x76, 0x33, 0x2f, 0x65, 0x72, 0x62, 0x5f, 0x63, 0x6f, 0x6e, 0x76, 0x33, 0x2e, 0x33, 0x2f, 0x52,
    0x65, 0x6c, 0x75, 0x5f, 0x6f, 0x75, 0x74, 0x70, 0x75, 0x74, 0x5f, 0x30, 0x12, 0x19, 0x2f, 0x65,
    0x6e, 0x63, 0x2f, 0x54, 0x72, 0x61, 0x6e, 0x73, 0x70, 0x6f, 0x73, 0x65, 0x5f, 0x31, 0x5f, 0x6f,
    0x75, 0x74, 0x70, 0x75, 0x74, 0x5f, 0x30, 0x1a, 0x10, 0x2f, 0x65, 0x6e, 0x63, 0x2f, 0x54, 0x72,
    0x61, 0x6e, 0x73, 0x70, 0x6f, 0x73, 0x65, 0x5f, 0x31, 0x22, 0x09, 0x54, 0x72, 0x61, 0x6e, 0x73,
    0x70, 0x6f, 0x73, 0x65, 0x2a, 0x11, 0x0a, 0x04, 0x70, 0x65, 0x72, 0x6d, 0x40, 0x00, 0x40, 0x02,
    0x40, 0x03, 0x40, 0x01, 0xa0, 0x01, 0x07, 0x0a, 0x47, 0x0a, 0x19, 0x2f, 0x65, 0x6e, 0x63, 0x2f,
    0x54, 0x72, 0x61, 0x6e, 0x73, 0x70, 0x6f, 0x73, 0x65, 0x5f, 0x31, 0x5f, 0x6f, 0x75, 0x74, 0x70,
    0x75, 0x74, 0x5f, 0x30, 0x12, 0x15, 0x2f, 0x65, 0x6e, 0x63, 0x2f, 0x53, 0x68, 0x61, 0x70, 0x65,
    0x5f, 0x31, 0x5f, 0x6f, 0x75, 0x74, 0x70, 0x75, 0x74, 0x5f, 0x30, 0x1a, 0x0c, 0x2f, 0x65, 0x6e,
    0x63, 0x2f, 0x53, 0x68, 0x61, 0x70, 0x65, 0x5f, 0x31, 0x22, 0x05, 0x53, 0x68, 0x61, 0x70, 0x65,
    0x0a, 0x51, 0x12, 0x18, 0x2f, 0x65, 0x6e, 0x63, 0x2f, 0x43, 0x6f, 0x6e, 0x73, 0x74, 0x61, 0x6e,
    0x74, 0x5f, 0x34, 0x5f, 0x6f, 0x75, 0x74, 0x70, 0x75, 0x74, 0x5f, 0x30, 0x1a, 0x0f, 0x2f, 0x65,
    0x6e, 0x63, 0x2f, 0x43, 0x6f, 0x6e, 0x73, 0x74, 0x61, 0x6e, 0x74, 0x5f, 0x34, 0x22, 0x08, 0x43,
    0x6f, 0x6e, 0x73, 0x74, 0x61, 0x6e, 0x74, 0x2a, 0x1a, 0x0a, 0x05, 0x76, 0x61, 0x6c, 0x75, 0x65,
    0x2a, 0x0e, 0x08, 0x01, 0x10, 0x07, 0x4a, 0x08, 0x00, 0x00, 0x00, 0x00, 0x00, 0x00, 0x00, 0x00,
    0xa0, 0x01, 0x04, 0x0a, 0x51, 0x12, 0x18, 0x2f, 0x65, 0x6e, 0x63, 0x2f, 0x43, 0x6f, 0x6e, 0x73,
    0x74, 0x61, 0x6e, 0x74, 0x5f, 0x35, 0x5f, 0x6f, 0x75, 0x74, 0x70, 0x75, 0x74, 0x5f, 0x30, 0x1a,
    0x0f, 0x2f, 0x65, 0x6e, 0x63, 0x2f, 0x43, 0x6f, 0x6e, 0x73, 0x74, 0x61, 0x6e, 0x74, 0x5f, 0x35,
    0x22, 0x08, 0x43, 0x6f, 0x6e, 0x73, 0x74, 0x61, 0x6e, 0x74, 0x2a, 0x1a, 0x0a, 0x05, 0x76, 0x61,
    0x6c, 0x75, 0x65, 0x2a, 0x0e, 0x08, 0x01, 0x10, 0x07, 0x4a, 0x08, 0x00, 0x00, 0x00, 0x00, 0x00,
    0x00, 0x00, 0x00, 0xa0, 0x01, 0x04, 0x0a, 0x51, 0x12, 0x18, 0x2f, 0x65, 0x6e, 0x63, 0x2f, 0x43,
    0x6f, 0x6e, 0x73, 0x74, 0x61, 0x6e, 0x74, 0x5f, 0x36, 0x5f, 0x6f, 0x75, 0x74, 0x70, 0x75, 0x74,
    0x5f, 0x30, 0x1a, 0x0f, 0x2f, 0x65, 0x6e, 0x63, 0x2f, 0x43, 0x6f, 0x6e, 0x73, 0x74, 0x61, 0x6e,
    0x74, 0x5f, 0x36, 0x22, 0x08, 0x43, 0x6f, 0x6e, 0x73, 0x74, 0x61, 0x6e, 0x74, 0x2a, 0x1a, 0x0a,
    0x05, 0x76, 0x61, 0x6c, 0x75, 0x65, 0x2a, 0x0e, 0x08, 0x01, 0x10, 0x07, 0x4a, 0x08, 0x02, 0x00,
    0x00, 0x00, 0x00, 0x00, 0x00, 0x00, 0xa0, 0x01, 0x04, 0x0a, 0x91, 0x01, 0x0a, 0x15, 0x2f, 0x65,
    0x6e, 0x63, 0x2f, 0x53, 0x68, 0x61, 0x70, 0x65, 0x5f, 0x31, 0x5f, 0x6f, 0x75, 0x74, 0x70, 0x75,
    0x74, 0x5f, 0x30, 0x0a, 0x18, 0x2f, 0x65, 0x6e, 0x63, 0x2f, 0x43, 0x6f, 0x6e, 0x73, 0x74, 0x61,
    0x6e, 0x74, 0x5f, 0x35, 0x5f, 0x6f, 0x75, 0x74, 0x70, 0x75, 0x74, 0x5f, 0x30, 0x0a, 0x18, 0x2f,
    0x65, 0x6e, 0x63, 0x2f, 0x43, 0x6f, 0x6e, 0x73, 0x74, 0x61, 0x6e, 0x74, 0x5f, 0x36, 0x5f, 0x6f,
    0x75, 0x74, 0x70, 0x75, 0x74, 0x5f, 0x30, 0x0a, 0x18, 0x2f, 0x65, 0x6e, 0x63, 0x2f, 0x43, 0x6f,
    0x6e, 0x73, 0x74, 0x61, 0x6e, 0x74, 0x5f, 0x34, 0x5f, 0x6f, 0x75, 0x74, 0x70, 0x75, 0x74, 0x5f,
    0x30, 0x12, 0x15, 0x2f, 0x65, 0x6e, 0x63, 0x2f, 0x53, 0x6c, 0x69, 0x63, 0x65, 0x5f, 0x31, 0x5f,
    0x6f, 0x75, 0x74, 0x70, 0x75, 0x74, 0x5f, 0x30, 0x1a, 0x0c, 0x2f, 0x65, 0x6e, 0x63, 0x2f, 0x53,
    0x6c, 0x69, 0x63, 0x65, 0x5f, 0x31, 0x22, 0x05, 0x53, 0x6c, 0x69, 0x63, 0x65, 0x0a, 0x51, 0x12,
    0x18, 0x2f, 0x65, 0x6e, 0x63, 0x2f, 0x43, 0x6f, 0x6e, 0x73, 0x74, 0x61, 0x6e, 0x74, 0x5f, 0x37,
    0x5f, 0x6f, 0x75, 0x74, 0x70, 0x75, 0x74, 0x5f, 0x30, 0x1a, 0x0f, 0x2f, 0x65, 0x6e, 0x63, 0x2f,
    0x43, 0x6f, 0x6e, 0x73, 0x74, 0x61, 0x6e, 0x74, 0x5f, 0x37, 0x22, 0x08, 0x43, 0x6f, 0x6e, 0x73,
    0x74, 0x61, 0x6e, 0x74, 0x2a, 0x1a, 0x0a, 0x05, 0x76, 0x61, 0x6c, 0x75, 0x65, 0x2a, 0x0e, 0x08,
    0x01, 0x10, 0x07, 0x4a, 0x08, 0xff, 0xff, 0xff, 0xff, 0xff, 0xff, 0xff, 0xff, 0xa0, 0x01, 0x04,
    0x0a, 0x6d, 0x0a, 0x15, 0x2f, 0x65, 0x6e, 0x63, 0x2f, 0x53, 0x6c, 0x69, 0x63, 0x65, 0x5f, 0x31,
    0x5f, 0x6f, 0x75, 0x74, 0x70, 0x75, 0x74, 0x5f, 0x30, 0x0a, 0x18, 0x2f, 0x65, 0x6e, 0x63, 0x2f,
    0x43, 0x6f, 0x6e, 0x73, 0x74, 0x61, 0x6e, 0x74, 0x5f, 0x37, 0x5f, 0x6f, 0x75, 0x74, 0x70, 0x75,
    0x74, 0x5f, 0x30, 0x12, 0x16, 0x2f, 0x65, 0x6e, 0x63, 0x2f, 0x43, 0x6f, 0x6e, 0x63, 0x61, 0x74,
    0x5f, 0x31, 0x5f, 0x6f, 0x75, 0x74, 0x70, 0x75, 0x74, 0x5f, 0x30, 0x1a, 0x0d, 0x2f, 0x65, 0x6e,
    0x63, 0x2f, 0x43, 0x6f, 0x6e, 0x63, 0x61, 0x74, 0x5f, 0x31, 0x22, 0x06, 0x43, 0x6f, 0x6e, 0x63,
    0x61, 0x74, 0x2a, 0x0b, 0x0a, 0x04, 0x61, 0x78, 0x69, 0x73, 0x18, 0x00, 0xa0, 0x01, 0x02, 0x0a,
    0x77, 0x0a, 0x19, 0x2f, 0x65, 0x6e, 0x63, 0x2f, 0x54, 0x72, 0x61, 0x6e, 0x73, 0x70, 0x6f, 0x73,
    0x65, 0x5f, 0x31, 0x5f, 0x6f, 0x75, 0x74, 0x70, 0x75, 0x74, 0x5f, 0x30, 0x0a, 0x16, 0x2f, 0x65,
    0x6e, 0x63, 0x2f, 0x43, 0x6f, 0x6e, 0x63, 0x61, 0x74, 0x5f, 0x31, 0x5f, 0x6f, 0x75, 0x74, 0x70,
    0x75, 0x74, 0x5f, 0x30, 0x12, 0x17, 0x2f, 0x65, 0x6e, 0x63, 0x2f, 0x52, 0x65, 0x73, 0x68, 0x61,
    0x70, 0x65, 0x5f, 0x31, 0x5f, 0x6f, 0x75, 0x74, 0x70, 0x75, 0x74, 0x5f, 0x30, 0x1a, 0x0e, 0x2f,
    0x65, 0x6e, 0x63, 0x2f, 0x52, 0x65, 0x73, 0x68, 0x61, 0x70, 0x65, 0x5f, 0x31, 0x22, 0x07, 0x52,
    0x65, 0x73, 0x68, 0x61, 0x70, 0x65, 0x2a, 0x10, 0x0a, 0x09, 0x61, 0x6c, 0x6c, 0x6f, 0x77, 0x7a,
    0x65, 0x72, 0x6f, 0x18, 0x00, 0xa0, 0x01, 0x02, 0x0a, 0x75, 0x0a, 0x17, 0x2f, 0x65, 0x6e, 0x63,
    0x2f, 0x52, 0x65, 0x73, 0x68, 0x61, 0x70, 0x65, 0x5f, 0x31, 0x5f, 0x6f, 0x75, 0x74, 0x70, 0x75,
    0x74, 0x5f, 0x30, 0x0a, 0x28, 0x2f, 0x65, 0x6e, 0x63, 0x2f, 0x64, 0x66, 0x5f, 0x66, 0x63, 0x5f,
    0x65, 0x6d, 0x62, 0x2f, 0x64, 0x66, 0x5f, 0x66, 0x63, 0x5f, 0x65, 0x6d, 0x62, 0x2e, 0x31, 0x2f,
    0x52, 0x65, 0x6c, 0x75, 0x5f, 0x6f, 0x75, 0x74, 0x70, 0x75, 0x74, 0x5f, 0x30, 0x12, 0x19, 0x2f,
    0x65, 0x6e, 0x63, 0x2f, 0x63, 0x6f, 0x6d, 0x62, 0x69, 0x6e, 0x65, 0x2f, 0x41, 0x64, 0x64, 0x5f,
    0x6f, 0x75, 0x74, 0x70, 0x75, 0x74, 0x5f, 0x30, 0x1a, 0x10, 0x2f, 0x65, 0x6e, 0x63, 0x2f, 0x63,
    0x6f, 0x6d, 0x62, 0x69, 0x6e, 0x65, 0x2f, 0x41, 0x64, 0x64, 0x22, 0x03, 0x41, 0x64, 0x64, 0x0a,
    0x7f, 0x0a, 0x19, 0x2f, 0x65, 0x6e, 0x63, 0x2f, 0x63, 0x6f, 0x6d, 0x62, 0x69, 0x6e, 0x65, 0x2f,
    0x41, 0x64, 0x64, 0x5f, 0x6f, 0x75, 0x74, 0x70, 0x75, 0x74, 0x5f, 0x30, 0x12, 0x31, 0x2f, 0x65,
    0x6e, 0x63, 0x2f, 0x65, 0x6d, 0x62, 0x5f, 0x67, 0x72, 0x75, 0x2f, 0x6c, 0x69, 0x6e, 0x65, 0x61,
    0x72, 0x5f, 0x69, 0x6e, 0x2f, 0x6c, 0x69, 0x6e, 0x65, 0x61, 0x72, 0x5f, 0x69, 0x6e, 0x2e, 0x30,
    0x2f, 0x53, 0x68, 0x61, 0x70, 0x65, 0x5f, 0x6f, 0x75, 0x74, 0x70, 0x75, 0x74, 0x5f, 0x30, 0x1a,
    0x28, 0x2f, 0x65, 0x6e, 0x63, 0x2f, 0x65, 0x6d, 0x62, 0x5f, 0x67, 0x72, 0x75, 0x2f, 0x6c, 0x69,
    0x6e, 0x65, 0x61, 0x72, 0x5f, 0x69, 0x6e, 0x2f, 0x6c, 0x69, 0x6e, 0x65, 0x61, 0x72, 0x5f, 0x69,
    0x6e, 0x2e, 0x30, 0x2f, 0x53, 0x68, 0x61, 0x70, 0x65, 0x22, 0x05, 0x53, 0x68, 0x61, 0x70, 0x65,
    0x0a, 0x87, 0x01, 0x12, 0x34, 0x2f, 0x65, 0x6e, 0x63, 0x2f, 0x65, 0x6d, 0x62, 0x5f, 0x67, 0x72,
    0x75, 0x2f, 0x6c, 0x69, 0x6e, 0x65, 0x61, 0x72, 0x5f, 0x69, 0x6e, 0x2f, 0x6c, 0x69, 0x6e, 0x65,
    0x61, 0x72, 0x5f, 0x69, 0x6e, 0x2e, 0x30, 0x2f, 0x43, 0x6f, 0x6e, 0x73, 0x74, 0x61, 0x6e, 0x74,
    0x5f, 0x6f, 0x75, 0x74, 0x70, 0x75, 0x74, 0x5f, 0x30, 0x1a, 0x2b, 0x2f, 0x65, 0x6e, 0x63, 0x2f,
    0x65, 0x6d, 0x62, 0x5f, 0x67, 0x72, 0x75, 0x2f, 0x6c, 0x69, 0x6e, 0x65, 0x61, 0x72, 0x5f, 0x69,
    0x6e, 0x2f, 0x6c, 0x69, 0x6e, 0x65, 0x61, 0x72, 0x5f, 0x69, 0x6e, 0x2e, 0x30, 0x2f, 0x43, 0x6f,
    0x6e, 0x73, 0x74, 0x61, 0x6e, 0x74, 0x22, 0x08, 0x43, 0x6f, 0x6e, 0x73, 0x74, 0x61, 0x6e, 0x74,
    0x2a, 0x18, 0x0a, 0x05, 0x76, 0x61, 0x6c, 0x75, 0x65, 0x2a, 0x0c, 0x10, 0x07, 0x4a, 0x08, 0x00,
    0x00, 0x00, 0x00, 0x00, 0x00, 0x00, 0x00, 0xa0, 0x01, 0x04, 0x0a, 0xdd, 0x01, 0x0a, 0x31, 0x2f,
    0x65, 0x6e, 0x63, 0x2f, 0x65, 0x6d, 0x62, 0x5f, 0x67, 0x72, 0x75, 0x2f, 0x6c, 0x69, 0x6e, 0x65,
    0x61, 0x72, 0x5f, 0x69, 0x6e, 0x2f, 0x6c, 0x69, 0x6e, 0x65, 0x61, 0x72, 0x5f, 0x69, 0x6e, 0x2e,
    0x30, 0x2f, 0x53, 0x68, 0x61, 0x70, 0x65, 0x5f, 0x6f, 0x75, 0x74, 0x70, 0x75, 0x74, 0x5f, 0x30,
    0x0a, 0x34, 0x2f, 0x65, 0x6e, 0x63, 0x2f, 0x65, 0x6d, 0x62, 0x5f, 0x67, 0x72, 0x75, 0x2f, 0x6c,
    0x69, 0x6e, 0x65, 0x61, 0x72, 0x5f, 0x69, 0x6e, 0x2f, 0x6c, 0x69, 0x6e, 0x65, 0x61, 0x72, 0x5f,
    0x69, 0x6e, 0x2e, 0x30, 0x2f, 0x43, 0x6f, 0x6e, 0x73, 0x74, 0x61, 0x6e, 0x74, 0x5f, 0x6f, 0x75,
    0x74, 0x70, 0x75, 0x74, 0x5f, 0x30, 0x12, 0x32, 0x2f, 0x65, 0x6e, 0x63, 0x2f, 0x65, 0x6d, 0x62,
    0x5f, 0x67, 0x72, 0x75, 0x2f, 0x6c, 0x69, 0x6e, 0x65, 0x61, 0x72, 0x5f, 0x69, 0x6e, 0x2f, 0x6c,
    0x69, 0x6e, 0x65, 0x61, 0x72, 0x5f, 0x69, 0x6e, 0x2e, 0x30, 0x2f, 0x47, 0x61, 0x74, 0x68, 0x65,
    0x72, 0x5f, 0x6f, 0x75, 0x74, 0x70, 0x75, 0x74, 0x5f, 0x30, 0x1a, 0x29, 0x2f, 0x65, 0x6e, 0x63,
    0x2f, 0x65, 0x6d, 0x62, 0x5f, 0x67, 0x72, 0x75, 0x2f, 0x6c, 0x69, 0x6e, 0x65, 0x61, 0x72, 0x5f,
    0x69, 0x6e, 0x2f, 0x6c, 0x69, 0x6e, 0x65, 0x61, 0x72, 0x5f, 0x69, 0x6e, 0x2e, 0x30, 0x2f, 0x47,
    0x61, 0x74, 0x68, 0x65, 0x72, 0x22, 0x06, 0x47, 0x61, 0x74, 0x68, 0x65, 0x72, 0x2a, 0x0b, 0x0a,
    0x04, 0x61, 0x78, 0x69, 0x73, 0x18, 0x00, 0xa0, 0x01, 0x02, 0x0a, 0x83, 0x01, 0x0a, 0x19, 0x2f,
    0x65, 0x6e, 0x63, 0x2f, 0x63, 0x6f, 0x6d, 0x62, 0x69, 0x6e, 0x65, 0x2f, 0x41, 0x64, 0x64, 0x5f,
    0x6f, 0x75, 0x74, 0x70, 0x75, 0x74, 0x5f, 0x30, 0x12, 0x33, 0x2f, 0x65, 0x6e, 0x63, 0x2f, 0x65,
    0x6d, 0x62, 0x5f, 0x67, 0x72, 0x75, 0x2f, 0x6c, 0x69, 0x6e, 0x65, 0x61, 0x72, 0x5f, 0x69, 0x6e,
    0x2f, 0x6c, 0x69, 0x6e, 0x65, 0x61, 0x72, 0x5f, 0x69, 0x6e, 0x2e, 0x30, 0x2f, 0x53, 0x68, 0x61,
    0x70, 0x65, 0x5f, 0x31, 0x5f, 0x6f, 0x75, 0x74, 0x70, 0x75, 0x74, 0x5f, 0x30, 0x1a, 0x2a, 0x2f,
    0x65, 0x6e, 0x63, 0x2f, 0x65, 0x6d, 0x62, 0x5f, 0x67, 0x72, 0x75, 0x2f, 0x6c, 0x69, 0x6e, 0x65,
    0x61, 0x72, 0x5f, 0x69, 0x6e, 0x2f, 0x6c, 0x69, 0x6e, 0x65, 0x61, 0x72, 0x5f, 0x69, 0x6e, 0x2e,
    0x30, 0x2f, 0x53, 0x68, 0x61, 0x70, 0x65, 0x5f, 0x31, 0x22, 0x05, 0x53, 0x68, 0x61, 0x70, 0x65,
    0x0a, 0x8b, 0x01, 0x12, 0x36, 0x2f, 0x65, 0x6e, 0x63, 0x2f, 0x65, 0x6d, 0x62, 0x5f, 0x67, 0x72,
    0x75, 0x2f, 0x6c, 0x69, 0x6e, 0x65, 0x61, 0x72, 0x5f, 0x69, 0x6e, 0x2f, 0x6c, 0x69, 0x6e, 0x65,
    0x61, 0x72, 0x5f, 0x69, 0x6e, 0x2e, 0x30, 0x2f, 0x43, 0x6f, 0x6e, 0x73, 0x74, 0x61, 0x6e, 0x74,
    0x5f, 0x31, 0x5f, 0x6f, 0x75, 0x74, 0x70, 0x75, 0x74, 0x5f, 0x30, 0x1a, 0x2d, 0x2f, 0x65, 0x6e,
    0x63, 0x2f, 0x65, 0x6d, 0x62, 0x5f, 0x67, 0x72, 0x75, 0x2f, 0x6c, 0x69, 0x6e, 0x65, 0x61, 0x72,
    0x5f, 0x69, 0x6e, 0x2f, 0x6c, 0x69, 0x6e, 0x65, 0x61, 0x72, 0x5f, 0x69, 0x6e, 0x2e, 0x30, 0x2f,
    0x43, 0x6f, 0x6e, 0x73, 0x74, 0x61, 0x6e, 0x74, 0x5f, 0x31, 0x22, 0x08, 0x43, 0x6f, 0x6e, 0x73,
    0x74, 0x61, 0x6e, 0x74, 0x2a, 0x18, 0x0a, 0x05, 0x76, 0x61, 0x6c, 0x75, 0x65, 0x2a, 0x0c, 0x10,
    0x07, 0x4a, 0x08, 0x01, 0x00, 0x00, 0x00, 0x00, 0x00, 0x00, 0x00, 0xa0, 0x01, 0x04, 0x0a, 0xe5,
    0x01, 0x0a, 0x33, 0x2f, 0x65, 0x6e, 0x63, 0x2f, 0x65, 0x6d, 0x62, 0x5f, 0x67, 0x72, 0x75, 0x2f,
    0x6c, 0x69, 0x6e, 0x65, 0x61, 0x72, 0x5f, 0x69, 0x6e, 0x2f, 0x6c, 0x69, 0x6e, 0x65, 0x61, 0x72,
    0x5f, 0x69, 0x6e, 0x2e, 0x30, 0x2f, 0x53, 0x68, 0x61, 0x70, 0x65, 0x5f, 0x31, 0x5f, 0x6f, 0x75,
    0x74, 0x70, 0x75, 0x74, 0x5f, 0x30, 0x0a, 0x36, 0x2f, 0x65, 0x6e, 0x63, 0x2f, 0x65, 0x6d, 0x62,
    0x5f, 0x67, 0x72, 0x75, 0x2f, 0x6c, 0x69, 0x6e, 0x65, 0x61, 0x72, 0x5f, 0x69, 0x6e, 0x2f, 0x6c,
    0x69, 0x6e, 0x65, 0x61, 0x72, 0x5f, 0x69, 0x6e, 0x2e, 0x30, 0x2f, 0x43, 0x6f, 0x6e, 0x73, 0x74,
    0x61, 0x6e, 0x74, 0x5f, 0x31, 0x5f, 0x6f, 0x75, 0x74, 0x70, 0x75, 0x74, 0x5f, 0x30, 0x12, 0x34,
    0x2f, 0x65, 0x6e, 0x63, 0x2f, 0x65, 0x6d, 0x62, 0x5f, 0x67, 0x72, 0x75, 0x2f, 0x6c, 0x69, 0x6e,
    0x65, 0x61, 0x72, 0x5f, 0x69, 0x6e, 0x2f, 0x6c, 0x69, 0x6e, 0x65, 0x61, 0x72, 0x5f, 0x69, 0x6e,
    0x2e, 0x30, 0x2f, 0x47, 0x61, 0x74, 0x68, 0x65, 0x72, 0x5f, 0x31, 0x5f, 0x6f, 0x75, 0x74, 0x70,
    0x75, 0x74, 0x5f, 0x30, 0x1a, 0x2b, 0x2f, 0x65, 0x6e, 0x63, 0x2f, 0x65, 0x6d, 0x62, 0x5f, 0x67,
    0x72, 0x75, 0x2f, 0x6c, 0x69, 0x6e, 0x65, 0x61, 0x72, 0x5f, 0x69, 0x6e, 0x2f, 0x6c, 0x69, 0x6e,
    0x65, 0x61, 0x72, 0x5f, 0x69, 0x6e, 0x2e, 0x30, 0x2f, 0x47, 0x61, 0x74, 0x68, 0x65, 0x72, 0x5f,
    0x31, 0x22, 0x06, 0x47, 0x61, 0x74, 0x68, 0x65, 0x72, 0x2a, 0x0b, 0x0a, 0x04, 0x61, 0x78, 0x69,
    0x73, 0x18, 0x00, 0xa0, 0x01, 0x02, 0x0a, 0x49, 0x12, 0x13, 0x6f, 0x6e, 0x6e, 0x78, 0x3a, 0x3a,
    0x55, 0x6e, 0x73, 0x71, 0x75, 0x65, 0x65, 0x7a, 0x65, 0x5f, 0x33, 0x32, 0x36, 0x1a, 0x0c, 0x43,
    0x6f, 0x6e, 0x73, 0x74, 0x61, 0x6e, 0x74, 0x5f, 0x33, 0x33, 0x31, 0x22, 0x08, 0x43, 0x6f, 0x6e,
    0x73, 0x74, 0x61, 0x6e, 0x74, 0x2a, 0x1a, 0x0a, 0x05, 0x76, 0x61, 0x6c, 0x75, 0x65, 0x2a, 0x0e,
    0x08, 0x01, 0x10, 0x07, 0x4a, 0x08, 0x00, 0x00, 0x00, 0x00, 0x00, 0x00, 0x00, 0x00, 0xa0, 0x01,
    0x04, 0x0a, 0xb9, 0x01, 0x0a, 0x32, 0x2f, 0x65, 0x6e, 0x63, 0x2f, 0x65, 0x6d, 0x62, 0x5f, 0x67,
    0x72, 0x75, 0x2f, 0x6c, 0x69, 0x6e, 0x65, 0x61, 0x72, 0x5f, 0x69, 0x6e, 0x2f, 0x6c, 0x69, 0x6e,
    0x65, 0x61, 0x72, 0x5f, 0x69, 0x6e, 0x2e, 0x30, 0x2f, 0x47, 0x61, 0x74, 0x68, 0x65, 0x72, 0x5f,
    0x6f, 0x75, 0x74, 0x70, 0x75, 0x74, 0x5f, 0x30, 0x0a, 0x13, 0x6f, 0x6e, 0x6e, 0x78, 0x3a, 0x3a,
    0x55, 0x6e, 0x73, 0x71, 0x75, 0x65, 0x65, 0x7a, 0x65, 0x5f, 0x33, 0x32, 0x36, 0x12, 0x35, 0x2f,
    0x65, 0x6e, 0x63, 0x2f, 0x65, 0x6d, 0x62, 0x5f, 0x67, 0x72, 0x75, 0x2f, 0x6c, 0x69, 0x6e, 0x65,
    0x61, 0x72, 0x5f, 0x69, 0x6e, 0x2f, 0x6c, 0x69, 0x6e, 0x65, 0x61, 0x72, 0x5f, 0x69, 0x6e, 0x2e,
    0x30, 0x2f, 0x55, 0x6e, 0x73, 0x71, 0x75, 0x65, 0x65, 0x7a, 0x65, 0x5f, 0x6f, 0x75, 0x74, 0x70,
    0x75, 0x74, 0x5f, 0x30, 0x1a, 0x2c, 0x2f, 0x65, 0x6e, 0x63, 0x2f, 0x65, 0x6d, 0x62, 0x5f, 0x67,
    0x72, 0x75, 0x2f, 0x6c, 0x69, 0x6e, 0x65, 0x61, 0x72, 0x5f, 0x69, 0x6e, 0x2f, 0x6c, 0x69, 0x6e,
    0x65, 0x61, 0x72, 0x5f, 0x69, 0x6e, 0x2e, 0x30, 0x2f, 0x55, 0x6e, 0x73, 0x71, 0x75, 0x65, 0x65,
    0x7a, 0x65, 0x22, 0x09, 0x55, 0x6e, 0x73, 0x71, 0x75, 0x65, 0x65, 0x7a, 0x65, 0x0a, 0x49, 0x12,
    0x13, 0x6f, 0x6e, 0x6e, 0x78, 0x3a, 0x3a, 0x55, 0x6e, 0x73, 0x71, 0x75, 0x65, 0x65, 0x7a, 0x65,
    0x5f, 0x33, 0x32, 0x38, 0x1a, 0x0c, 0x43, 0x6f, 0x6e, 0x73, 0x74, 0x61, 0x6e, 0x74, 0x5f, 0x33,
    0x33, 0x33, 0x22, 0x08, 0x43, 0x6f, 0x6e, 0x73, 0x74, 0x61, 0x6e, 0x74, 0x2a, 0x1a, 0x0a, 0x05,
    0x76, 0x61, 0x6c, 0x75, 0x65, 0x2a, 0x0e, 0x08, 0x01, 0x10, 0x07, 0x4a, 0x08, 0x00, 0x00, 0x00,
    0x00, 0x00, 0x00, 0x00, 0x00, 0xa0, 0x01, 0x04, 0x0a, 0xbf, 0x01, 0x0a, 0x34, 0x2f, 0x65, 0x6e,
    0x63, 0x2f, 0x65, 0x6d, 0x62, 0x5f, 0x67, 0x72, 0x75, 0x2f, 0x6c, 0x69, 0x6e, 0x65, 0x61, 0x72,
    0x5f, 0x69, 0x6e, 0x2f, 0x6c, 0x69, 0x6e, 0x65, 0x61, 0x72, 0x5f, 0x69, 0x6e, 0x2e, 0x30, 0x2f,
    0x47, 0x61, 0x74, 0x68, 0x65, 0x72, 0x5f, 0x31, 0x5f, 0x6f, 0x75, 0x74, 0x70, 0x75, 0x74, 0x5f,
    0x30, 0x0a, 0x13, 0x6f, 0x6e, 0x6e, 0x78, 0x3a, 0x3a, 0x55, 0x6e, 0x73, 0x71, 0x75, 0x65, 0x65,
    0x7a, 0x65, 0x5f, 0x33, 0x32, 0x38, 0x12, 0x37, 0x2f, 0x65, 0x6e, 0x63, 0x2f, 0x65, 0x6d, 0x62,
    0x5f, 0x67, 0x72, 0x75, 0x2f, 0x6c, 0x69, 0x6e, 0x65, 0x61, 0x72, 0x5f, 0x69, 0x6e, 0x2f, 0x6c,
    0x69, 0x6e, 0x65, 0x61, 0x72, 0x5f, 0x69, 0x6e, 0x2e, 0x30, 0x2f, 0x55, 0x6e, 0x73, 0x71, 0x75,
    0x65, 0x65, 0x7a, 0x65, 0x5f, 0x31, 0x5f, 0x6f, 0x75, 0x74, 0x70, 0x75, 0x74, 0x5f, 0x30, 0x1a,
    0x2e, 0x2f, 0x65, 0x6e, 0x63, 0x2f, 0x65, 0x6d, 0x62, 0x5f, 0x67, 0x72, 0x75, 0x2f, 0x6c, 0x69,
    0x6e, 0x65, 0x61, 0x72, 0x5f, 0x69, 0x6e, 0x2f, 0x6c, 0x69, 0x6e, 0x65, 0x61, 0x72, 0x5f, 0x69,
    0x6e, 0x2e, 0x30, 0x2f, 0x55, 0x6e, 0x73, 0x71, 0x75, 0x65, 0x65, 0x7a, 0x65, 0x5f, 0x31, 0x22,
    0x09, 0x55, 0x6e, 0x73, 0x71, 0x75, 0x65, 0x65, 0x7a, 0x65, 0x0a, 0x8d, 0x01, 0x12, 0x36, 0x2f,
    0x65, 0x6e, 0x63, 0x2f, 0x65, 0x6d, 0x62, 0x5f, 0x67, 0x72, 0x75, 0x2f, 0x6c, 0x69, 0x6e, 0x65,
    0x61, 0x72, 0x5f, 0x69, 0x6e, 0x2f, 0x6c, 0x69, 0x6e, 0x65, 0x61, 0x72, 0x5f, 0x69, 0x6e, 0x2e,
    0x30, 0x2f, 0x43, 0x6f, 0x6e, 0x73, 0x74, 0x61, 0x6e, 0x74, 0x5f, 0x32, 0x5f, 0x6f, 0x75, 0x74,
    0x70, 0x75, 0x74, 0x5f, 0x30, 0x1a, 0x2d, 0x2f, 0x65, 0x6e, 0x63, 0x2f, 0x65, 0x6d, 0x62, 0x5f,
    0x67, 0x72, 0x75, 0x2f, 0x6c, 0x69, 0x6e, 0x65, 0x61, 0x72, 0x5f, 0x69, 0x6e, 0x2f, 0x6c, 0x69,
    0x6e, 0x65, 0x61, 0x72, 0x5f, 0x69, 0x6e, 0x2e, 0x30, 0x2f, 0x43, 0x6f, 0x6e, 0x73, 0x74, 0x61,
    0x6e, 0x74, 0x5f, 0x32, 0x22, 0x08, 0x43, 0x6f, 0x6e, 0x73, 0x74, 0x61, 0x6e, 0x74, 0x2a, 0x1a,
    0x0a, 0x05, 0x76, 0x61, 0x6c, 0x75, 0x65, 0x2a, 0x0e, 0x08, 0x01, 0x10, 0x07, 0x4a, 0x08, 0x10,
    0x00, 0x00, 0x00, 0x00, 0x00, 0x00, 0x00, 0xa0, 0x01, 0x04, 0x0a, 0x8d, 0x01, 0x12, 0x36, 0x2f,
    0x65, 0x6e, 0x63, 0x2f, 0x65, 0x6d, 0x62, 0x5f, 0x67, 0x72, 0x75, 0x2f, 0x6c, 0x69, 0x6e, 0x65,
    0x61, 0x72, 0x5f, 0x69, 0x6e, 0x2f, 0x6c, 0x69, 0x6e, 0x65, 0x61, 0x72, 0x5f, 0x69, 0x6e, 0x2e,
    0x30, 0x2f, 0x43, 0x6f, 0x6e, 0x73, 0x74, 0x61, 0x6e, 0x74, 0x5f, 0x33, 0x5f, 0x6f, 0x75, 0x74,
    0x70, 0x75, 0x74, 0x5f, 0x30, 0x1a, 0x2d, 0x2f, 0x65, 0x6e, 0x63, 0x2f, 0x65, 0x6d, 0x62, 0x5f,
    0x67, 0x72, 0x75, 0x2f, 0x6c, 0x69, 0x6e, 0x65, 0x61, 0x72, 0x5f, 0x69, 0x6e, 0x2f, 0x6c, 0x69,
    0x6e, 0x65, 0x61, 0x72, 0x5f, 0x69, 0x6e, 0x2e, 0x30, 0x2f, 0x43, 0x6f, 0x6e, 0x73, 0x74, 0x61,
    0x6e, 0x74, 0x5f, 0x33, 0x22, 0x08, 0x43, 0x6f, 0x6e, 0x73, 0x74, 0x61, 0x6e, 0x74, 0x2a, 0x1a,
    0x0a, 0x05, 0x76, 0x61, 0x6c, 0x75, 0x65, 0x2a, 0x0e, 0x08, 0x01, 0x10, 0x07, 0x4a, 0x08, 0x20,
    0x00, 0x00, 0x00, 0x00, 0x00, 0x00, 0x00, 0xa0, 0x01, 0x04, 0x0a, 0xd4, 0x02, 0x0a, 0x35, 0x2f,
    0x65, 0x6e, 0x63, 0x2f, 0x65, 0x6d, 0x62, 0x5f, 0x67, 0x72, 0x75, 0x2f, 0x6c, 0x69, 0x6e, 0x65,
    0x61, 0x72, 0x5f, 0x69, 0x6e, 0x2f, 0x6c, 0x69, 0x6e, 0x65, 0x61, 0x72, 0x5f, 0x69, 0x6e, 0x2e,
    0x30, 0x2f, 0x55, 0x6e, 0x73, 0x71, 0x75, 0x65, 0x65, 0x7a, 0x65, 0x5f, 0x6f, 0x75, 0x74, 0x70,
    0x75, 0x74, 0x5f, 0x30, 0x0a, 0x37, 0x2f, 0x65, 0x6e, 0x63, 0x2f, 0x65, 0x6d, 0x62, 0x5f, 0x67,
    0x72, 0x75, 0x2f, 0x6c, 0x69, 0x6e, 0x65, 0x61, 0x72, 0x5f, 0x69, 0x6e, 0x2f, 0x6c, 0x69, 0x6e,
    0x65, 0x61, 0x72, 0x5f, 0x69, 0x6e, 0x2e, 0x30, 0x2f, 0x55, 0x6e, 0x73, 0x71, 0x75, 0x65, 0x65,
    0x7a, 0x65, 0x5f, 0x31, 0x5f, 0x6f, 0x75, 0x74, 0x70, 0x75, 0x74, 0x5f, 0x30, 0x0a, 0x36, 0x2f,
    0x65, 0x6e, 0x63, 0x2f, 0x65, 0x6d, 0x62, 0x5f, 0x67, 0x72, 0x75, 0x2f, 0x6c, 0x69, 0x6e, 0x65,
    0x61, 0x72, 0x5f, 0x69, 0x6e, 0x2f, 0x6c, 0x69, 0x6e, 0x65, 0x61, 0x72, 0x5f, 0x69, 0x6e, 0x2e,
    0x30, 0x2f, 0x43, 0x6f, 0x6e, 0x73, 0x74, 0x61, 0x6e, 0x74, 0x5f, 0x32, 0x5f, 0x6f, 0x75, 0x74,
    0x70, 0x75, 0x74, 0x5f, 0x30, 0x0a, 0x36, 0x2f, 0x65, 0x6e, 0x63, 0x2f, 0x65, 0x6d, 0x62, 0x5f,
    0x67, 0x72, 0x75, 0x2f, 0x6c, 0x69, 0x6e, 0x65, 0x61, 0x72, 0x5f, 0x69, 0x6e, 0x2f, 0x6c, 0x69,
    0x6e, 0x65, 0x61, 0x72, 0x5f, 0x69, 0x6e, 0x2e, 0x30, 0x2f, 0x43, 0x6f, 0x6e, 0x73, 0x74, 0x61,
    0x6e, 0x74, 0x5f, 0x33, 0x5f, 0x6f, 0x75, 0x74, 0x70, 0x75, 0x74, 0x5f, 0x30, 0x12, 0x32, 0x2f,
    0x65, 0x6e, 0x63, 0x2f, 0x65, 0x6d, 0x62, 0x5f, 0x67, 0x72, 0x75, 0x2f, 0x6c, 0x69, 0x6e, 0x65,
    0x61, 0x72, 0x5f, 0x69, 0x6e, 0x2f, 0x6c, 0x69, 0x6e, 0x65, 0x61, 0x72, 0x5f, 0x69, 0x6e, 0x2e,
    0x30, 0x2f, 0x43, 0x6f, 0x6e, 0x63, 0x61, 0x74, 0x5f, 0x6f, 0x75, 0x74, 0x70, 0x75, 0x74, 0x5f,
    0x30, 0x1a, 0x29, 0x2f, 0x65, 0x6e, 0x63, 0x2f, 0x65, 0x6d, 0x62, 0x5f, 0x67, 0x72, 0x75, 0x2f,
    0x6c, 0x69, 0x6e, 0x65, 0x61, 0x72, 0x5f, 0x69, 0x6e, 0x2f, 0x6c, 0x69, 0x6e, 0x65, 0x61, 0x72,
    0x5f, 0x69, 0x6e, 0x2e, 0x30, 0x2f, 0x43, 0x6f, 0x6e, 0x63, 0x61, 0x74, 0x22, 0x06, 0x43, 0x6f,
    0x6e, 0x63, 0x61, 0x74, 0x2a, 0x0b, 0x0a, 0x04, 0x61, 0x78, 0x69, 0x73, 0x18, 0x00, 0xa0, 0x01,
    0x02, 0x0a, 0xcb, 0x01, 0x0a, 0x19, 0x2f, 0x65, 0x6e, 0x63, 0x2f, 0x63, 0x6f, 0x6d, 0x62, 0x69,
    0x6e, 0x65, 0x2f, 0x41, 0x64, 0x64, 0x5f, 0x6f, 0x75, 0x74, 0x70, 0x75, 0x74, 0x5f, 0x30, 0x0a,
    0x32, 0x2f, 0x65, 0x6e, 0x63, 0x2f, 0x65, 0x6d, 0x62, 0x5f, 0x67, 0x72, 0x75, 0x2f, 0x6c, 0x69,
    0x6e, 0x65, 0x61, 0x72, 0x5f, 0x69, 0x6e, 0x2f, 0x6c, 0x69, 0x6e, 0x65, 0x61, 0x72, 0x5f, 0x69,
    0x6e, 0x2e, 0x30, 0x2f, 0x43, 0x6f, 0x6e, 0x63, 0x61, 0x74, 0x5f, 0x6f, 0x75, 0x74, 0x70, 0x75,
    0x74, 0x5f, 0x30, 0x12, 0x33, 0x2f, 0x65, 0x6e, 0x63, 0x2f, 0x65, 0x6d, 0x62, 0x5f, 0x67, 0x72,
    0x75, 0x2f, 0x6c, 0x69, 0x6e, 0x65, 0x61, 0x72, 0x5f, 0x69, 0x6e, 0x2f, 0x6c, 0x69, 0x6e, 0x65,
    0x61, 0x72, 0x5f, 0x69, 0x6e, 0x2e, 0x30, 0x2f, 0x52, 0x65, 0x73, 0x68, 0x61, 0x70, 0x65, 0x5f,
    0x6f, 0x75, 0x74, 0x70, 0x75, 0x74, 0x5f, 0x30, 0x1a, 0x2a, 0x2f, 0x65, 0x6e, 0x63, 0x2f, 0x65,
    0x6d, 0x62, 0x5f, 0x67, 0x72, 0x75, 0x2f, 0x6c, 0x69, 0x6e, 0x65, 0x61, 0x72, 0x5f, 0x69, 0x6e,
    0x2f, 0x6c, 0x69, 0x6e, 0x65, 0x61, 0x72, 0x5f, 0x69, 0x6e, 0x2e, 0x30, 0x2f, 0x52, 0x65, 0x73,
    0x68, 0x61, 0x70, 0x65, 0x22, 0x07, 0x52, 0x65, 0x73, 0x68, 0x61, 0x70, 0x65, 0x2a, 0x10, 0x0a,
    0x09, 0x61, 0x6c, 0x6c, 0x6f, 0x77, 0x7a, 0x65, 0x72, 0x6f, 0x18, 0x00, 0xa0, 0x01, 0x02, 0x0a,
    0xdb, 0x01, 0x0a, 0x33, 0x2f, 0x65, 0x6e, 0x63, 0x2f, 0x65, 0x6d, 0x62, 0x5f, 0x67, 0x72, 0x75,
    0x2f, 0x6c, 0x69, 0x6e, 0x65, 0x61, 0x72, 0x5f, 0x69, 0x6e, 0x2f, 0x6c, 0x69, 0x6e, 0x65, 0x61,
    0x72, 0x5f, 0x69, 0x6e, 0x2e, 0x30, 0x2f, 0x52, 0x65, 0x73, 0x68, 0x61, 0x70, 0x65, 0x5f, 0x6f,
    0x75, 0x74, 0x70, 0x75, 0x74, 0x5f, 0x30, 0x0a, 0x1e, 0x65, 0x6e, 0x63, 0x2e, 0x65, 0x6d, 0x62,
    0x5f, 0x67, 0x72, 0x75, 0x2e, 0x6c, 0x69, 0x6e, 0x65, 0x61, 0x72, 0x5f, 0x69, 0x6e, 0x2e, 0x30,
    0x2e, 0x77, 0x65, 0x69, 0x67, 0x68, 0x74, 0x12, 0x32, 0x2f, 0x65, 0x6e, 0x63, 0x2f, 0x65, 0x6d,
    0x62, 0x5f, 0x67, 0x72, 0x75, 0x2f, 0x6c, 0x69, 0x6e, 0x65, 0x61, 0x72, 0x5f, 0x69, 0x6e, 0x2f,
    0x6c, 0x69, 0x6e, 0x65, 0x61, 0x72, 0x5f, 0x69, 0x6e, 0x2e, 0x30, 0x2f, 0x45, 0x69, 0x6e, 0x73,
    0x75, 0x6d, 0x5f, 0x6f, 0x75, 0x74, 0x70, 0x75, 0x74, 0x5f, 0x30, 0x1a, 0x29, 0x2f, 0x65, 0x6e,
    0x63, 0x2f, 0x65, 0x6d, 0x62, 0x5f, 0x67, 0x72, 0x75, 0x2f, 0x6c, 0x69, 0x6e, 0x65, 0x61, 0x72,
    0x5f, 0x69, 0x6e, 0x2f, 0x6c, 0x69, 0x6e, 0x65, 0x61, 0x72, 0x5f, 0x69, 0x6e, 0x2e, 0x30, 0x2f,
    0x45, 0x69, 0x6e, 0x73, 0x75, 0x6d, 0x22, 0x06, 0x45, 0x69, 0x6e, 0x73, 0x75, 0x6d, 0x2a, 0x1d,
    0x0a, 0x08, 0x65, 0x71, 0x75, 0x61, 0x74, 0x69, 0x6f, 0x6e, 0x22, 0x0e, 0x62, 0x74, 0x67, 0x69,
    0x2c, 0x67, 0x69, 0x68, 0x2d, 0x3e, 0x62, 0x74, 0x67, 0x68, 0xa0, 0x01, 0x03, 0x0a, 0x9c, 0x01,
    0x0a, 0x32, 0x2f, 0x65, 0x6e, 0x63, 0x2f, 0x65, 0x6d, 0x62, 0x5f, 0x67, 0x72, 0x75, 0x2f, 0x6c,
    0x69, 0x6e, 0x65, 0x61, 0x72, 0x5f, 0x69, 0x6e, 0x2f, 0x6c, 0x69, 0x6e, 0x65, 0x61, 0x72, 0x5f,
    0x69, 0x6e, 0x2e, 0x30, 0x2f, 0x45, 0x69, 0x6e, 0x73, 0x75, 0x6d, 0x5f, 0x6f, 0x75, 0x74, 0x70,
    0x75, 0x74, 0x5f, 0x30, 0x12, 0x33, 0x2f, 0x65, 0x6e, 0x63, 0x2f, 0x65, 0x6d, 0x62, 0x5f, 0x67,
    0x72, 0x75, 0x2f, 0x6c, 0x69, 0x6e, 0x65, 0x61, 0x72, 0x5f, 0x69, 0x6e, 0x2f, 0x6c, 0x69, 0x6e,
    0x65, 0x61, 0x72, 0x5f, 0x69, 0x6e, 0x2e, 0x30, 0x2f, 0x53, 0x68, 0x61, 0x70, 0x65, 0x5f, 0x32,
    0x5f, 0x6f, 0x75, 0x74, 0x70, 0x75, 0x74, 0x5f, 0x30, 0x1a, 0x2a, 0x2f, 0x65, 0x6e, 0x63, 0x2f,
    0x65, 0x6d, 0x62, 0x5f, 0x67, 0x72, 0x75, 0x2f, 0x6c, 0x69, 0x6e, 0x65, 0x61, 0x72, 0x5f, 0x69,
    0x6e, 0x2f, 0x6c, 0x69, 0x6e, 0x65, 0x61, 0x72, 0x5f, 0x69, 0x6e, 0x2e, 0x30, 0x2f, 0x53, 0x68,
    0x61, 0x70, 0x65, 0x5f, 0x32, 0x22, 0x05, 0x53, 0x68, 0x61, 0x70, 0x65, 0x0a, 0x8d, 0x01, 0x12,
    0x36, 0x2f, 0x65, 0x6e, 0x63, 0x2f, 0x65, 0x6d, 0x62, 0x5f, 0x67, 0x72, 0x75, 0x2f, 0x6c, 0x69,
    0x6e, 0x65, 0x61, 0x72, 0x5f, 0x69, 0x6e, 0x2f, 0x6c, 0x69, 0x6e, 0x65, 0x61, 0x72, 0x5f, 0x69,
    0x6e, 0x2e, 0x30, 0x2f, 0x43, 0x6f, 0x6e, 0x73, 0x74, 0x61, 0x6e, 0x74, 0x5f, 0x34, 0x5f, 0x6f,
    0x75, 0x74, 0x70, 0x75, 0x74, 0x5f, 0x30, 0x1a, 0x2d, 0x2f, 0x65, 0x6e, 0x63, 0x2f, 0x65, 0x6d,
    0x62, 0x5f, 0x67, 0x72, 0x75, 0x2f, 0x6c, 0x69, 0x6e, 0x65, 0x61, 0x72, 0x5f, 0x69, 0x6e, 0x2f,
    0x6c, 0x69, 0x6e, 0x65, 0x61, 0x72, 0x5f, 0x69, 0x6e, 0x2e, 0x30, 0x2f, 0x43, 0x6f, 0x6e, 0x73,
    0x74, 0x61, 0x6e, 0x74, 0x5f, 0x34, 0x22, 0x08, 0x43, 0x6f, 0x6e, 0x73, 0x74, 0x61, 0x6e, 0x74,
    0x2a, 0x1a, 0x0a, 0x05, 0x76, 0x61, 0x6c, 0x75, 0x65, 0x2a, 0x0e, 0x08, 0x01, 0x10, 0x07, 0x4a,
    0x08, 0x00, 0x00, 0x00, 0x00, 0x00, 0x00, 0x00, 0x00, 0xa0, 0x01, 0x04, 0x0a, 0x8d, 0x01, 0x12,
    0x36, 0x2f, 0x65, 0x6e, 0x63, 0x2f, 0x65, 0x6d, 0x62, 0x5f, 0x67, 0x72, 0x75, 0x2f, 0x6c, 0x69,
    0x6e, 0x65, 0x61, 0x72, 0x5f, 0x69, 0x6e, 0x2f, 0x6c, 0x69, 0x6e, 0x65, 0x61, 0x72, 0x5f, 0x69,
    0x6e, 0x2e, 0x30, 0x2f, 0x43, 0x6f, 0x6e, 0x73, 0x74, 0x61, 0x6e, 0x74, 0x5f, 0x35, 0x5f, 0x6f,
    0x75, 0x74, 0x70, 0x75, 0x74, 0x5f, 0x30, 0x1a, 0x2d, 0x2f, 0x65, 0x6e, 0x63, 0x2f, 0x65, 0x6d,
    0x62, 0x5f, 0x67, 0x72, 0x75, 0x2f, 0x6c, 0x69, 0x6e, 0x65, 0x61, 0x72, 0x5f, 0x69, 0x6e, 0x2f,
    0x6c, 0x69, 0x6e, 0x65, 0x61, 0x72, 0x5f, 0x69, 0x6e, 0x2e, 0x30, 0x2f, 0x43, 0x6f, 0x6e, 0x73,
    0x74, 0x61, 0x6e, 0x74, 0x5f, 0x35, 0x22, 0x08, 0x43, 0x6f, 0x6e, 0x73, 0x74, 0x61, 0x6e, 0x74,
    0x2a, 0x1a, 0x0a, 0x05, 0x76, 0x61, 0x6c, 0x75, 0x65, 0x2a, 0x0e, 0x08, 0x01, 0x10, 0x07, 0x4a,
    0x08, 0x00, 0x00, 0x00, 0x00, 0x00, 0x00, 0x00, 0x00, 0xa0, 0x01, 0x04, 0x0a, 0x8d, 0x01, 0x12,
    0x36, 0x2f, 0x65, 0x6e, 0x63, 0x2f, 0x65, 0x6d, 0x62, 0x5f, 0x67, 0x72, 0x75, 0x2f, 0x6c, 0x69,
    0x6e, 0x65, 0x61, 0x72, 0x5f, 0x69, 0x6e, 0x2f, 0x6c, 0x69, 0x6e, 0x65, 0x61, 0x72, 0x5f, 0x69,
    0x6e, 0x2e, 0x30, 0x2f, 0x43, 0x6f, 0x6e, 0x73, 0x74, 0x61, 0x6e, 0x74, 0x5f, 0x36, 0x5f, 0x6f,
    0x75, 0x74, 0x70, 0x75, 0x74, 0x5f, 0x30, 0x1a, 0x2d, 0x2f, 0x65, 0x6e, 0x63, 0x2f, 0x65, 0x6d,
    0x62, 0x5f, 0x67, 0x72, 0x75, 0x2f, 0x6c, 0x69, 0x6e, 0x65, 0x61, 0x72, 0x5f, 0x69, 0x6e, 0x2f,
    0x6c, 0x69, 0x6e, 0x65, 0x61, 0x72, 0x5f, 0x69, 0x6e, 0x2e, 0x30, 0x2f, 0x43, 0x6f, 0x6e, 0x73,
    0x74, 0x61, 0x6e, 0x74, 0x5f, 0x36, 0x22, 0x08, 0x43, 0x6f, 0x6e, 0x73, 0x74, 0x61, 0x6e, 0x74,
    0x2a, 0x1a, 0x0a, 0x05, 0x76, 0x61, 0x6c, 0x75, 0x65, 0x2a, 0x0e, 0x08, 0x01, 0x10, 0x07, 0x4a,
    0x08, 0x02, 0x00, 0x00, 0x00, 0x00, 0x00, 0x00, 0x00, 0xa0, 0x01, 0x04, 0x0a, 0xc1, 0x02, 0x0a,
    0x33, 0x2f, 0x65, 0x6e, 0x63, 0x2f, 0x65, 0x6d, 0x62, 0x5f, 0x67, 0x72, 0x75, 0x2f, 0x6c, 0x69,
    0x6e, 0x65, 0x61, 0x72, 0x5f, 0x69, 0x6e, 0x2f, 0x6c, 0x69, 0x6e, 0x65, 0x61, 0x72, 0x5f, 0x69,
    0x6e, 0x2e, 0x30, 0x2f, 0x53, 0x68, 0x61, 0x70, 0x65, 0x5f, 0x32, 0x5f, 0x6f, 0x75, 0x74, 0x70,
    0x75, 0x74, 0x5f, 0x30, 0x0a, 0x36, 0x2f, 0x65, 0x6e, 0x63, 0x2f, 0x65, 0x6d, 0x62, 0x5f, 0x67,
    0x72, 0x75, 0x2f, 0x6c, 0x69, 0x6e, 0x65, 0x61, 0x72, 0x5f, 0x69, 0x6e, 0x2f, 0x6c, 0x69, 0x6e,
    0x65, 0x61, 0x72, 0x5f, 0x69, 0x6e, 0x2e, 0x30, 0x2f, 0x43, 0x6f, 0x6e, 0x73, 0x74, 0x61, 0x6e,
    0x74, 0x5f, 0x35, 0x5f, 0x6f, 0x75, 0x74, 0x70, 0x75, 0x74, 0x5f, 0x30, 0x0a, 0x36, 0x2f, 0x65,
    0x6e, 0x63, 0x2f, 0x65, 0x6d, 0x62, 0x5f, 0x67, 0x72, 0x75, 0x2f, 0x6c, 0x69, 0x6e, 0x65, 0x61,
    0x72, 0x5f, 0x69, 0x6e, 0x2f, 0x6c, 0x69, 0x6e, 0x65, 0x61, 0x72, 0x5f, 0x69, 0x6e, 0x2e, 0x30,
    0x2f, 0x43, 0x6f, 0x6e, 0x73, 0x74, 0x61, 0x6e, 0x74, 0x5f, 0x36, 0x5f, 0x6f, 0x75, 0x74, 0x70,
    0x75, 0x74, 0x5f, 0x30, 0x0a, 0x36, 0x2f, 0x65, 0x6e, 0x63, 0x2f, 0x65, 0x6d, 0x62, 0x5f, 0x67,
    0x72, 0x75, 0x2f, 0x6c, 0x69, 0x6e, 0x65, 0x61, 0x72, 0x5f, 0x69, 0x6e, 0x2f, 0x6c, 0x69, 0x6e,
    0x65, 0x61, 0x72, 0x5f, 0x69, 0x6e, 0x2e, 0x30, 0x2f, 0x43, 0x6f, 0x6e, 0x73, 0x74, 0x61, 0x6e,
    0x74, 0x5f, 0x34, 0x5f, 0x6f, 0x75, 0x74, 0x70, 0x75, 0x74, 0x5f, 0x30, 0x12, 0x31, 0x2f, 0x65,
    0x6e, 0x63, 0x2f, 0x65, 0x6d, 0x62, 0x5f, 0x67, 0x72, 0x75, 0x2f, 0x6c, 0x69, 0x6e, 0x65, 0x61,
    0x72, 0x5f, 0x69, 0x6e, 0x2f, 0x6c, 0x69, 0x6e, 0x65, 0x61, 0x72, 0x5f, 0x69, 0x6e, 0x2e, 0x30,
    0x2f, 0x53, 0x6c, 0x69, 0x63, 0x65, 0x5f, 0x6f, 0x75, 0x74, 0x70, 0x75, 0x74, 0x5f, 0x30, 0x1a,
    0x28, 0x2f, 0x65, 0x6e, 0x63, 0x2f, 0x65, 0x6d, 0x62, 0x5f, 0x67, 0x72, 0x75, 0x2f, 0x6c, 0x69,
    0x6e, 0x65, 0x61, 0x72, 0x5f, 0x69, 0x6e, 0x2f, 0x6c, 0x69, 0x6e, 0x65, 0x61, 0x72, 0x5f, 0x69,
    0x6e, 0x2e, 0x30, 0x2f, 0x53, 0x6c, 0x69, 0x63, 0x65, 0x22, 0x05, 0x53, 0x6c, 0x69, 0x63, 0x65,
    0x0a, 0x8d, 0x01, 0x12, 0x36, 0x2f, 0x65, 0x6e, 0x63, 0x2f, 0x65, 0x6d, 0x62, 0x5f, 0x67, 0x72,
    0x75, 0x2f, 0x6c, 0x69, 0x6e, 0x65, 0x61, 0x72, 0x5f, 0x69, 0x6e, 0x2f, 0x6c, 0x69, 0x6e, 0x65,
    0x61, 0x72, 0x5f, 0x69, 0x6e, 0x2e, 0x30, 0x2f, 0x43, 0x6f, 0x6e, 0x73, 0x74, 0x61, 0x6e, 0x74,
    0x5f, 0x37, 0x5f, 0x6f, 0x75, 0x74, 0x70, 0x75, 0x74, 0x5f, 0x30, 0x1a, 0x2d, 0x2f, 0x65, 0x6e,
    0x63, 0x2f, 0x65, 0x6d, 0x62, 0x5f, 0x67, 0x72, 0x75, 0x2f, 0x6c, 0x69, 0x6e, 0x65, 0x61, 0x72,
    0x5f, 0x69, 0x6e, 0x2f, 0x6c, 0x69, 0x6e, 0x65, 0x61, 0x72, 0x5f, 0x69, 0x6e, 0x2e, 0x30, 0x2f,
    0x43, 0x6f, 0x6e, 0x73, 0x74, 0x61, 0x6e, 0x74, 0x5f, 0x37, 0x22, 0x08, 0x43, 0x6f, 0x6e, 0x73,
    0x74, 0x61, 0x6e, 0x74, 0x2a, 0x1a, 0x0a, 0x05, 0x76, 0x61, 0x6c, 0x75, 0x65, 0x2a, 0x0e, 0x08,
    0x01, 0x10, 0x07, 0x4a, 0x08, 0xff, 0xff, 0xff, 0xff, 0xff, 0xff, 0xff, 0xff, 0xa0, 0x01, 0x04,
    0x0a, 0xe3, 0x01, 0x0a, 0x31, 0x2f, 0x65, 0x6e, 0x63, 0x2f, 0x65, 0x6d, 0x62, 0x5f, 0x67, 0x72,
    0x75, 0x2f, 0x6c, 0x69, 0x6e, 0x65, 0x61, 0x72, 0x5f, 0x69, 0x6e, 0x2f, 0x6c, 0x69, 0x6e, 0x65,
    0x61, 0x72, 0x5f, 0x69, 0x6e, 0x2e, 0x30, 0x2f, 0x53, 0x6c, 0x69, 0x63, 0x65, 0x5f, 0x6f, 0x75,
    0x74, 0x70, 0x75, 0x74, 0x5f, 0x30, 0x0a, 0x36, 0x2f, 0x65, 0x6e, 0x63, 0x2f, 0x65, 0x6d, 0x62,
    0x5f, 0x67, 0x72, 0x75, 0x2f, 0x6c, 0x69, 0x6e, 0x65, 0x61, 0x72, 0x5f, 0x69, 0x6e, 0x2f, 0x6c,
    0x69, 0x6e, 0x65, 0x61, 0x72, 0x5f, 0x69, 0x6e, 0x2e, 0x30, 0x2f, 0x43, 0x6f, 0x6e, 0x73, 0x74,
    0x61, 0x6e, 0x74, 0x5f, 0x37, 0x5f, 0x6f, 0x75, 0x74, 0x70, 0x75, 0x74, 0x5f, 0x30, 0x12, 0x34,
    0x2f, 0x65, 0x6e, 0x63, 0x2f, 0x65, 0x6d, 0x62, 0x5f, 0x67, 0x72, 0x75, 0x2f, 0x6c, 0x69, 0x6e,
    0x65, 0x61, 0x72, 0x5f, 0x69, 0x6e, 0x2f, 0x6c, 0x69, 0x6e, 0x65, 0x61, 0x72, 0x5f, 0x69, 0x6e,
    0x2e, 0x30, 0x2f, 0x43, 0x6f, 0x6e, 0x63, 0x61, 0x74, 0x5f, 0x31, 0x5f, 0x6f, 0x75, 0x74, 0x70,
    0x75, 0x74, 0x5f, 0x30, 0x1a, 0x2b, 0x2f, 0x65, 0x6e, 0x63, 0x2f, 0x65, 0x6d, 0x62, 0x5f, 0x67,
    0x72, 0x75, 0x2f, 0x6c, 0x69, 0x6e, 0x65, 0x61, 0x72, 0x5f, 0x69, 0x6e, 0x2f, 0x6c, 0x69, 0x6e,
    0x65, 0x61, 0x72, 0x5f, 0x69, 0x6e, 0x2e, 0x30, 0x2f, 0x43, 0x6f, 0x6e, 0x63, 0x61, 0x74, 0x5f,
    0x31, 0x22, 0x06, 0x43, 0x6f, 0x6e, 0x63, 0x61, 0x74, 0x2a, 0x0b, 0x0a, 0x04, 0x61, 0x78, 0x69,
    0x73, 0x18, 0x00, 0xa0, 0x01, 0x02, 0x0a, 0xea, 0x01, 0x0a, 0x32, 0x2f, 0x65, 0x6e, 0x63, 0x2f,
    0x65, 0x6d, 0x62, 0x5f, 0x67, 0x72, 0x75, 0x2f, 0x6c, 0x69, 0x6e, 0x65, 0x61, 0x72, 0x5f, 0x69,
    0x6e, 0x2f, 0x6c, 0x69, 0x6e, 0x65, 0x61, 0x72, 0x5f, 0x69, 0x6e, 0x2e, 0x30, 0x2f, 0x45, 0x69,
    0x6e, 0x73, 0x75, 0x6d, 0x5f, 0x6f, 0x75, 0x74, 0x70, 0x75, 0x74, 0x5f, 0x30, 0x0a, 0x34, 0x2f,
    0x65, 0x6e, 0x63, 0x2f, 0x65, 0x6d, 0x62, 0x5f, 0x67, 0x72, 0x75, 0x2f, 0x6c, 0x69, 0x6e, 0x65,
    0x61, 0x72, 0x5f, 0x69, 0x6e, 0x2f, 0x6c, 0x69, 0x6e, 0x65, 0x61, 0x72, 0x5f, 0x69, 0x6e, 0x2e,
    0x30, 0x2f, 0x43, 0x6f, 0x6e, 0x63, 0x61, 0x74, 0x5f, 0x31, 0x5f, 0x6f, 0x75, 0x74, 0x70, 0x75,
    0x74, 0x5f, 0x30, 0x12, 0x35, 0x2f, 0x65, 0x6e, 0x63, 0x2f, 0x65, 0x6d, 0x62, 0x5f, 0x67, 0x72,
    0x75, 0x2f, 0x6c, 0x69, 0x6e, 0x65, 0x61, 0x72, 0x5f, 0x69, 0x6e, 0x2f, 0x6c, 0x69, 0x6e, 0x65,
    0x61, 0x72, 0x5f, 0x69, 0x6e, 0x2e, 0x30, 0x2f, 0x52, 0x65, 0x73, 0x68, 0x61, 0x70, 0x65, 0x5f,
    0x31, 0x5f, 0x6f, 0x75, 0x74, 0x70, 0x75, 0x74, 0x5f, 0x30, 0x1a, 0x2c, 0x2f, 0x65, 0x6e, 0x63,
    0x2f, 0x65, 0x6d, 0x62, 0x5f, 0x67, 0x72, 0x75, 0x2f, 0x6c, 0x69, 0x6e, 0x65, 0x61, 0x72, 0x5f,
    0x69, 0x6e, 0x2f, 0x6c, 0x69, 0x6e, 0x65, 0x61, 0x72, 0x5f, 0x69, 0x6e, 0x2e, 0x30, 0x2f, 0x52,
    0x65, 0x73, 0x68, 0x61, 0x70, 0x65, 0x5f, 0x31, 0x22, 0x07, 0x52, 0x65, 0x73, 0x68, 0x61, 0x70,
    0x65, 0x2a, 0x10, 0x0a, 0x09, 0x61, 0x6c, 0x6c, 0x6f, 0x77, 0x7a, 0x65, 0x72, 0x6f, 0x18, 0x00,
    0xa0, 0x01, 0x02, 0x0a, 0x98, 0x01, 0x0a, 0x35, 0x2f, 0x65, 0x6e, 0x63, 0x2f, 0x65, 0x6d, 0x62,
    0x5f, 0x67, 0x72, 0x75, 0x2f, 0x6c, 0x69, 0x6e, 0x65, 0x61, 0x72, 0x5f, 0x69, 0x6e, 0x2f, 0x6c,
    0x69, 0x6e, 0x65, 0x61, 0x72, 0x5f, 0x69, 0x6e, 0x2e, 0x30, 0x2f, 0x52, 0x65, 0x73, 0x68, 0x61,
    0x70, 0x65, 0x5f, 0x31, 0x5f, 0x6f, 0x75, 0x74, 0x70, 0x75, 0x74, 0x5f, 0x30, 0x12, 0x30, 0x2f,
    0x65, 0x6e, 0x63, 0x2f, 0x65, 0x6d, 0x62, 0x5f, 0x67, 0x72, 0x75, 0x2f, 0x6c, 0x69, 0x6e, 0x65,
    0x61, 0x72, 0x5f, 0x69, 0x6e, 0x2f, 0x6c, 0x69, 0x6e, 0x65, 0x61, 0x72, 0x5f, 0x69, 0x6e, 0x2e,
    0x31, 0x2f, 0x52, 0x65, 0x6c, 0x75, 0x5f, 0x6f, 0x75, 0x74, 0x70, 0x75, 0x74, 0x5f, 0x30, 0x1a,
    0x27, 0x2f, 0x65, 0x6e, 0x63, 0x2f, 0x65, 0x6d, 0x62, 0x5f, 0x67, 0x72, 0x75, 0x2f, 0x6c, 0x69,
    0x6e, 0x65, 0x61, 0x72, 0x5f, 0x69, 0x6e, 0x2f, 0x6c, 0x69, 0x6e, 0x65, 0x61, 0x72, 0x5f, 0x69,
    0x6e, 0x2e, 0x31, 0x2f, 0x52, 0x65, 0x6c, 0x75, 0x22, 0x04, 0x52, 0x65, 0x6c, 0x75, 0x0a, 0x8f,
    0x01, 0x0a, 0x30, 0x2f, 0x65, 0x6e, 0x63, 0x2f, 0x65, 0x6d, 0x62, 0x5f, 0x67, 0x72, 0x75, 0x2f,
    0x6c, 0x69, 0x6e, 0x65, 0x61, 0x72, 0x5f, 0x69, 0x6e, 0x2f, 0x6c, 0x69, 0x6e, 0x65, 0x61, 0x72,
    0x5f, 0x69, 0x6e, 0x2e, 0x31, 0x2f, 0x52, 0x65, 0x6c, 0x75, 0x5f, 0x6f, 0x75, 0x74, 0x70, 0x75,
    0x74, 0x5f, 0x30, 0x12, 0x23, 0x2f, 0x65, 0x6e, 0x63, 0x2f, 0x65, 0x6d, 0x62, 0x5f, 0x67, 0x72,
    0x75, 0x2f, 0x67, 0x72, 0x75, 0x2f, 0x54, 0x72, 0x61, 0x6e, 0x73, 0x70, 0x6f, 0x73, 0x65, 0x5f,
    0x6f, 0x75, 0x74, 0x70, 0x75, 0x74, 0x5f, 0x30, 0x1a, 0x1a, 0x2f, 0x65, 0x6e, 0x63, 0x2f, 0x65,
    0x6d, 0x62, 0x5f, 0x67, 0x72, 0x75, 0x2f, 0x67, 0x72, 0x75, 0x2f, 0x54, 0x72, 0x61, 0x6e, 0x73,
    0x70, 0x6f, 0x73, 0x65, 0x22, 0x09, 0x54, 0x72, 0x61, 0x6e, 0x73, 0x70, 0x6f, 0x73, 0x65, 0x2a,
    0x0f, 0x0a, 0x04, 0x70, 0x65, 0x72, 0x6d, 0x40, 0x01, 0x40, 0x00, 0x40, 0x02, 0xa0, 0x01, 0x07,
    0x0a, 0xe5, 0x01, 0x0a, 0x23, 0x2f, 0x65, 0x6e, 0x63, 0x2f, 0x65, 0x6d, 0x62, 0x5f, 0x67, 0x72,
    0x75, 0x2f, 0x67, 0x72, 0x75, 0x2f, 0x54, 0x72, 0x61, 0x6e, 0x73, 0x70, 0x6f, 0x73, 0x65, 0x5f,
    0x6f, 0x75, 0x74, 0x70, 0x75, 0x74, 0x5f, 0x30, 0x0a, 0x0e, 0x6f, 0x6e, 0x6e, 0x78, 0x3a, 0x3a,
    0x47, 0x52, 0x55, 0x5f, 0x31, 0x30, 0x39, 0x33, 0x0a, 0x0e, 0x6f, 0x6e, 0x6e, 0x78, 0x3a, 0x3a,
    0x47, 0x52, 0x55, 0x5f, 0x31, 0x30, 0x39, 0x34, 0x0a, 0x0e, 0x6f, 0x6e, 0x6e, 0x78, 0x3a, 0x3a,
    0x47, 0x52, 0x55, 0x5f, 0x31, 0x30, 0x39, 0x35, 0x0a, 0x00, 0x0a, 0x02, 0x68, 0x30, 0x12, 0x1d,
    0x2f, 0x65, 0x6e, 0x63, 0x2f, 0x65, 0x6d, 0x62, 0x5f, 0x67, 0x72, 0x75, 0x2f, 0x67, 0x72, 0x75,
    0x2f, 0x47, 0x52, 0x55, 0x5f, 0x6f, 0x75, 0x74, 0x70, 0x75, 0x74, 0x5f, 0x30, 0x12, 0x1d, 0x2f,
    0x65, 0x6e, 0x63, 0x2f, 0x65, 0x6d, 0x62, 0x5f, 0x67, 0x72, 0x75, 0x2f, 0x67, 0x72, 0x75, 0x2f,
    0x47, 0x52, 0x55, 0x5f, 0x6f, 0x75, 0x74, 0x70, 0x75, 0x74, 0x5f, 0x31, 0x1a, 0x14, 0x2f, 0x65,
    0x6e, 0x63, 0x2f, 0x65, 0x6d, 0x62, 0x5f, 0x67, 0x72, 0x75, 0x2f, 0x67, 0x72, 0x75, 0x2f, 0x47,
    0x52, 0x55, 0x22, 0x03, 0x47, 0x52, 0x55, 0x2a, 0x13, 0x0a, 0x0b, 0x68, 0x69, 0x64, 0x64, 0x65,
    0x6e, 0x5f, 0x73, 0x69, 0x7a, 0x65, 0x18, 0x80, 0x02, 0xa0, 0x01, 0x02, 0x2a, 0x1a, 0x0a, 0x13,
    0x6c, 0x69, 0x6e, 0x65, 0x61, 0x72, 0x5f, 0x62, 0x65, 0x66, 0x6f, 0x72, 0x65, 0x5f, 0x72, 0x65,
    0x73, 0x65, 0x74, 0x18, 0x01, 0xa0, 0x01, 0x02, 0x0a, 0x69, 0x12, 0x24, 0x2f, 0x65, 0x6e, 0x63,
    0x2f, 0x65, 0x6d, 0x62, 0x5f, 0x67, 0x72, 0x75, 0x2f, 0x67, 0x72, 0x75, 0x2f, 0x43, 0x6f, 0x6e,
    0x73, 0x74, 0x61, 0x6e, 0x74, 0x5f, 0x33, 0x5f, 0x6f, 0x75, 0x74, 0x70, 0x75, 0x74, 0x5f, 0x30,
    0x1a, 0x1b, 0x2f, 0x65, 0x6e, 0x63, 0x2f, 0x65, 0x6d, 0x62, 0x5f, 0x67, 0x72, 0x75, 0x2f, 0x67,
    0x72, 0x75, 0x2f, 0x43, 0x6f, 0x6e, 0x73, 0x74, 0x61, 0x6e, 0x74, 0x5f, 0x33, 0x22, 0x08, 0x43,
    0x6f, 0x6e, 0x73, 0x74, 0x61, 0x6e, 0x74, 0x2a, 0x1a, 0x0a, 0x05, 0x76, 0x61, 0x6c, 0x75, 0x65,
    0x2a, 0x0e, 0x08, 0x01, 0x10, 0x07, 0x4a, 0x08, 0x01, 0x00, 0x00, 0x00, 0x00, 0x00, 0x00, 0x00,
    0xa0, 0x01, 0x04, 0x0a, 0x8b, 0x01, 0x0a, 0x1d, 0x2f, 0x65, 0x6e, 0x63, 0x2f, 0x65, 0x6d, 0x62,
    0x5f, 0x67, 0x72, 0x75, 0x2f, 0x67, 0x72, 0x75, 0x2f, 0x47, 0x52, 0x55, 0x5f, 0x6f, 0x75, 0x74,
    0x70, 0x75, 0x74, 0x5f, 0x30, 0x0a, 0x24, 0x2f, 0x65, 0x6e, 0x63, 0x2f, 0x65, 0x6d, 0x62, 0x5f,
    0x67, 0x72, 0x75, 0x2f, 0x67, 0x72, 0x75, 0x2f, 0x43, 0x6f, 0x6e, 0x73, 0x74, 0x61, 0x6e, 0x74,
    0x5f, 0x33, 0x5f, 0x6f, 0x75, 0x74, 0x70, 0x75, 0x74, 0x5f, 0x30, 0x12, 0x21, 0x2f, 0x65, 0x6e,
    0x63, 0x2f, 0x65, 0x6d, 0x62, 0x5f, 0x67, 0x72, 0x75, 0x2f, 0x67, 0x72, 0x75, 0x2f, 0x53, 0x71,
    0x75, 0x65, 0x65, 0x7a, 0x65, 0x5f, 0x6f, 0x75, 0x74, 0x70, 0x75, 0x74, 0x5f, 0x30, 0x1a, 0x18,
    0x2f, 0x65, 0x6e, 0x63, 0x2f, 0x65, 0x6d, 0x62, 0x5f, 0x67, 0x72, 0x75, 0x2f, 0x67, 0x72, 0x75,
    0x2f, 0x53, 0x71, 0x75, 0x65, 0x65, 0x7a, 0x65, 0x22, 0x07, 0x53, 0x71, 0x75, 0x65, 0x65, 0x7a,
    0x65, 0x0a, 0x84, 0x01, 0x0a, 0x21, 0x2f, 0x65, 0x6e, 0x63, 0x2f, 0x65, 0x6d, 0x62, 0x5f, 0x67,
    0x72, 0x75, 0x2f, 0x67, 0x72, 0x75, 0x2f, 0x53, 0x71, 0x75, 0x65, 0x65, 0x7a, 0x65, 0x5f, 0x6f,
    0x75, 0x74, 0x70, 0x75, 0x74, 0x5f, 0x30, 0x12, 0x25, 0x2f, 0x65, 0x6e, 0x63, 0x2f, 0x65, 0x6d,
    0x62, 0x5f, 0x67, 0x72, 0x75, 0x2f, 0x67, 0x72, 0x75, 0x2f, 0x54, 0x72, 0x61, 0x6e, 0x73, 0x70,
    0x6f, 0x73, 0x65, 0x5f, 0x31, 0x5f, 0x6f, 0x75, 0x74, 0x70, 0x75, 0x74, 0x5f, 0x30, 0x1a, 0x1c,
    0x2f, 0x65, 0x6e, 0x63, 0x2f, 0x65, 0x6d, 0x62, 0x5f, 0x67, 0x72, 0x75, 0x2f, 0x67, 0x72, 0x75,
    0x2f, 0x54, 0x72, 0x61, 0x6e, 0x73, 0x70, 0x6f, 0x73, 0x65, 0x5f, 0x31, 0x22, 0x09, 0x54, 0x72,
    0x61, 0x6e, 0x73, 0x70, 0x6f, 0x73, 0x65, 0x2a, 0x0f, 0x0a, 0x04, 0x70, 0x65, 0x72, 0x6d, 0x40,
    0x01, 0x40, 0x00, 0x40, 0x02, 0xa0, 0x01, 0x07, 0x0a, 0x8f, 0x01, 0x0a, 0x25, 0x2f, 0x65, 0x6e,
    0x63, 0x2f, 0x65, 0x6d, 0x62, 0x5f, 0x67, 0x72, 0x75, 0x2f, 0x67, 0x72, 0x75, 0x2f, 0x54, 0x72,
    0x61, 0x6e, 0x73, 0x70, 0x6f, 0x73, 0x65, 0x5f, 0x31, 0x5f, 0x6f, 0x75, 0x74, 0x70, 0x75, 0x74,
    0x5f, 0x30, 0x12, 0x33, 0x2f, 0x65, 0x6e, 0x63, 0x2f, 0x65, 0x6d, 0x62, 0x5f, 0x67, 0x72, 0x75,
    0x2f, 0x6c, 0x69, 0x6e, 0x65, 0x61, 0x72, 0x5f, 0x6f, 0x75, 0x74, 0x2f, 0x6c, 0x69, 0x6e, 0x65,
    0x61, 0x72, 0x5f, 0x6f, 0x75, 0x74, 0x2e, 0x30, 0x2f, 0x53, 0x68, 0x61, 0x70, 0x65, 0x5f, 0x6f,
    0x75, 0x74, 0x70, 0x75, 0x74, 0x5f, 0x30, 0x1a, 0x2a, 0x2f, 0x65, 0x6e, 0x63, 0x2f, 0x65, 0x6d,
    0x62, 0x5f, 0x67, 0x72, 0x75, 0x2f, 0x6c, 0x69, 0x6e, 0x65, 0x61, 0x72, 0x5f, 0x6f, 0x75, 0x74,
    0x2f, 0x6c, 0x69, 0x6e, 0x65, 0x61, 0x72, 0x5f, 0x6f, 0x75, 0x74, 0x2e, 0x30, 0x2f, 0x53, 0x68,
    0x61, 0x70, 0x65, 0x22, 0x05, 0x53, 0x68, 0x61, 0x70, 0x65, 0x0a, 0x8b, 0x01, 0x12, 0x36, 0x2f,
    0x65, 0x6e, 0x63, 0x2f, 0x65, 0x6d, 0x62, 0x5f, 0x67, 0x72, 0x75, 0x2f, 0x6c, 0x69, 0x6e, 0x65,
    0x61, 0x72, 0x5f, 0x6f, 0x75, 0x74, 0x2f, 0x6c, 0x69, 0x6e, 0x65, 0x61, 0x72, 0x5f, 0x6f, 0x75,
    0x74, 0x2e, 0x30, 0x2f, 0x43, 0x6f, 0x6e, 0x73, 0x74, 0x61, 0x6e, 0x74, 0x5f, 0x6f, 0x75, 0x74,
    0x70, 0x75, 0x74, 0x5f, 0x30, 0x1a, 0x2d, 0x2f, 0x65, 0x6e, 0x63, 0x2f, 0x65, 0x6d, 0x62, 0x5f,
    0x67, 0x72, 0x75, 0x2f, 0x6c, 0x69, 0x6e, 0x65, 0x61, 0x72, 0x5f, 0x6f, 0x75, 0x74, 0x2f, 0x6c,
    0x69, 0x6e, 0x65, 0x61, 0x72, 0x5f, 0x6f, 0x75, 0x74, 0x2e, 0x30, 0x2f, 0x43, 0x6f, 0x6e, 0x73,
    0x74, 0x61, 0x6e, 0x74, 0x22, 0x08, 0x43, 0x6f, 0x6e, 0x73, 0x74, 0x61, 0x6e, 0x74, 0x2a, 0x18,
    0x0a, 0x05, 0x76, 0x61, 0x6c, 0x75, 0x65, 0x2a, 0x0c, 0x10, 0x07, 0x4a, 0x08, 0x00, 0x00, 0x00,
    0x00, 0x00, 0x00, 0x00, 0x00, 0xa0, 0x01, 0x04, 0x0a, 0xe5, 0x01, 0x0a, 0x33, 0x2f, 0x65, 0x6e,
    0x63, 0x2f, 0x65, 0x6d, 0x62, 0x5f, 0x67, 0x72, 0x75, 0x2f, 0x6c, 0x69, 0x6e, 0x65, 0x61, 0x72,
    0x5f, 0x6f, 0x75, 0x74, 0x2f, 0x6c, 0x69, 0x6e, 0x65, 0x61, 0x72, 0x5f, 0x6f, 0x75, 0x74, 0x2e,
    0x30, 0x2f, 0x53, 0x68, 0x61, 0x70, 0x65, 0x5f, 0x6f, 0x75, 0x74, 0x70, 0x75, 0x74, 0x5f, 0x30,
    0x0a, 0x36, 0x2f, 0x65, 0x6e, 0x63, 0x2f, 0x65, 0x6d, 0x62, 0x5f, 0x67, 0x72, 0x75, 0x2f, 0x6c,
    0x69, 0x6e, 0x65, 0x61, 0x72, 0x5f, 0x6f, 0x75, 0x74, 0x2f, 0x6c, 0x69, 0x6e, 0x65, 0x61, 0x72,
    0x5f, 0x6f, 0x75, 0x74, 0x2e, 0x30, 0x2f, 0x43, 0x6f, 0x6e, 0x73, 0x74, 0x61, 0x6e, 0x74, 0x5f,
    0x6f, 0x75, 0x74, 0x70, 0x75, 0x74, 0x5f, 0x30, 0x12, 0x34, 0x2f, 0x65, 0x6e, 0x63, 0x2f, 0x65,
    0x6d, 0x62, 0x5f, 0x67, 0x72, 0x75, 0x2f, 0x6c, 0x69, 0x6e, 0x65, 0x61, 0x72, 0x5f, 0x6f, 0x75,
    0x74, 0x2f, 0x6c, 0x69, 0x6e, 0x65, 0x61, 0x72, 0x5f, 0x6f, 0x75, 0x74, 0x2e, 0x30, 0x2f, 0x47,
    0x61, 0x74, 0x68, 0x65, 0x72, 0x5f, 0x6f, 0x75, 0x74, 0x70, 0x75, 0x74, 0x5f, 0x30, 0x1a, 0x2b,
    0x2f, 0x65, 0x6e, 0x63, 0x2f, 0x65, 0x6d, 0x62, 0x5f, 0x67, 0x72, 0x75, 0x2f, 0x6c, 0x69, 0x6e,
    0x65, 0x61, 0x72, 0x5f, 0x6f, 0x75, 0x74, 0x2f, 0x6c, 0x69, 0x6e, 0x65, 0x61, 0x72, 0x5f, 0x6f,
    0x75, 0x74, 0x2e, 0x30, 0x2f, 0x47, 0x61, 0x74, 0x68, 0x65, 0x72, 0x22, 0x06, 0x47, 0x61, 0x74,
    0x68, 0x65, 0x72, 0x2a, 0x0b, 0x0a, 0x04, 0x61, 0x78, 0x69, 0x73, 0x18, 0x00, 0xa0, 0x01, 0x02,
    0x0a, 0x93, 0x01, 0x0a, 0x25, 0x2f, 0x65, 0x6e, 0x63, 0x2f, 0x65, 0x6d, 0x62, 0x5f, 0x67, 0x72,
    0x75, 0x2f, 0x67, 0x72, 0x75, 0x2f, 0x54, 0x72, 0x61, 0x6e, 0x73, 0x70, 0x6f, 0x73, 0x65, 0x5f,
    0x31, 0x5f, 0x6f, 0x75, 0x74, 0x70, 0x75, 0x74, 0x5f, 0x30, 0x12, 0x35, 0x2f, 0x65, 0x6e, 0x63,
    0x2f, 0x65, 0x6d, 0x62, 0x5f, 0x67, 0x72, 0x75, 0x2f, 0x6c, 0x69, 0x6e, 0x65, 0x61, 0x72, 0x5f,
    0x6f, 0x75, 0x74, 0x2f, 0x6c, 0x69, 0x6e, 0x65, 0x61, 0x72, 0x5f, 0x6f, 0x75, 0x74, 0x2e, 0x30,
    0x2f, 0x53, 0x68, 0x61, 0x70, 0x65, 0x5f, 0x31, 0x5f, 0x6f, 0x75, 0x74, 0x70, 0x75, 0x74, 0x5f,
    0x30, 0x1a, 0x2c, 0x2f, 0x65, 0x6e, 0x63, 0x2f, 0x65, 0x6d, 0x62, 0x5f, 0x67, 0x72, 0x75, 0x2f,
    0x6c, 0x69, 0x6e, 0x65, 0x61, 0x72, 0x5f, 0x6f, 0x75, 0x74, 0x2f, 0x6c, 0x69, 0x6e, 0x65, 0x61,
    0x72, 0x5f, 0x6f, 0x75, 0x74, 0x2e, 0x30, 0x2f, 0x53, 0x68, 0x61, 0x70, 0x65, 0x5f, 0x31, 0x22,
    0x05, 0x53, 0x68, 0x61, 0x70, 0x65, 0x0a, 0x8f, 0x01, 0x12, 0x38, 0x2f, 0x65, 0x6e, 0x63, 0x2f,
    0x65, 0x6d, 0x62, 0x5f, 0x67, 0x72, 0x75, 0x2f, 0x6c, 0x69, 0x6e, 0x65, 0x61, 0x72, 0x5f, 0x6f,
    0x75, 0x74, 0x2f, 0x6c, 0x69, 0x6e, 0x65, 0x61, 0x72, 0x5f, 0x6f, 0x75, 0x74, 0x2e, 0x30, 0x2f,
    0x43, 0x6f, 0x6e, 0x73, 0x74, 0x61, 0x6e, 0x74, 0x5f, 0x31, 0x5f, 0x6f, 0x75, 0x74, 0x70, 0x75,
    0x74, 0x5f, 0x30, 0x1a, 0x2f, 0x2f, 0x65, 0x6e, 0x63, 0x2f, 0x65, 0x6d, 0x62, 0x5f, 0x67, 0x72,
    0x75, 0x2f, 0x6c, 0x69, 0x6e, 0x65, 0x61, 0x72, 0x5f, 0x6f, 0x75, 0x74, 0x2f, 0x6c, 0x69, 0x6e,
    0x65, 0x61, 0x72, 0x5f, 0x6f, 0x75, 0x74, 0x2e, 0x30, 0x2f, 0x43, 0x6f, 0x6e, 0x73, 0x74, 0x61,
    0x6e, 0x74, 0x5f, 0x31, 0x22, 0x08, 0x43, 0x6f, 0x6e, 0x73, 0x74, 0x61, 0x6e, 0x74, 0x2a, 0x18,
    0x0a, 0x05, 0x76, 0x61, 0x6c, 0x75, 0x65, 0x2a, 0x0c, 0x10, 0x07, 0x4a, 0x08, 0x01, 0x00, 0x00,
    0x00, 0x00, 0x00, 0x00, 0x00, 0xa0, 0x01, 0x04, 0x0a, 0xed, 0x01, 0x0a, 0x35, 0x2f, 0x65, 0x6e,
    0x63, 0x2f, 0x65, 0x6d, 0x62, 0x5f, 0x67, 0x72, 0x75, 0x2f, 0x6c, 0x69, 0x6e, 0x65, 0x61, 0x72,
    0x5f, 0x6f, 0x75, 0x74, 0x2f, 0x6c, 0x69, 0x6e, 0x65, 0x61, 0x72, 0x5f, 0x6f, 0x75, 0x74, 0x2e,
    0x30, 0x2f, 0x53, 0x68, 0x61, 0x70, 0x65, 0x5f, 0x31, 0x5f, 0x6f, 0x75, 0x74, 0x70, 0x75, 0x74,
    0x5f, 0x30, 0x0a, 0x38, 0x2f, 0x65, 0x6e, 0x63, 0x2f, 0x65, 0x6d, 0x62, 0x5f, 0x67, 0x72, 0x75,
    0x2f, 0x6c, 0x69, 0x6e, 0x65, 0x61, 0x72, 0x5f, 0x6f, 0x75, 0x74, 0x2f, 0x6c, 0x69, 0x6e, 0x65,
    0x61, 0x72, 0x5f, 0x6f, 0x75, 0x74, 0x2e, 0x30, 0x2f, 0x43, 0x6f, 0x6e, 0x73, 0x74, 0x61, 0x6e,
    0x74, 0x5f, 0x31, 0x5f, 0x6f, 0x75, 0x74, 0x70, 0x75, 0x74, 0x5f, 0x30, 0x12, 0x36, 0x2f, 0x65,
    0x6e, 0x63, 0x2f, 0x65, 0x6d, 0x62, 0x5f, 0x67, 0x72, 0x75, 0x2f, 0x6c, 0x69, 0x6e, 0x65, 0x61,
    0x72, 0x5f, 0x6f, 0x75, 0x74, 0x2f, 0x6c, 0x69, 0x6e, 0x65, 0x61, 0x72, 0x5f, 0x6f, 0x75, 0x74,
    0x2e, 0x30, 0x2f, 0x47, 0x61, 0x74, 0x68, 0x65, 0x72, 0x5f, 0x31, 0x5f, 0x6f, 0x75, 0x74, 0x70,
    0x75, 0x74, 0x5f, 0x30, 0x1a, 0x2d, 0x2f, 0x65, 0x6e, 0x63, 0x2f, 0x65, 0x6d, 0x62, 0x5f, 0x67,
    0x72, 0x75, 0x2f, 0x6c, 0x69, 0x6e, 0x65, 0x61, 0x72, 0x5f, 0x6f, 0x75, 0x74, 0x2f, 0x6c, 0x69,
    0x6e, 0x65, 0x61, 0x72, 0x5f, 0x6f, 0x75, 0x74, 0x2e, 0x30, 0x2f, 0x47, 0x61, 0x74, 0x68, 0x65,
    0x72, 0x5f, 0x31, 0x22, 0x06, 0x47, 0x61, 0x74, 0x68, 0x65, 0x72, 0x2a, 0x0b, 0x0a, 0x04, 0x61,
    0x78, 0x69, 0x73, 0x18, 0x00, 0xa0, 0x01, 0x02, 0x0a, 0x49, 0x12, 0x13, 0x6f, 0x6e, 0x6e, 0x78,
    0x3a, 0x3a, 0x55, 0x6e, 0x73, 0x71, 0x75, 0x65, 0x65, 0x7a, 0x65, 0x5f, 0x34, 0x33, 0x30, 0x1a,
    0x0c, 0x43, 0x6f, 0x6e, 0x73, 0x74, 0x61, 0x6e, 0x74, 0x5f, 0x33, 0x36, 0x39, 0x22, 0x08, 0x43,
    0x6f, 0x6e, 0x73, 0x74, 0x61, 0x6e, 0x74, 0x2a, 0x1a, 0x0a, 0x05, 0x76, 0x61, 0x6c, 0x75, 0x65,
    0x2a, 0x0e, 0x08, 0x01, 0x10, 0x07, 0x4a, 0x08, 0x00, 0x00, 0x00, 0x00, 0x00, 0x00, 0x00, 0x00,
    0xa0, 0x01, 0x04, 0x0a, 0xbf, 0x01, 0x0a, 0x34, 0x2f, 0x65, 0x6e, 0x63, 0x2f, 0x65, 0x6d, 0x62,
    0x5f, 0x67, 0x72, 0x75, 0x2f, 0x6c, 0x69, 0x6e, 0x65, 0x61, 0x72, 0x5f, 0x6f, 0x75, 0x74, 0x2f,
    0x6c, 0x69, 0x6e, 0x65, 0x61, 0x72, 0x5f, 0x6f, 0x75, 0x74, 0x2e, 0x30, 0x2f, 0x47, 0x61, 0x74,
    0x68, 0x65, 0x72, 0x5f, 0x6f, 0x75, 0x74, 0x70, 0x75, 0x74, 0x5f, 0x30, 0x0a, 0x13, 0x6f, 0x6e,
    0x6e, 0x78, 0x3a, 0x3a, 0x55, 0x6e, 0x73, 0x71, 0x75, 0x65, 0x65, 0x7a, 0x65, 0x5f, 0x34, 0x33,
    0x30, 0x12, 0x37, 0x2f, 0x65, 0x6e, 0x63, 0x2f, 0x65, 0x6d, 0x62, 0x5f, 0x67, 0x72, 0x75, 0x2f,
    0x6c, 0x69, 0x6e, 0x65, 0x61, 0x72, 0x5f, 0x6f, 0x75, 0x74, 0x2f, 0x6c, 0x69, 0x6e, 0x65, 0x61,
    0x72, 0x5f, 0x6f, 0x75, 0x74, 0x2e, 0x30, 0x2f, 0x55, 0x6e, 0x73, 0x71, 0x75, 0x65, 0x65, 0x7a,
    0x65, 0x5f, 0x6f, 0x75, 0x74, 0x70, 0x75, 0x74, 0x5f, 0x30, 0x1a, 0x2e, 0x2f, 0x65, 0x6e, 0x63,
    0x2f, 0x65, 0x6d, 0x62, 0x5f, 0x67, 0x72, 0x75, 0x2f, 0x6c, 0x69, 0x6e, 0x65, 0x61, 0x72, 0x5f,
    0x6f, 0x75, 0x74, 0x2f, 0x6c, 0x69, 0x6e, 0x65, 0x61, 0x72, 0x5f, 0x6f, 0x75, 0x74, 0x2e, 0x30,
    0x2f, 0x55, 0x6e, 0x73, 0x71, 0x75, 0x65, 0x65, 0x7a, 0x65, 0x22, 0x09, 0x55, 0x6e, 0x73, 0x71,
    0x75, 0x65, 0x65, 0x7a, 0x65, 0x0a, 0x49, 0x12, 0x13, 0x6f, 0x6e, 0x6e, 0x78, 0x3a, 0x3a, 0x55,
    0x6e, 0x73, 0x71, 0x75, 0x65, 0x65, 0x7a, 0x65, 0x5f, 0x34, 0x33, 0x32, 0x1a, 0x0c, 0x43, 0x6f,
    0x6e, 0x73, 0x74, 0x61, 0x6e, 0x74, 0x5f, 0x33, 0x37, 0x31, 0x22, 0x08, 0x43, 0x6f, 0x6e, 0x73,
    0x74, 0x61, 0x6e, 0x74, 0x2a, 0x1a, 0x0a, 0x05, 0x76, 0x61, 0x6c, 0x75, 0x65, 0x2a, 0x0e, 0x08,
    0x01, 0x10, 0x07, 0x4a, 0x08, 0x00, 0x00, 0x00, 0x00, 0x00, 0x00, 0x00, 0x00, 0xa0, 0x01, 0x04,
    0x0a, 0xc5, 0x01, 0x0a, 0x36, 0x2f, 0x65, 0x6e, 0x63, 0x2f, 0x65, 0x6d, 0x62, 0x5f, 0x67, 0x72,
    0x75, 0x2f, 0x6c, 0x69, 0x6e, 0x65, 0x61, 0x72, 0x5f, 0x6f, 0x75, 0x74, 0x2f, 0x6c, 0x69, 0x6e,
    0x65, 0x61, 0x72, 0x5f, 0x6f, 0x75, 0x74, 0x2e, 0x30, 0x2f, 0x47, 0x61, 0x74, 0x68, 0x65, 0x72,
    0x5f, 0x31, 0x5f, 0x6f, 0x75, 0x74, 0x70, 0x75, 0x74, 0x5f, 0x30, 0x0a, 0x13, 0x6f, 0x6e, 0x6e,
    0x78, 0x3a, 0x3a, 0x55, 0x6e, 0x73, 0x71, 0x75, 0x65, 0x65, 0x7a, 0x65, 0x5f, 0x34, 0x33, 0x32,
    0x12, 0x39, 0x2f, 0x65, 0x6e, 0x63, 0x2f, 0x65, 0x6d, 0x62, 0x5f, 0x67, 0x72, 0x75, 0x2f, 0x6c,
    0x69, 0x6e, 0x65, 0x61, 0x72, 0x5f, 0x6f, 0x75, 0x74, 0x2f, 0x6c, 0x69, 0x6e, 0x65, 0x61, 0x72,
    0x5f, 0x6f, 0x75, 0x74, 0x2e, 0x30, 0x2f, 0x55, 0x6e, 0x73, 0x71, 0x75, 0x65, 0x65, 0x7a, 0x65,
    0x5f, 0x31, 0x5f, 0x6f, 0x75, 0x74, 0x70, 0x75, 0x74, 0x5f, 0x30, 0x1a, 0x30, 0x2f, 0x65, 0x6e,
    0x63, 0x2f, 0x65, 0x6d, 0x62, 0x5f, 0x67, 0x72, 0x75, 0x2f, 0x6c, 0x69, 0x6e, 0x65, 0x61, 0x72,
    0x5f, 0x6f, 0x75, 0x74, 0x2f, 0x6c, 0x69, 0x6e, 0x65, 0x61, 0x72, 0x5f, 0x6f, 0x75, 0x74, 0x2e,
    0x30, 0x2f, 0x55, 0x6e, 0x73, 0x71, 0x75, 0x65, 0x65, 0x7a, 0x65, 0x5f, 0x31, 0x22, 0x09, 0x55,
    0x6e, 0x73, 0x71, 0x75, 0x65, 0x65, 0x7a, 0x65, 0x0a, 0x91, 0x01, 0x12, 0x38, 0x2f, 0x65, 0x6e,
    0x63, 0x2f, 0x65, 0x6d, 0x62, 0x5f, 0x67, 0x72, 0x75, 0x2f, 0x6c, 0x69, 0x6e, 0x65, 0x61, 0x72,
    0x5f, 0x6f, 0x75, 0x74, 0x2f, 0x6c, 0x69, 0x6e, 0x65, 0x61, 0x72, 0x5f, 0x6f, 0x75, 0x74, 0x2e,
    0x30, 0x2f, 0x43, 0x6f, 0x6e, 0x73, 0x74, 0x61, 0x6e, 0x74, 0x5f, 0x32, 0x5f, 0x6f, 0x75, 0x74,
    0x70, 0x75, 0x74, 0x5f, 0x30, 0x1a, 0x2f, 0x2f, 0x65, 0x6e, 0x63, 0x2f, 0x65, 0x6d, 0x62, 0x5f,
    0x67, 0x72, 0x75, 0x2f, 0x6c, 0x69, 0x6e, 0x65, 0x61, 0x72, 0x5f, 0x6f, 0x75, 0x74, 0x2f, 0x6c,
    0x69, 0x6e, 0x65, 0x61, 0x72, 0x5f, 0x6f, 0x75, 0x74, 0x2e, 0x30, 0x2f, 0x43, 0x6f, 0x6e, 0x73,
    0x74, 0x61, 0x6e, 0x74, 0x5f, 0x32, 0x22, 0x08, 0x43, 0x6f, 0x6e, 0x73, 0x74, 0x61, 0x6e, 0x74,
    0x2a, 0x1a, 0x0a, 0x05, 0x76, 0x61, 0x6c, 0x75, 0x65, 0x2a, 0x0e, 0x08, 0x01, 0x10, 0x07, 0x4a,
    0x08, 0x10, 0x00, 0x00, 0x00, 0x00, 0x00, 0x00, 0x00, 0xa0, 0x01, 0x04, 0x0a, 0x91, 0x01, 0x12,
    0x38, 0x2f, 0x65, 0x6e, 0x63, 0x2f, 0x65, 0x6d, 0x62, 0x5f, 0x67, 0x72, 0x75, 0x2f, 0x6c, 0x69,
    0x6e, 0x65, 0x61, 0x72, 0x5f, 0x6f, 0x75, 0x74, 0x2f, 0x6c, 0x69, 0x6e, 0x65, 0x61, 0x72, 0x5f,
    0x6f, 0x75, 0x74, 0x2e, 0x30, 0x2f, 0x43, 0x6f, 0x6e, 0x73, 0x74, 0x61, 0x6e, 0x74, 0x5f, 0x33,
    0x5f, 0x6f, 0x75, 0x74, 0x70, 0x75, 0x74, 0x5f, 0x30, 0x1a, 0x2f, 0x2f, 0x65, 0x6e, 0x63, 0x2f,
    0x65, 0x6d, 0x62, 0x5f, 0x67, 0x72, 0x75, 0x2f, 0x6c, 0x69, 0x6e, 0x65, 0x61, 0x72, 0x5f, 0x6f,
    0x75, 0x74, 0x2f, 0x6c, 0x69, 0x6e, 0x65, 0x61, 0x72, 0x5f, 0x6f, 0x75, 0x74, 0x2e, 0x30, 0x2f,
    0x43, 0x6f, 0x6e, 0x73, 0x74, 0x61, 0x6e, 0x74, 0x5f, 0x33, 0x22, 0x08, 0x43, 0x6f, 0x6e, 0x73,
    0x74, 0x61, 0x6e, 0x74, 0x2a, 0x1a, 0x0a, 0x05, 0x76, 0x61, 0x6c, 0x75, 0x65, 0x2a, 0x0e, 0x08,
    0x01, 0x10, 0x07, 0x4a, 0x08, 0x10, 0x00, 0x00, 0x00, 0x00, 0x00, 0x00, 0x00, 0xa0, 0x01, 0x04,
    0x0a, 0xe0, 0x02, 0x0a, 0x37, 0x2f, 0x65, 0x6e, 0x63, 0x2f, 0x65, 0x6d, 0x62, 0x5f, 0x67, 0x72,
    0x75, 0x2f, 0x6c, 0x69, 0x6e, 0x65, 0x61, 0x72, 0x5f, 0x6f, 0x75, 0x74, 0x2f, 0x6c, 0x69, 0x6e,
    0x65, 0x61, 0x72, 0x5f, 0x6f, 0x75, 0x74, 0x2e, 0x30, 0x2f, 0x55, 0x6e, 0x73, 0x71, 0x75, 0x65,
    0x65, 0x7a, 0x65, 0x5f, 0x6f, 0x75, 0x74, 0x70, 0x75, 0x74, 0x5f, 0x30, 0x0a, 0x39, 0x2f, 0x65,
    0x6e, 0x63, 0x2f, 0x65, 0x6d, 0x62, 0x5f, 0x67, 0x72, 0x75, 0x2f, 0x6c, 0x69, 0x6e, 0x65, 0x61,
    0x72, 0x5f, 0x6f, 0x75, 0x74, 0x2f, 0x6c, 0x69, 0x6e, 0x65, 0x61, 0x72, 0x5f, 0x6f, 0x75, 0x74,
    0x2e, 0x30, 0x2f, 0x55, 0x6e, 0x73, 0x71, 0x75, 0x65, 0x65, 0x7a, 0x65, 0x5f, 0x31, 0x5f, 0x6f,
    0x75, 0x74, 0x70, 0x75, 0x74, 0x5f, 0x30, 0x0a, 0x38, 0x2f, 0x65, 0x6e, 0x63, 0x2f, 0x65, 0x6d,
    0x62, 0x5f, 0x67, 0x72, 0x75, 0x2f, 0x6c, 0x69, 0x6e, 0x65, 0x61, 0x72, 0x5f, 0x6f, 0x75, 0x74,
    0x2f, 0x6c, 0x69, 0x6e, 0x65, 0x61, 0x72, 0x5f, 0x6f, 0x75, 0x74, 0x2e, 0x30, 0x2f, 0x43, 0x6f,
    0x6e, 0x73, 0x74, 0x61, 0x6e, 0x74, 0x5f, 0x32, 0x5f, 0x6f, 0x75, 0x74, 0x70, 0x75, 0x74, 0x5f,
    0x30, 0x0a, 0x38, 0x2f, 0x65, 0x6e, 0x63, 0x2f, 0x65, 0x6d, 0x62, 0x5f, 0x67, 0x72, 0x75, 0x2f,
    0x6c, 0x69, 0x6e, 0x65, 0x61, 0x72, 0x5f, 0x6f, 0x75, 0x74, 0x2f, 0x6c, 0x69, 0x6e, 0x65, 0x61,
    0x72, 0x5f, 0x6f, 0x75, 0x74, 0x2e, 0x30, 0x2f, 0x43, 0x6f, 0x6e, 0x73, 0x74, 0x61, 0x6e, 0x74,
    0x5f, 0x33, 0x5f, 0x6f, 0x75, 0x74, 0x70, 0x75, 0x74, 0x5f, 0x30, 0x12, 0x34, 0x2f, 0x65, 0x6e,
    0x63, 0x2f, 0x65, 0x6d, 0x62, 0x5f, 0x67, 0x72, 0x75, 0x2f, 0x6c, 0x69, 0x6e, 0x65, 0x61, 0x72,
    0x5f, 0x6f, 0x75, 0x74, 0x2f, 0x6c, 0x69, 0x6e, 0x65, 0x61, 0x72, 0x5f, 0x6f, 0x75, 0x74, 0x2e,
    0x30, 0x2f, 0x43, 0x6f, 0x6e, 0x63, 0x61, 0x74, 0x5f, 0x6f, 0x75, 0x74, 0x70, 0x75, 0x74, 0x5f,
    0x30, 0x1a, 0x2b, 0x2f, 0x65, 0x6e, 0x63, 0x2f, 0x65, 0x6d, 0x62, 0x5f, 0x67, 0x72, 0x75, 0x2f,
    0x6c, 0x69, 0x6e, 0x65, 0x61, 0x72, 0x5f, 0x6f, 0x75, 0x74, 0x2f, 0x6c, 0x69, 0x6e, 0x65, 0x61,
    0x72, 0x5f, 0x6f, 0x75, 0x74, 0x2e, 0x30, 0x2f, 0x43, 0x6f, 0x6e, 0x63, 0x61, 0x74, 0x22, 0x06,
    0x43, 0x6f, 0x6e, 0x63, 0x61, 0x74, 0x2a, 0x0b, 0x0a, 0x04, 0x61, 0x78, 0x69, 0x73, 0x18, 0x00,
    0xa0, 0x01, 0x02, 0x0a, 0xdd, 0x01, 0x0a, 0x25, 0x2f, 0x65, 0x6e, 0x63, 0x2f, 0x65, 0x6d, 0x62,
    0x5f, 0x67, 0x72, 0x75, 0x2f, 0x67, 0x72, 0x75, 0x2f, 0x54, 0x72, 0x61, 0x6e, 0x73, 0x70, 0x6f,
    0x73, 0x65, 0x5f, 0x31, 0x5f, 0x6f, 0x75, 0x74, 0x70, 0x75, 0x74, 0x5f, 0x30, 0x0a, 0x34, 0x2f,
    0x65, 0x6e, 0x63, 0x2f, 0x65, 0x6d, 0x62, 0x5f, 0x67, 0x72, 0x75, 0x2f, 0x6c, 0x69, 0x6e, 0x65,
    0x61, 0x72, 0x5f, 0x6f, 0x75, 0x74, 0x2f, 0x6c, 0x69, 0x6e, 0x65, 0x61, 0x72, 0x5f, 0x6f, 0x75,
    0x74, 0x2e, 0x30, 0x2f, 0x43, 0x6f, 0x6e, 0x63, 0x61, 0x74, 0x5f, 0x6f, 0x75, 0x74, 0x70, 0x75,
    0x74, 0x5f, 0x30, 0x12, 0x35, 0x2f, 0x65, 0x6e, 0x63, 0x2f, 0x65, 0x6d, 0x62, 0x5f, 0x67, 0x72,
    0x75, 0x2f, 0x6c, 0x69, 0x6e, 0x65, 0x61, 0x72, 0x5f, 0x6f, 0x75, 0x74, 0x2f, 0x6c, 0x69, 0x6e,
    0x65, 0x61, 0x72, 0x5f, 0x6f, 0x75, 0x74, 0x2e, 0x30, 0x2f, 0x52, 0x65, 0x73, 0x68, 0x61, 0x70,
    0x65, 0x5f, 0x6f, 0x75, 0x74, 0x70, 0x75, 0x74, 0x5f, 0x30, 0x1a, 0x2c, 0x2f, 0x65, 0x6e, 0x63,
    0x2f, 0x65, 0x6d, 0x62, 0x5f, 0x67, 0x72, 0x75, 0x2f, 0x6c, 0x69, 0x6e, 0x65, 0x61, 0x72, 0x5f,
    0x6f, 0x75, 0x74, 0x2f, 0x6c, 0x69, 0x6e, 0x65, 0x61, 0x72, 0x5f, 0x6f, 0x75, 0x74, 0x2e, 0x30,
    0x2f, 0x52, 0x65, 0x73, 0x68, 0x61, 0x70, 0x65, 0x22, 0x07, 0x52, 0x65, 0x73, 0x68, 0x61, 0x70,
    0x65, 0x2a, 0x10, 0x0a, 0x09, 0x61, 0x6c, 0x6c, 0x6f, 0x77, 0x7a, 0x65, 0x72, 0x6f, 0x18, 0x00,
    0xa0, 0x01, 0x02, 0x0a, 0xe2, 0x01, 0x0a, 0x35, 0x2f, 0x65, 0x6e, 0x63, 0x2f, 0x65, 0x6d, 0x62,
    0x5f, 0x67, 0x72, 0x75, 0x2f, 0x6c, 0x69, 0x6e, 0x65, 0x61, 0x72, 0x5f, 0x6f, 0x75, 0x74, 0x2f,
    0x6c, 0x69, 0x6e, 0x65, 0x61, 0x72, 0x5f, 0x6f, 0x75, 0x74, 0x2e, 0x30, 0x2f, 0x52, 0x65, 0x73,
    0x68, 0x61, 0x70, 0x65, 0x5f, 0x6f, 0x75, 0x74, 0x70, 0x75, 0x74, 0x5f, 0x30, 0x0a, 0x1f, 0x65,
    0x6e, 0x63, 0x2e, 0x65, 0x6d, 0x62, 0x5f, 0x67, 0x72, 0x75, 0x2e, 0x6c, 0x69, 0x6e, 0x65, 0x61,
    0x72, 0x5f, 0x6f, 0x75, 0x74, 0x2e, 0x30, 0x2e, 0x77, 0x65, 0x69, 0x67, 0x68, 0x74, 0x12, 0x34,
    0x2f, 0x65, 0x6e, 0x63, 0x2f, 0x65, 0x6d, 0x62, 0x5f, 0x67, 0x72, 0x75, 0x2f, 0x6c, 0x69, 0x6e,
    0x65, 0x61, 0x72, 0x5f, 0x6f, 0x75, 0x74, 0x2f, 0x6c, 0x69, 0x6e, 0x65, 0x61, 0x72, 0x5f, 0x6f,
    0x75, 0x74, 0x2e, 0x30, 0x2f, 0x45, 0x69, 0x6e, 0x73, 0x75, 0x6d, 0x5f, 0x6f, 0x75, 0x74, 0x70,
    0x75, 0x74, 0x5f, 0x30, 0x1a, 0x2b, 0x2f, 0x65, 0x6e, 0x63, 0x2f, 0x65, 0x6d, 0x62, 0x5f, 0x67,
    0x72, 0x75, 0x2f, 0x6c, 0x69, 0x6e, 0x65, 0x61, 0x72, 0x5f, 0x6f, 0x75, 0x74, 0x2f, 0x6c, 0x69,
    0x6e, 0x65, 0x61, 0x72, 0x5f, 0x6f, 0x75, 0x74, 0x2e, 0x30, 0x2f, 0x45, 0x69, 0x6e, 0x73, 0x75,
    0x6d, 0x22, 0x06, 0x45, 0x69, 0x6e, 0x73, 0x75, 0x6d, 0x2a, 0x1d, 0x0a, 0x08, 0x65, 0x71, 0x75,
    0x61, 0x74, 0x69, 0x6f, 0x6e, 0x22, 0x0e, 0x62, 0x74, 0x67, 0x69, 0x2c, 0x67, 0x69, 0x68, 0x2d,
    0x3e, 0x62, 0x74, 0x67, 0x68, 0xa0, 0x01, 0x03, 0x0a, 0xa2, 0x01, 0x0a, 0x34, 0x2f, 0x65, 0x6e,
    0x63, 0x2f, 0x65, 0x6d, 0x62, 0x5f, 0x67, 0x72, 0x75, 0x2f, 0x6c, 0x69, 0x6e, 0x65, 0x61, 0x72,
    0x5f, 0x6f, 0x75, 0x74, 0x2f, 0x6c, 0x69, 0x6e, 0x65, 0x61, 0x72, 0x5f, 0x6f, 0x75, 0x74, 0x2e,
    0x30, 0x2f, 0x45, 0x69, 0x6e, 0x73, 0x75, 0x6d, 0x5f, 0x6f, 0x75, 0x74, 0x70, 0x75, 0x74, 0x5f,
    0x30, 0x12, 0x35, 0x2f, 0x65, 0x6e, 0x63, 0x2f, 0x65, 0x6d, 0x62, 0x5f, 0x67, 0x72, 0x75, 0x2f,
    0x6c, 0x69, 0x6e, 0x65, 0x61, 0x72, 0x5f, 0x6f, 0x75, 0x74, 0x2f, 0x6c, 0x69, 0x6e, 0x65, 0x61,
    0x72, 0x5f, 0x6f, 0x75, 0x74, 0x2e, 0x30, 0x2f, 0x53, 0x68, 0x61, 0x70, 0x65, 0x5f, 0x32, 0x5f,
    0x6f, 0x75, 0x74, 0x70, 0x75, 0x74, 0x5f, 0x30, 0x1a, 0x2c, 0x2f, 0x65, 0x6e, 0x63, 0x2f, 0x65,
    0x6d, 0x62, 0x5f, 0x67, 0x72, 0x75, 0x2f, 0x6c, 0x69, 0x6e, 0x65, 0x61, 0x72, 0x5f, 0x6f, 0x75,
    0x74, 0x2f, 0x6c, 0x69, 0x6e, 0x65, 0x61, 0x72, 0x5f, 0x6f, 0x75, 0x74, 0x2e, 0x30, 0x2f, 0x53,
    0x68, 0x61, 0x70, 0x65, 0x5f, 0x32, 0x22, 0x05, 0x53, 0x68, 0x61, 0x70, 0x65, 0x0a, 0x91, 0x01,
    0x12, 0x38, 0x2f, 0x65, 0x6e, 0x63, 0x2f, 0x65, 0x6d, 0x62, 0x5f, 0x67, 0x72, 0x75, 0x2f, 0x6c,
    0x69, 0x6e, 0x65, 0x61, 0x72, 0x5f, 0x6f, 0x75, 0x74, 0x2f, 0x6c, 0x69, 0x6e, 0x65, 0x61, 0x72,
    0x5f, 0x6f, 0x75, 0x74, 0x2e, 0x30, 0x2f, 0x43, 0x6f, 0x6e, 0x73, 0x74, 0x61, 0x6e, 0x74, 0x5f,
    0x34, 0x5f, 0x6f, 0x75, 0x74, 0x70, 0x75, 0x74, 0x5f, 0x30, 0x1a, 0x2f, 0x2f, 0x65, 0x6e, 0x63,
    0x2f, 0x65, 0x6d, 0x62, 0x5f, 0x67, 0x72, 0x75, 0x2f, 0x6c, 0x69, 0x6e, 0x65, 0x61, 0x72, 0x5f,
    0x6f, 0x75, 0x74, 0x2f, 0x6c, 0x69, 0x6e, 0x65, 0x61, 0x72, 0x5f, 0x6f, 0x75, 0x74, 0x2e, 0x30,
    0x2f, 0x43, 0x6f, 0x6e, 0x73, 0x74, 0x61, 0x6e, 0x74, 0x5f, 0x34, 0x22, 0x08, 0x43, 0x6f, 0x6e,
    0x73, 0x74, 0x61, 0x6e, 0x74, 0x2a, 0x1a, 0x0a, 0x05, 0x76, 0x61, 0x6c, 0x75, 0x65, 0x2a, 0x0e,
    0x08, 0x01, 0x10, 0x07, 0x4a, 0x08, 0x00, 0x00, 0x00, 0x00, 0x00, 0x00, 0x00, 0x00, 0xa0, 0x01,
    0x04, 0x0a, 0x91, 0x01, 0x12, 0x38, 0x2f, 0x65, 0x6e, 0x63, 0x2f, 0x65, 0x6d, 0x62, 0x5f, 0x67,
    0x72, 0x75, 0x2f, 0x6c, 0x69, 0x6e, 0x65, 0x61, 0x72, 0x5f, 0x6f, 0x75, 0x74, 0x2f, 0x6c, 0x69,
    0x6e, 0x65, 0x61, 0x72, 0x5f, 0x6f, 0x75, 0x74, 0x2e, 0x30, 0x2f, 0x43, 0x6f, 0x6e, 0x73, 0x74,
    0x61, 0x6e, 0x74, 0x5f, 0x35, 0x5f, 0x6f, 0x75, 0x74, 0x70, 0x75, 0x74, 0x5f, 0x30, 0x1a, 0x2f,
    0x2f, 0x65, 0x6e, 0x63, 0x2f, 0x65, 0x6d, 0x62, 0x5f, 0x67, 0x72, 0x75, 0x2f, 0x6c, 0x69, 0x6e,
    0x65, 0x61, 0x72, 0x5f, 0x6f, 0x75, 0x74, 0x2f, 0x6c, 0x69, 0x6e, 0x65, 0x61, 0x72, 0x5f, 0x6f,
    0x75, 0x74, 0x2e, 0x30, 0x2f, 0x43, 0x6f, 0x6e, 0x73, 0x74, 0x61, 0x6e, 0x74, 0x5f, 0x35, 0x22,
    0x08, 0x43, 0x6f, 0x6e, 0x73, 0x74, 0x61, 0x6e, 0x74, 0x2a, 0x1a, 0x0a, 0x05, 0x76, 0x61, 0x6c,
    0x75, 0x65, 0x2a, 0x0e, 0x08, 0x01, 0x10, 0x07, 0x4a, 0x08, 0x00, 0x00, 0x00, 0x00, 0x00, 0x00,
    0x00, 0x00, 0xa0, 0x01, 0x04, 0x0a, 0x91, 0x01, 0x12, 0x38, 0x2f, 0x65, 0x6e, 0x63, 0x2f, 0x65,
    0x6d, 0x62, 0x5f, 0x67, 0x72, 0x75, 0x2f, 0x6c, 0x69, 0x6e, 0x65, 0x61, 0x72, 0x5f, 0x6f, 0x75,
    0x74, 0x2f, 0x6c, 0x69, 0x6e, 0x65, 0x61, 0x72, 0x5f, 0x6f, 0x75, 0x74, 0x2e, 0x30, 0x2f, 0x43,
    0x6f, 0x6e, 0x73, 0x74, 0x61, 0x6e, 0x74, 0x5f, 0x36, 0x5f, 0x6f, 0x75, 0x74, 0x70, 0x75, 0x74,
    0x5f, 0x30, 0x1a, 0x2f, 0x2f, 0x65, 0x6e, 0x63, 0x2f, 0x65, 0x6d, 0x62, 0x5f, 0x67, 0x72, 0x75,
    0x2f, 0x6c, 0x69, 0x6e, 0x65, 0x61, 0x72, 0x5f, 0x6f, 0x75, 0x74, 0x2f, 0x6c, 0x69, 0x6e, 0x65,
    0x61, 0x72, 0x5f, 0x6f, 0x75, 0x74, 0x2e, 0x30, 0x2f, 0x43, 0x6f, 0x6e, 0x73, 0x74, 0x61, 0x6e,
    0x74, 0x5f, 0x36, 0x22, 0x08, 0x43, 0x6f, 0x6e, 0x73, 0x74, 0x61, 0x6e, 0x74, 0x2a, 0x1a, 0x0a,
    0x05, 0x76, 0x61, 0x6c, 0x75, 0x65, 0x2a, 0x0e, 0x08, 0x01, 0x10, 0x07, 0x4a, 0x08, 0x02, 0x00,
    0x00, 0x00, 0x00, 0x00, 0x00, 0x00, 0xa0, 0x01, 0x04, 0x0a, 0xcd, 0x02, 0x0a, 0x35, 0x2f, 0x65,
    0x6e, 0x63, 0x2f, 0x65, 0x6d, 0x62, 0x5f, 0x67, 0x72, 0x75, 0x2f, 0x6c, 0x69, 0x6e, 0x65, 0x61,
    0x72, 0x5f, 0x6f, 0x75, 0x74, 0x2f, 0x6c, 0x69, 0x6e, 0x65, 0x61, 0x72, 0x5f, 0x6f, 0x75, 0x74,
    0x2e, 0x30, 0x2f, 0x53, 0x68, 0x61, 0x70, 0x65, 0x5f, 0x32, 0x5f, 0x6f, 0x75, 0x74, 0x70, 0x75,
    0x74, 0x5f, 0x30, 0x0a, 0x38, 0x2f, 0x65, 0x6e, 0x63, 0x2f, 0x65, 0x6d, 0x62, 0x5f, 0x67, 0x72,
    0x75, 0x2f, 0x6c, 0x69, 0x6e, 0x65, 0x61, 0x72, 0x5f, 0x6f, 0x75, 0x74, 0x2f, 0x6c, 0x69, 0x6e,
    0x65, 0x61, 0x72, 0x5f, 0x6f, 0x75, 0x74, 0x2e, 0x30, 0x2f, 0x43, 0x6f, 0x6e, 0x73, 0x74, 0x61,
    0x6e, 0x74, 0x5f, 0x35, 0x5f, 0x6f, 0x75, 0x74, 0x70, 0x75, 0x74, 0x5f, 0x30, 0x0a, 0x38, 0x2f,
    0x65, 0x6e, 0x63, 0x2f, 0x65, 0x6d, 0x62, 0x5f, 0x67, 0x72, 0x75, 0x2f, 0x6c, 0x69, 0x6e, 0x65,
    0x61, 0x72, 0x5f, 0x6f, 0x75, 0x74, 0x2f, 0x6c, 0x69, 0x6e, 0x65, 0x61, 0x72, 0x5f, 0x6f, 0x75,
    0x74, 0x2e, 0x30, 0x2f, 0x43, 0x6f, 0x6e, 0x73, 0x74, 0x61, 0x6e, 0x74, 0x5f, 0x36, 0x5f, 0x6f,
    0x75, 0x74, 0x70, 0x75, 0x74, 0x5f, 0x30, 0x0a, 0x38, 0x2f, 0x65, 0x6e, 0x63, 0x2f, 0x65, 0x6d,
    0x62, 0x5f, 0x67, 0x72, 0x75, 0x2f, 0x6c, 0x69, 0x6e, 0x65, 0x61, 0x72, 0x5f, 0x6f, 0x75, 0x74,
    0x2f, 0x6c, 0x69, 0x6e, 0x65, 0x61, 0x72, 0x5f, 0x6f, 0x75, 0x74, 0x2e, 0x30, 0x2f, 0x43, 0x6f,
    0x6e, 0x73, 0x74, 0x61, 0x6e, 0x74, 0x5f, 0x34, 0x5f, 0x6f, 0x75, 0x74, 0x70, 0x75, 0x74, 0x5f,
    0x30, 0x12, 0x33, 0x2f, 0x65, 0x6e, 0x63, 0x2f, 0x65, 0x6d, 0x62, 0x5f, 0x67, 0x72, 0x75, 0x2f,
    0x6c, 0x69, 0x6e, 0x65, 0x61, 0x72, 0x5f, 0x6f, 0x75, 0x74, 0x2f, 0x6c, 0x69, 0x6e, 0x65, 0x61,
    0x72, 0x5f, 0x6f, 0x75, 0x74, 0x2e, 0x30, 0x2f, 0x53, 0x6c, 0x69, 0x63, 0x65, 0x5f, 0x6f, 0x75,
    0x74, 0x70, 0x75, 0x74, 0x5f, 0x30, 0x1a, 0x2a, 0x2f, 0x65, 0x6e, 0x63, 0x2f, 0x65, 0x6d, 0x62,
    0x5f, 0x67, 0x72, 0x75, 0x2f, 0x6c, 0x69, 0x6e, 0x65, 0x61, 0x72, 0x5f, 0x6f, 0x75, 0x74, 0x2f,
    0x6c, 0x69, 0x6e, 0x65, 0x61, 0x72, 0x5f, 0x6f, 0x75, 0x74, 0x2e, 0x30, 0x2f, 0x53, 0x6c, 0x69,
    0x63, 0x65, 0x22, 0x05, 0x53, 0x6c, 0x69, 0x63, 0x65, 0x0a, 0x91, 0x01, 0x12, 0x38, 0x2f, 0x65,
    0x6e, 0x63, 0x2f, 0x65, 0x6d, 0x62, 0x5f, 0x67, 0x72, 0x75, 0x2f, 0x6c, 0x69, 0x6e, 0x65, 0x61,
    0x72, 0x5f, 0x6f, 0x75, 0x74, 0x2f, 0x6c, 0x69, 0x6e, 0x65, 0x61, 0x72, 0x5f, 0x6f, 0x75, 0x74,
    0x2e, 0x30, 0x2f, 0x43, 0x6f, 0x6e, 0x73, 0x74, 0x61, 0x6e, 0x74, 0x5f, 0x37, 0x5f, 0x6f, 0x75,
    0x74, 0x70, 0x75, 0x74, 0x5f, 0x30, 0x1a, 0x2f, 0x2f, 0x65, 0x6e, 0x63, 0x2f, 0x65, 0x6d, 0x62,
    0x5f, 0x67, 0x72, 0x75, 0x2f, 0x6c, 0x69, 0x6e, 0x65, 0x61, 0x72, 0x5f, 0x6f, 0x75, 0x74, 0x2f,
    0x6c, 0x69, 0x6e, 0x65, 0x61, 0x72, 0x5f, 0x6f, 0x75, 0x74, 0x2e, 0x30, 0x2f, 0x43, 0x6f, 0x6e,
    0x73, 0x74, 0x61, 0x6e, 0x74, 0x5f, 0x37, 0x22, 0x08, 0x43, 0x6f, 0x6e, 0x73, 0x74, 0x61, 0x6e,
    0x74, 0x2a, 0x1a, 0x0a, 0x05, 0x76, 0x61, 0x6c, 0x75, 0x65, 0x2a, 0x0e, 0x08, 0x01, 0x10, 0x07,
    0x4a, 0x08, 0xff, 0xff, 0xff, 0xff, 0xff, 0xff, 0xff, 0xff, 0xa0, 0x01, 0x04, 0x0a, 0xeb, 0x01,
    0x0a, 0x33, 0x2f, 0x65, 0x6e, 0x63, 0x2f, 0x65, 0x6d, 0x62, 0x5f, 0x67, 0x72, 0x75, 0x2f, 0x6c,
    0x69, 0x6e, 0x65, 0x61, 0x72, 0x5f, 0x6f, 0x75, 0x74, 0x2f, 0x6c, 0x69, 0x6e, 0x65, 0x61, 0x72,
    0x5f, 0x6f, 0x75, 0x74, 0x2e, 0x30, 0x2f, 0x53, 0x6c, 0x69, 0x63, 0x65, 0x5f, 0x6f, 0x75, 0x74,
    0x70, 0x75, 0x74, 0x5f, 0x30, 0x0a, 0x38, 0x2f, 0x65, 0x6e, 0x63, 0x2f, 0x65, 0x6d, 0x62, 0x5f,
    0x67, 0x72, 0x75, 0x2f, 0x6c, 0x69, 0x6e, 0x65, 0x61, 0x72, 0x5f, 0x6f, 0x75, 0x74, 0x2f, 0x6c,
    0x69, 0x6e, 0x65, 0x61, 0x72, 0x5f, 0x6f, 0x75, 0x74, 0x2e, 0x30, 0x2f, 0x43, 0x6f, 0x6e, 0x73,
    0x74, 0x61, 0x6e, 0x74, 0x5f, 0x37, 0x5f, 0x6f, 0x75, 0x74, 0x70, 0x75, 0x74, 0x5f, 0x30, 0x12,
    0x36, 0x2f, 0x65, 0x6e, 0x63, 0x2f, 0x65, 0x6d, 0x62, 0x5f, 0x67, 0x72, 0x75, 0x2f, 0x6c, 0x69,
    0x6e, 0x65, 0x61, 0x72, 0x5f, 0x6f, 0x75, 0x74, 0x2f, 0x6c, 0x69, 0x6e, 0x65, 0x61, 0x72, 0x5f,
    0x6f, 0x75, 0x74, 0x2e, 0x30, 0x2f, 0x43, 0x6f, 0x6e, 0x63, 0x61, 0x74, 0x5f, 0x31, 0x5f, 0x6f,
    0x75, 0x74, 0x70, 0x75, 0x74, 0x5f, 0x30, 0x1a, 0x2d, 0x2f, 0x65, 0x6e, 0x63, 0x2f, 0x65, 0x6d,
    0x62, 0x5f, 0x67, 0x72, 0x75, 0x2f, 0x6c, 0x69, 0x6e, 0x65, 0x61, 0x72, 0x5f, 0x6f, 0x75, 0x74,
    0x2f, 0x6c, 0x69, 0x6e, 0x65, 0x61, 0x72, 0x5f, 0x6f, 0x75, 0x74, 0x2e, 0x30, 0x2f, 0x43, 0x6f,
    0x6e, 0x63, 0x61, 0x74, 0x5f, 0x31, 0x22, 0x06, 0x43, 0x6f, 0x6e, 0x63, 0x61, 0x74, 0x2a, 0x0b,
    0x0a, 0x04, 0x61, 0x78, 0x69, 0x73, 0x18, 0x00, 0xa0, 0x01, 0x02, 0x0a, 0xf2, 0x01, 0x0a, 0x34,
    0x2f, 0x65, 0x6e, 0x63, 0x2f, 0x65, 0x6d, 0x62, 0x5f, 0x67, 0x72, 0x75, 0x2f, 0x6c, 0x69, 0x6e,
    0x65, 0x61, 0x72, 0x5f, 0x6f, 0x75, 0x74, 0x2f, 0x6c, 0x69, 0x6e, 0x65, 0x61, 0x72, 0x5f, 0x6f,
    0x75, 0x74, 0x2e, 0x30, 0x2f, 0x45, 0x69, 0x6e, 0x73, 0x75, 0x6d, 0x5f, 0x6f, 0x75, 0x74, 0x70,
    0x75, 0x74, 0x5f, 0x30, 0x0a, 0x36, 0x2f, 0x65, 0x6e, 0x63, 0x2f, 0x65, 0x6d, 0x62, 0x5f, 0x67,
    0x72, 0x75, 0x2f, 0x6c, 0x69, 0x6e, 0x65, 0x61, 0x72, 0x5f, 0x6f, 0x75, 0x74, 0x2f, 0x6c, 0x69,
    0x6e, 0x65, 0x61, 0x72, 0x5f, 0x6f, 0x75, 0x74, 0x2e, 0x30, 0x2f, 0x43, 0x6f, 0x6e, 0x63, 0x61,
    0x74, 0x5f, 0x31, 0x5f, 0x6f, 0x75, 0x74, 0x70, 0x75, 0x74, 0x5f, 0x30, 0x12, 0x37, 0x2f, 0x65,
    0x6e, 0x63, 0x2f, 0x65, 0x6d, 0x62, 0x5f, 0x67, 0x72, 0x75, 0x2f, 0x6c, 0x69, 0x6e, 0x65, 0x61,
    0x72, 0x5f, 0x6f, 0x75, 0x74, 0x2f, 0x6c, 0x69, 0x6e, 0x65, 0x61, 0x72, 0x5f, 0x6f, 0x75, 0x74,
    0x2e, 0x30, 0x2f, 0x52, 0x65, 0x73, 0x68, 0x61, 0x70, 0x65, 0x5f, 0x31, 0x5f, 0x6f, 0x75, 0x74,
    0x70, 0x75, 0x74, 0x5f, 0x30, 0x1a, 0x2e, 0x2f, 0x65, 0x6e, 0x63, 0x2f, 0x65, 0x6d, 0x62, 0x5f,
    0x67, 0x72, 0x75, 0x2f, 0x6c, 0x69, 0x6e, 0x65, 0x61, 0x72, 0x5f, 0x6f, 0x75, 0x74, 0x2f, 0x6c,
    0x69, 0x6e, 0x65, 0x61, 0x72, 0x5f, 0x6f, 0x75, 0x74, 0x2e, 0x30, 0x2f, 0x52, 0x65, 0x73, 0x68,
    0x61, 0x70, 0x65, 0x5f, 0x31, 0x22, 0x07, 0x52, 0x65, 0x73, 0x68, 0x61, 0x70, 0x65, 0x2a, 0x10,
    0x0a, 0x09, 0x61, 0x6c, 0x6c, 0x6f, 0x77, 0x7a, 0x65, 0x72, 0x6f, 0x18, 0x00, 0xa0, 0x01, 0x02,
    0x0a, 0x9e, 0x01, 0x0a, 0x37, 0x2f, 0x65, 0x6e, 0x63, 0x2f, 0x65, 0x6d, 0x62, 0x5f, 0x67, 0x72,
    0x75, 0x2f, 0x6c, 0x69, 0x6e, 0x65, 0x61, 0x72, 0x5f, 0x6f, 0x75, 0x74, 0x2f, 0x6c, 0x69, 0x6e,
    0x65, 0x61, 0x72, 0x5f, 0x6f, 0x75, 0x74, 0x2e, 0x30, 0x2f, 0x52, 0x65, 0x73, 0x68, 0x61, 0x70,
    0x65, 0x5f, 0x31, 0x5f, 0x6f, 0x75, 0x74, 0x70, 0x75, 0x74, 0x5f, 0x30, 0x12, 0x32, 0x2f, 0x65,
    0x6e, 0x63, 0x2f, 0x65, 0x6d, 0x62, 0x5f, 0x67, 0x72, 0x75, 0x2f, 0x6c, 0x69, 0x6e, 0x65, 0x61,
    0x72, 0x5f, 0x6f, 0x75, 0x74, 0x2f, 0x6c, 0x69, 0x6e, 0x65, 0x61, 0x72, 0x5f, 0x6f, 0x75, 0x74,
    0x2e, 0x31, 0x2f, 0x52, 0x65, 0x6c, 0x75, 0x5f, 0x6f, 0x75, 0x74, 0x70, 0x75, 0x74, 0x5f, 0x30,
    0x1a, 0x29, 0x2f, 0x65, 0x6e, 0x63, 0x2f, 0x65, 0x6d, 0x62, 0x5f, 0x67, 0x72, 0x75, 0x2f, 0x6c,
    0x69, 0x6e, 0x65, 0x61, 0x72, 0x5f, 0x6f, 0x75, 0x74, 0x2f, 0x6c, 0x69, 0x6e, 0x65, 0x61, 0x72,
    0x5f, 0x6f, 0x75, 0x74, 0x2e, 0x31, 0x2f, 0x52, 0x65, 0x6c, 0x75, 0x22, 0x04, 0x52, 0x65, 0x6c,
    0x75, 0x0a, 0x5a, 0x0a, 0x28, 0x2f, 0x65, 0x6e, 0x63, 0x2f, 0x65, 0x72, 0x62, 0x5f, 0x63, 0x6f,
    0x6e, 0x76, 0x33, 0x2f, 0x65, 0x72, 0x62, 0x5f, 0x63, 0x6f, 0x6e, 0x76, 0x33, 0x2e, 0x33, 0x2f,
    0x52, 0x65, 0x6c, 0x75, 0x5f, 0x6f, 0x75, 0x74, 0x70, 0x75, 0x74, 0x5f, 0x30, 0x12, 0x17, 0x2f,
    0x65, 0x72, 0x62, 0x5f, 0x64, 0x65, 0x63, 0x2f, 0x53, 0x68, 0x61, 0x70, 0x65, 0x5f, 0x6f, 0x75,
    0x74, 0x70, 0x75, 0x74, 0x5f, 0x30, 0x1a, 0x0e, 0x2f, 0x65, 0x72, 0x62, 0x5f, 0x64, 0x65, 0x63,
    0x2f, 0x53, 0x68, 0x61, 0x70, 0x65, 0x22, 0x05, 0x53, 0x68, 0x61, 0x70, 0x65, 0x0a, 0x53, 0x12,
    0x1a, 0x2f, 0x65, 0x72, 0x62, 0x5f, 0x64, 0x65, 0x63, 0x2f, 0x43, 0x6f, 0x6e, 0x73, 0x74, 0x61,
    0x6e, 0x74, 0x5f, 0x6f, 0x75, 0x74, 0x70, 0x75, 0x74, 0x5f, 0x30, 0x1a, 0x11, 0x2f, 0x65, 0x72,
    0x62, 0x5f, 0x64, 0x65, 0x63, 0x2f, 0x43, 0x6f, 0x6e, 0x73, 0x74, 0x61, 0x6e, 0x74, 0x22, 0x08,
    0x43, 0x6f, 0x6e, 0x73, 0x74, 0x61, 0x6e, 0x74, 0x2a, 0x18, 0x0a, 0x05, 0x76, 0x61, 0x6c, 0x75,
    0x65, 0x2a, 0x0c, 0x10, 0x07, 0x4a, 0x08, 0x00, 0x00, 0x00, 0x00, 0x00, 0x00, 0x00, 0x00, 0xa0,
    0x01, 0x04, 0x0a, 0x75, 0x0a, 0x17, 0x2f, 0x65, 0x72, 0x62, 0x5f, 0x64, 0x65, 0x63, 0x2f, 0x53,
    0x68, 0x61, 0x70, 0x65, 0x5f, 0x6f, 0x75, 0x74, 0x70, 0x75, 0x74, 0x5f, 0x30, 0x0a, 0x1a, 0x2f,
    0x65, 0x72, 0x62, 0x5f, 0x64, 0x65, 0x63, 0x2f, 0x43, 0x6f, 0x6e, 0x73, 0x74, 0x61, 0x6e, 0x74,
    0x5f, 0x6f, 0x75, 0x74, 0x70, 0x75, 0x74, 0x5f, 0x30, 0x12, 0x18, 0x2f, 0x65, 0x72, 0x62, 0x5f,
    0x64, 0x65, 0x63, 0x2f, 0x47, 0x61, 0x74, 0x68, 0x65, 0x72, 0x5f, 0x6f, 0x75, 0x74, 0x70, 0x75,
    0x74, 0x5f, 0x30, 0x1a, 0x0f, 0x2f, 0x65, 0x72, 0x62, 0x5f, 0x64, 0x65, 0x63, 0x2f, 0x47, 0x61,
    0x74, 0x68, 0x65, 0x72, 0x22, 0x06, 0x47, 0x61, 0x74, 0x68, 0x65, 0x72, 0x2a, 0x0b, 0x0a, 0x04,
    0x61, 0x78, 0x69, 0x73, 0x18, 0x00, 0xa0, 0x01, 0x02, 0x0a, 0x5e, 0x0a, 0x28, 0x2f, 0x65, 0x6e,
    0x63, 0x2f, 0x65, 0x72, 0x62, 0x5f, 0x63, 0x6f, 0x6e, 0x76, 0x33, 0x2f, 0x65, 0x72, 0x62, 0x5f,
    0x63, 0x6f, 0x6e, 0x76, 0x33, 0x2e, 0x33, 0x2f, 0x52, 0x65, 0x6c, 0x75, 0x5f, 0x6f, 0x75, 0x74,
    0x70, 0x75, 0x74, 0x5f, 0x30, 0x12, 0x19, 0x2f, 0x65, 0x72, 0x62, 0x5f, 0x64, 0x65, 0x63, 0x2f,
    0x53, 0x68, 0x61, 0x70, 0x65, 0x5f, 0x31, 0x5f, 0x6f, 0x75, 0x74, 0x70, 0x75, 0x74, 0x5f, 0x30,
    0x1a, 0x10, 0x2f, 0x65, 0x72, 0x62, 0x5f, 0x64, 0x65, 0x63, 0x2f, 0x53, 0x68, 0x61, 0x70, 0x65,
    0x5f, 0x31, 0x22, 0x05, 0x53, 0x68, 0x61, 0x70, 0x65, 0x0a, 0x57, 0x12, 0x1c, 0x2f, 0x65, 0x72,
    0x62, 0x5f, 0x64, 0x65, 0x63, 0x2f, 0x43, 0x6f, 0x6e, 0x73, 0x74, 0x61, 0x6e, 0x74, 0x5f, 0x31,
    0x5f, 0x6f, 0x75, 0x74, 0x70, 0x75, 0x74, 0x5f, 0x30, 0x1a, 0x13, 0x2f, 0x65, 0x72, 0x62, 0x5f,
    0x64, 0x65, 0x63, 0x2f, 0x43, 0x6f, 0x6e, 0x73, 0x74, 0x61, 0x6e, 0x74, 0x5f, 0x31, 0x22, 0x08,
    0x43, 0x6f, 0x6e, 0x73, 0x74, 0x61, 0x6e, 0x74, 0x2a, 0x18, 0x0a, 0x05, 0x76, 0x61, 0x6c, 0x75,
    0x65, 0x2a, 0x0c, 0x10, 0x07, 0x4a, 0x08, 0x02, 0x00, 0x00, 0x00, 0x00, 0x00, 0x00, 0x00, 0xa0,
    0x01, 0x04, 0x0a, 0x7d, 0x0a, 0x19, 0x2f, 0x65, 0x72, 0x62, 0x5f, 0x64, 0x65, 0x63, 0x2f, 0x53,
    0x68, 0x61, 0x70, 0x65, 0x5f, 0x31, 0x5f, 0x6f, 0x75, 0x74, 0x70, 0x75, 0x74, 0x5f, 0x30, 0x0a,
    0x1c, 0x2f, 0x65, 0x72, 0x62, 0x5f, 0x64, 0x65, 0x63, 0x2f, 0x43, 0x6f, 0x6e, 0x73, 0x74, 0x61,
    0x6e, 0x74, 0x5f, 0x31, 0x5f, 0x6f, 0x75, 0x74, 0x70, 0x75, 0x74, 0x5f, 0x30, 0x12, 0x1a, 0x2f,
    0x65, 0x72, 0x62, 0x5f, 0x64, 0x65, 0x63, 0x2f, 0x47, 0x61, 0x74, 0x68, 0x65, 0x72, 0x5f, 0x31,
    0x5f, 0x6f, 0x75, 0x74, 0x70, 0x75, 0x74, 0x5f, 0x30, 0x1a, 0x11, 0x2f, 0x65, 0x72, 0x62, 0x5f,
    0x64, 0x65, 0x63, 0x2f, 0x47, 0x61, 0x74, 0x68, 0x65, 0x72, 0x5f, 0x31, 0x22, 0x06, 0x47, 0x61,
    0x74, 0x68, 0x65, 0x72, 0x2a, 0x0b, 0x0a, 0x04, 0x61, 0x78, 0x69, 0x73, 0x18, 0x00, 0xa0, 0x01,
    0x02, 0x0a, 0x5e, 0x0a, 0x28, 0x2f, 0x65, 0x6e, 0x63, 0x2f, 0x65, 0x72, 0x62, 0x5f, 0x63, 0x6f,
    0x6e, 0x76, 0x33, 0x2f, 0x65, 0x72, 0x62, 0x5f, 0x63, 0x6f, 0x6e, 0x76, 0x33, 0x2e, 0x33, 0x2f,
    0x52, 0x65, 0x6c, 0x75, 0x5f, 0x6f, 0x75, 0x74, 0x70, 0x75, 0x74, 0x5f, 0x30, 0x12, 0x19, 0x2f,
    0x65, 0x72, 0x62, 0x5f, 0x64, 0x65, 0x63, 0x2f, 0x53, 0x68, 0x61, 0x70, 0x65, 0x5f, 0x32, 0x5f,
    0x6f, 0x75, 0x74, 0x70, 0x75, 0x74, 0x5f, 0x30, 0x1a, 0x10, 0x2f, 0x65, 0x72, 0x62, 0x5f, 0x64,
    0x65, 0x63, 0x2f, 0x53, 0x68, 0x61, 0x70, 0x65, 0x5f, 0x32, 0x22, 0x05, 0x53, 0x68, 0x61, 0x70,
    0x65, 0x0a, 0x57, 0x12, 0x1c, 0x2f, 0x65, 0x72, 0x62, 0x5f, 0x64, 0x65, 0x63, 0x2f, 0x43, 0x6f,
    0x6e, 0x73, 0x74, 0x61, 0x6e, 0x74, 0x5f, 0x32, 0x5f, 0x6f, 0x75, 0x74, 0x70, 0x75, 0x74, 0x5f,
    0x30, 0x1a, 0x13, 0x2f, 0x65, 0x72, 0x62, 0x5f, 0x64, 0x65, 0x63, 0x2f, 0x43, 0x6f, 0x6e, 0x73,
    0x74, 0x61, 0x6e, 0x74, 0x5f, 0x32, 0x22, 0x08, 0x43, 0x6f, 0x6e, 0x73, 0x74, 0x61, 0x6e, 0x74,
    0x2a, 0x18, 0x0a, 0x05, 0x76, 0x61, 0x6c, 0x75, 0x65, 0x2a, 0x0c, 0x10, 0x07, 0x4a, 0x08, 0x03,
    0x00, 0x00, 0x00, 0x00, 0x00, 0x00, 0x00, 0xa0, 0x01, 0x04, 0x0a, 0x7d, 0x0a, 0x19, 0x2f, 0x65,
    0x72, 0x62, 0x5f, 0x64, 0x65, 0x63, 0x2f, 0x53, 0x68, 0x61, 0x70, 0x65, 0x5f, 0x32, 0x5f, 0x6f,
    0x75, 0x74, 0x70, 0x75, 0x74, 0x5f, 0x30, 0x0a, 0x1c, 0x2f, 0x65, 0x72, 0x62, 0x5f, 0x64, 0x65,
    0x63, 0x2f, 0x43, 0x6f, 0x6e, 0x73, 0x74, 0x61, 0x6e, 0x74, 0x5f, 0x32, 0x5f, 0x6f, 0x75, 0x74,
    0x70, 0x75, 0x74, 0x5f, 0x30, 0x12, 0x1a, 0x2f, 0x65, 0x72, 0x62, 0x5f, 0x64, 0x65, 0x63, 0x2f,
    0x47, 0x61, 0x74, 0x68, 0x65, 0x72, 0x5f, 0x32, 0x5f, 0x6f, 0x75, 0x74, 0x70, 0x75, 0x74, 0x5f,
    0x30, 0x1a, 0x11, 0x2f, 0x65, 0x72, 0x62, 0x5f, 0x64, 0x65, 0x63, 0x2f, 0x47, 0x61, 0x74, 0x68,
    0x65, 0x72, 0x5f, 0x32, 0x22, 0x06, 0x47, 0x61, 0x74, 0x68, 0x65, 0x72, 0x2a, 0x0b, 0x0a, 0x04,
    0x61, 0x78, 0x69, 0x73, 0x18, 0x00, 0xa0, 0x01, 0x02, 0x0a, 0xa0, 0x01, 0x0a, 0x32, 0x2f, 0x65,
    0x6e, 0x63, 0x2f, 0x65, 0x6d, 0x62, 0x5f, 0x67, 0x72, 0x75, 0x2f, 0x6c, 0x69, 0x6e, 0x65, 0x61,
    0x72, 0x5f, 0x6f, 0x75, 0x74, 0x2f, 0x6c, 0x69, 0x6e, 0x65, 0x61, 0x72, 0x5f, 0x6f, 0x75, 0x74,
    0x2e, 0x31, 0x2f, 0x52, 0x65, 0x6c, 0x75, 0x5f, 0x6f, 0x75, 0x74, 0x70, 0x75, 0x74, 0x5f, 0x30,
    0x12, 0x35, 0x2f, 0x65, 0x72, 0x62, 0x5f, 0x64, 0x65, 0x63, 0x2f, 0x65, 0x6d, 0x62, 0x5f, 0x67,
    0x72, 0x75, 0x2f, 0x6c, 0x69, 0x6e, 0x65, 0x61, 0x72, 0x5f, 0x69, 0x6e, 0x2f, 0x6c, 0x69, 0x6e,
    0x65, 0x61, 0x72, 0x5f, 0x69, 0x6e, 0x2e, 0x30, 0x2f, 0x53, 0x68, 0x61, 0x70, 0x65, 0x5f, 0x6f,
    0x75, 0x74, 0x70, 0x75, 0x74, 0x5f, 0x30, 0x1a, 0x2c, 0x2f, 0x65, 0x72, 0x62, 0x5f, 0x64, 0x65,
    0x63, 0x2f, 0x65, 0x6d, 0x62, 0x5f, 0x67, 0x72, 0x75, 0x2f, 0x6c, 0x69, 0x6e, 0x65, 0x61, 0x72,
    0x5f, 0x69, 0x6e, 0x2f, 0x6c, 0x69, 0x6e, 0x65, 0x61, 0x72, 0x5f, 0x69, 0x6e, 0x2e, 0x30, 0x2f,
    0x53, 0x68, 0x61, 0x70, 0x65, 0x22, 0x05, 0x53, 0x68, 0x61, 0x70, 0x65, 0x0a, 0x8f, 0x01, 0x12,
    0x38, 0x2f, 0x65, 0x72, 0x62, 0x5f, 0x64, 0x65, 0x63, 0x2f, 0x65, 0x6d, 0x62, 0x5f, 0x67, 0x72,
    0x75, 0x2f, 0x6c, 0x69, 0x6e, 0x65, 0x61, 0x72, 0x5f, 0x69, 0x6e, 0x2f, 0x6c, 0x69, 0x6e, 0x65,
    0x61, 0x72, 0x5f, 0x69, 0x6e, 0x2e, 0x30, 0x2f, 0x43, 0x6f, 0x6e, 0x73, 0x74, 0x61, 0x6e, 0x74,
    0x5f, 0x6f, 0x75, 0x74, 0x70, 0x75, 0x74, 0x5f, 0x30, 0x1a, 0x2f, 0x2f, 0x65, 0x72, 0x62, 0x5f,
    0x64, 0x65, 0x63, 0x2f, 0x65, 0x6d, 0x62, 0x5f, 0x67, 0x72, 0x75, 0x2f, 0x6c, 0x69, 0x6e, 0x65,
    0x61, 0x72, 0x5f, 0x69, 0x6e, 0x2f, 0x6c, 0x69, 0x6e, 0x65, 0x61, 0x72, 0x5f, 0x69, 0x6e, 0x2e,
    0x30, 0x2f, 0x43, 0x6f, 0x6e, 0x73, 0x74, 0x61, 0x6e, 0x74, 0x22, 0x08, 0x43, 0x6f, 0x6e, 0x73,
    0x74, 0x61, 0x6e, 0x74, 0x2a, 0x18, 0x0a, 0x05, 0x76, 0x61, 0x6c, 0x75, 0x65, 0x2a, 0x0c, 0x10,
    0x07, 0x4a, 0x08, 0x00, 0x00, 0x00, 0x00, 0x00, 0x00, 0x00, 0x00, 0xa0, 0x01, 0x04, 0x0a, 0xed,
    0x01, 0x0a, 0x35, 0x2f, 0x65, 0x72, 0x62, 0x5f, 0x64, 0x65, 0x63, 0x2f, 0x65, 0x6d, 0x62, 0x5f,
    0x67, 0x72, 0x75, 0x2f, 0x6c, 0x69, 0x6e, 0x65, 0x61, 0x72, 0x5f, 0x69, 0x6e, 0x2f, 0x6c, 0x69,
    0x6e, 0x65, 0x61, 0x72, 0x5f, 0x69, 0x6e, 0x2e, 0x30, 0x2f, 0x53, 0x68, 0x61, 0x70, 0x65, 0x5f,
    0x6f, 0x75, 0x74, 0x70, 0x75, 0x74, 0x5f, 0x30, 0x0a, 0x38, 0x2f, 0x65, 0x72, 0x62, 0x5f, 0x64,
    0x65, 0x63, 0x2f, 0x65, 0x6d, 0x62, 0x5f, 0x67, 0x72, 0x75, 0x2f, 0x6c, 0x69, 0x6e, 0x65, 0x61,
    0x72, 0x5f, 0x69, 0x6e, 0x2f, 0x6c, 0x69, 0x6e, 0x65, 0x61, 0x72, 0x5f, 0x69, 0x6e, 0x2e, 0x30,
    0x2f, 0x43, 0x6f, 0x6e, 0x73, 0x74, 0x61, 0x6e, 0x74, 0x5f, 0x6f, 0x75, 0x74, 0x70, 0x75, 0x74,
    0x5f, 0x30, 0x12, 0x36, 0x2f, 0x65, 0x72, 0x62, 0x5f, 0x64, 0x65, 0x63, 0x2f, 0x65, 0x6d, 0x62,
    0x5f, 0x67, 0x72, 0x75, 0x2f, 0x6c, 0x69, 0x6e, 0x65, 0x61, 0x72, 0x5f, 0x69, 0x6e, 0x2f, 0x6c,
    0x69, 0x6e, 0x65, 0x61, 0x72, 0x5f, 0x69, 0x6e, 0x2e, 0x30, 0x2f, 0x47, 0x61, 0x74, 0x68, 0x65,
    0x72, 0x5f, 0x6f, 0x75, 0x74, 0x70, 0x75, 0x74, 0x5f, 0x30, 0x1a, 0x2d, 0x2f, 0x65, 0x72, 0x62,
    0x5f, 0x64, 0x65, 0x63, 0x2f, 0x65, 0x6d, 0x62, 0x5f, 0x67, 0x72, 0x75, 0x2f, 0x6c, 0x69, 0x6e,
    0x65, 0x61, 0x72, 0x5f, 0x69, 0x6e, 0x2f, 0x6c, 0x69, 0x6e, 0x65, 0x61, 0x72, 0x5f, 0x69, 0x6e,
    0x2e, 0x30, 0x2f, 0x47, 0x61, 0x74, 0x68, 0x65, 0x72, 0x22, 0x06, 0x47, 0x61, 0x74, 0x68, 0x65,
    0x72, 0x2a, 0x0b, 0x0a, 0x04, 0x61, 0x78, 0x69, 0x73, 0x18, 0x00, 0xa0, 0x01, 0x02, 0x0a, 0xa4,
    0x01, 0x0a, 0x32, 0x2f, 0x65, 0x6e, 0x63, 0x2f, 0x65, 0x6d, 0x62, 0x5f, 0x67, 0x72, 0x75, 0x2f,
    0x6c, 0x69, 0x6e, 0x65, 0x61, 0x72, 0x5f, 0x6f, 0x75, 0x74, 0x2f, 0x6c, 0x69, 0x6e, 0x65, 0x61,
    0x72, 0x5f, 0x6f, 0x75, 0x74, 0x2e, 0x31, 0x2f, 0x52, 0x65, 0x6c, 0x75, 0x5f, 0x6f, 0x75, 0x74,
    0x70, 0x75, 0x74, 0x5f, 0x30, 0x12, 0x37, 0x2f, 0x65, 0x72, 0x62, 0x5f, 0x64, 0x65, 0x63, 0x2f,
    0x65, 0x6d, 0x62, 0x5f, 0x67, 0x72, 0x75, 0x2f, 0x6c, 0x69, 0x6e, 0x65, 0x61, 0x72, 0x5f, 0x69,
    0x6e, 0x2f, 0x6c, 0x69, 0x6e, 0x65, 0x61, 0x72, 0x5f, 0x69, 0x6e, 0x2e, 0x30, 0x2f, 0x53, 0x68,
    0x61, 0x70, 0x65, 0x5f, 0x31, 0x5f, 0x6f, 0x75, 0x74, 0x70, 0x75, 0x74, 0x5f, 0x30, 0x1a, 0x2e,
    0x2f, 0x65, 0x72, 0x62, 0x5f, 0x64, 0x65, 0x63, 0x2f, 0x65, 0x6d, 0x62, 0x5f, 0x67, 0x72, 0x75,
    0x2f, 0x6c, 0x69, 0x6e, 0x65, 0x61, 0x72, 0x5f, 0x69, 0x6e, 0x2f, 0x6c, 0x69, 0x6e, 0x65, 0x61,
    0x72, 0x5f, 0x69, 0x6e, 0x2e, 0x30, 0x2f, 0x53, 0x68, 0x61, 0x70, 0x65, 0x5f, 0x31, 0x22, 0x05,
    0x53, 0x68, 0x61, 0x70, 0x65, 0x0a, 0x93, 0x01, 0x12, 0x3a, 0x2f, 0x65, 0x72, 0x62, 0x5f, 0x64,
    0x65, 0x63, 0x2f, 0x65, 0x6d, 0x62, 0x5f, 0x67, 0x72, 0x75, 0x2f, 0x6c, 0x69, 0x6e, 0x65, 0x61,
    0x72, 0x5f, 0x69, 0x6e, 0x2f, 0x6c, 0x69, 0x6e, 0x65, 0x61, 0x72, 0x5f, 0x69, 0x6e, 0x2e, 0x30,
    0x2f, 0x43, 0x6f, 0x6e, 0x73, 0x74, 0x61, 0x6e, 0x74, 0x5f, 0x31, 0x5f, 0x6f, 0x75, 0x74, 0x70,
    0x75, 0x74, 0x5f, 0x30, 0x1a, 0x31, 0x2f, 0x65, 0x72, 0x62, 0x5f, 0x64, 0x65, 0x63, 0x2f, 0x65,
    0x6d, 0x62, 0x5f, 0x67, 0x72, 0x75, 0x2f, 0x6c, 0x69, 0x6e, 0x65, 0x61, 0x72, 0x5f, 0x69, 0x6e,
    0x2f, 0x6c, 0x69, 0x6e, 0x65, 0x61, 0x72, 0x5f, 0x69, 0x6e, 0x2e, 0x30, 0x2f, 0x43, 0x6f, 0x6e,
    0x73, 0x74, 0x61, 0x6e, 0x74, 0x5f, 0x31, 0x22, 0x08, 0x43, 0x6f, 0x6e, 0x73, 0x74, 0x61, 0x6e,
    0x74, 0x2a, 0x18, 0x0a, 0x05, 0x76, 0x61, 0x6c, 0x75, 0x65, 0x2a, 0x0c, 0x10, 0x07, 0x4a, 0x08,
    0x01, 0x00, 0x00, 0x00, 0x00, 0x00, 0x00, 0x00, 0xa0, 0x01, 0x04, 0x0a, 0xf5, 0x01, 0x0a, 0x37,
    0x2f, 0x65, 0x72, 0x62, 0x5f, 0x64, 0x65, 0x63, 0x2f, 0x65, 0x6d, 0x62, 0x5f, 0x67, 0x72, 0x75,
    0x2f, 0x6c, 0x69, 0x6e, 0x65, 0x61, 0x72, 0x5f, 0x69, 0x6e, 0x2f, 0x6c, 0x69, 0x6e, 0x65, 0x61,
    0x72, 0x5f, 0x69, 0x6e, 0x2e, 0x30, 0x2f, 0x53, 0x68, 0x61, 0x70, 0x65, 0x5f, 0x31, 0x5f, 0x6f,
    0x75, 0x74, 0x70, 0x75, 0x74, 0x5f, 0x30, 0x0a, 0x3a, 0x2f, 0x65, 0x72, 0x62, 0x5f, 0x64, 0x65,
    0x63, 0x2f, 0x65, 0x6d, 0x62, 0x5f, 0x67, 0x72, 0x75, 0x2f, 0x6c, 0x69, 0x6e, 0x65, 0x61, 0x72,
    0x5f, 0x69, 0x6e, 0x2f, 0x6c, 0x69, 0x6e, 0x65, 0x61, 0x72, 0x5f, 0x69, 0x6e, 0x2e, 0x30, 0x2f,
    0x43, 0x6f, 0x6e, 0x73, 0x74, 0x61, 0x6e, 0x74, 0x5f, 0x31, 0x5f, 0x6f, 0x75, 0x74, 0x70, 0x75,
    0x74, 0x5f, 0x30, 0x12, 0x38, 0x2f, 0x65, 0x72, 0x62, 0x5f, 0x64, 0x65, 0x63, 0x2f, 0x65, 0x6d,
    0x62, 0x5f, 0x67, 0x72, 0x75, 0x2f, 0x6c, 0x69, 0x6e, 0x65, 0x61, 0x72, 0x5f, 0x69, 0x6e, 0x2f,
    0x6c, 0x69, 0x6e, 0x65, 0x61, 0x72, 0x5f, 0x69, 0x6e, 0x2e, 0x30, 0x2f, 0x47, 0x61, 0x74, 0x68,
    0x65, 0x72, 0x5f, 0x31, 0x5f, 0x6f, 0x75, 0x74, 0x70, 0x75, 0x74, 0x5f, 0x30, 0x1a, 0x2f, 0x2f,
    0x65, 0x72, 0x62, 0x5f, 0x64, 0x65, 0x63, 0x2f, 0x65, 0x6d, 0x62, 0x5f, 0x67, 0x72, 0x75, 0x2f,
    0x6c, 0x69, 0x6e, 0x65, 0x61, 0x72, 0x5f, 0x69, 0x6e, 0x2f, 0x6c, 0x69, 0x6e, 0x65, 0x61, 0x72,
    0x5f, 0x69, 0x6e, 0x2e, 0x30, 0x2f, 0x47, 0x61, 0x74, 0x68, 0x65, 0x72, 0x5f, 0x31, 0x22, 0x06,
    0x47, 0x61, 0x74, 0x68, 0x65, 0x72, 0x2a, 0x0b, 0x0a, 0x04, 0x61, 0x78, 0x69, 0x73, 0x18, 0x00,
    0xa0, 0x01, 0x02, 0x0a, 0x49, 0x12, 0x13, 0x6f, 0x6e, 0x6e, 0x78, 0x3a, 0x3a, 0x55, 0x6e, 0x73,
    0x71, 0x75, 0x65, 0x65, 0x7a, 0x65, 0x5f, 0x34, 0x36, 0x35, 0x1a, 0x0c, 0x43, 0x6f, 0x6e, 0x73,
    0x74, 0x61, 0x6e, 0x74, 0x5f, 0x34, 0x30, 0x32, 0x22, 0x08, 0x43, 0x6f, 0x6e, 0x73, 0x74, 0x61,
    0x6e, 0x74, 0x2a, 0x1a, 0x0a, 0x05, 0x76, 0x61, 0x6c, 0x75, 0x65, 0x2a, 0x0e, 0x08, 0x01, 0x10,
    0x07, 0x4a, 0x08, 0x00, 0x00, 0x00, 0x00, 0x00, 0x00, 0x00, 0x00, 0xa0, 0x01, 0x04, 0x0a, 0xc5,
    0x01, 0x0a, 0x36, 0x2f, 0x65, 0x72, 0x62, 0x5f, 0x64, 0x65, 0x63, 0x2f, 0x65, 0x6d, 0x62, 0x5f,
    0x67, 0x72, 0x75, 0x2f, 0x6c, 0x69, 0x6e, 0x65, 0x61, 0x72, 0x5f, 0x69, 0x6e, 0x2f, 0x6c, 0x69,
    0x6e, 0x65, 0x61, 0x72, 0x5f, 0x69, 0x6e, 0x2e, 0x30, 0x2f, 0x47, 0x61, 0x74, 0x68, 0x65, 0x72,
    0x5f, 0x6f, 0x75, 0x74, 0x70, 0x75, 0x74, 0x5f, 0x30, 0x0a, 0x13, 0x6f, 0x6e, 0x6e, 0x78, 0x3a,
    0x3a, 0x55, 0x6e, 0x73, 0x71, 0x75, 0x65, 0x65, 0x7a, 0x65, 0x5f, 0x34, 0x36, 0x35, 0x12, 0x39,
    0x2f, 0x65, 0x72, 0x62, 0x5f, 0x64, 0x65, 0x63, 0x2f, 0x65, 0x6d, 0x62, 0x5f, 0x67, 0x72, 0x75,
    0x2f, 0x6c, 0x69, 0x6e, 0x65, 0x61, 0x72, 0x5f, 0x69, 0x6e, 0x2f, 0x6c, 0x69, 0x6e, 0x65, 0x61,
    0x72, 0x5f, 0x69, 0x6e, 0x2e, 0x30, 0x2f, 0x55, 0x6e, 0x73, 0x71, 0x75, 0x65, 0x65, 0x7a, 0x65,
    0x5f, 0x6f, 0x75, 0x74, 0x70, 0x75, 0x74, 0x5f, 0x30, 0x1a, 0x30, 0x2f, 0x65, 0x72, 0x62, 0x5f,
    0x64, 0x65, 0x63, 0x2f, 0x65, 0x6d, 0x62, 0x5f, 0x67, 0x72, 0x75, 0x2f, 0x6c, 0x69, 0x6e, 0x65,
    0x61, 0x72, 0x5f, 0x69, 0x6e, 0x2f, 0x6c, 0x69, 0x6e, 0x65, 0x61, 0x72, 0x5f, 0x69, 0x6e, 0x2e,
    0x30, 0x2f, 0x55, 0x6e, 0x73, 0x71, 0x75, 0x65, 0x65, 0x7a, 0x65, 0x22, 0x09, 0x55, 0x6e, 0x73,
    0x71, 0x75, 0x65, 0x65, 0x7a, 0x65, 0x0a, 0x49, 0x12, 0x13, 0x6f, 0x6e, 0x6e, 0x78, 0x3a, 0x3a,
    0x55, 0x6e, 0x73, 0x71, 0x75, 0x65, 0x65, 0x7a, 0x65, 0x5f, 0x34, 0x36, 0x37, 0x1a, 0x0c, 0x43,
    0x6f, 0x6e, 0x73, 0x74, 0x61, 0x6e, 0x74, 0x5f, 0x34, 0x30, 0x34, 0x22, 0x08, 0x43, 0x6f, 0x6e,
    0x73, 0x74, 0x61, 0x6e, 0x74, 0x2a, 0x1a, 0x0a, 0x05, 0x76, 0x61, 0x6c, 0x75, 0x65, 0x2a, 0x0e,
    0x08, 0x01, 0x10, 0x07, 0x4a, 0x08, 0x00, 0x00, 0x00, 0x00, 0x00, 0x00, 0x00, 0x00, 0xa0, 0x01,
    0x04, 0x0a, 0xcb, 0x01, 0x0a, 0x38, 0x2f, 0x65, 0x72, 0x62, 0x5f, 0x64, 0x65, 0x63, 0x2f, 0x65,
    0x6d, 0x62, 0x5f, 0x67, 0x72, 0x75, 0x2f, 0x6c, 0x69, 0x6e, 0x65, 0x61, 0x72, 0x5f, 0x69, 0x6e,
    0x2f, 0x6c, 0x69, 0x6e, 0x65, 0x61, 0x72, 0x5f, 0x69, 0x6e, 0x2e, 0x30, 0x2f, 0x47, 0x61, 0x74,
    0x68, 0x65, 0x72, 0x5f, 0x31, 0x5f, 0x6f, 0x75, 0x74, 0x70, 0x75, 0x74, 0x5f, 0x30, 0x0a, 0x13,
    0x6f, 0x6e, 0x6e, 0x78, 0x3a, 0x3a, 0x55, 0x6e, 0x73, 0x71, 0x75, 0x65, 0x65, 0x7a, 0x65, 0x5f,
    0x34, 0x36, 0x37, 0x12, 0x3b, 0x2f, 0x65, 0x72, 0x62, 0x5f, 0x64, 0x65, 0x63, 0x2f, 0x65, 0x6d,
    0x62, 0x5f, 0x67, 0x72, 0x75, 0x2f, 0x6c, 0x69, 0x6e, 0x65, 0x61, 0x72, 0x5f, 0x69, 0x6e, 0x2f,
    0x6c, 0x69, 0x6e, 0x65, 0x61, 0x72, 0x5f, 0x69, 0x6e, 0x2e, 0x30, 0x2f, 0x55, 0x6e, 0x73, 0x71,
    0x75, 0x65, 0x65, 0x7a, 0x65, 0x5f, 0x31, 0x5f, 0x6f, 0x75, 0x74, 0x70, 0x75, 0x74, 0x5f, 0x30,
    0x1a, 0x32, 0x2f, 0x65, 0x72, 0x62, 0x5f, 0x64, 0x65, 0x63, 0x2f, 0x65, 0x6d, 0x62, 0x5f, 0x67,
    0x72, 0x75, 0x2f, 0x6c, 0x69, 0x6e, 0x65, 0x61, 0x72, 0x5f, 0x69, 0x6e, 0x2f, 0x6c, 0x69, 0x6e,
    0x65, 0x61, 0x72, 0x5f, 0x69, 0x6e, 0x2e, 0x30, 0x2f, 0x55, 0x6e, 0x73, 0x71, 0x75, 0x65, 0x65,
    0x7a, 0x65, 0x5f, 0x31, 0x22, 0x09, 0x55, 0x6e, 0x73, 0x71, 0x75, 0x65, 0x65, 0x7a, 0x65, 0x0a,
    0x95, 0x01, 0x12, 0x3a, 0x2f, 0x65, 0x72, 0x62, 0x5f, 0x64, 0x65, 0x63, 0x2f, 0x65, 0x6d, 0x62,
    0x5f, 0x67, 0x72, 0x75, 0x2f, 0x6c, 0x69, 0x6e, 0x65, 0x61, 0x72, 0x5f, 0x69, 0x6e, 0x2f, 0x6c,
    0x69, 0x6e, 0x65, 0x61, 0x72, 0x5f, 0x69, 0x6e, 0x2e, 0x30, 0x2f, 0x43, 0x6f, 0x6e, 0x73, 0x74,
    0x61, 0x6e, 0x74, 0x5f, 0x32, 0x5f, 0x6f, 0x75, 0x74, 0x70, 0x75, 0x74, 0x5f, 0x30, 0x1a, 0x31,
    0x2f, 0x65, 0x72, 0x62, 0x5f, 0x64, 0x65, 0x63, 0x2f, 0x65, 0x6d, 0x62, 0x5f, 0x67, 0x72, 0x75,
    0x2f, 0x6c, 0x69, 0x6e, 0x65, 0x61, 0x72, 0x5f, 0x69, 0x6e, 0x2f, 0x6c, 0x69, 0x6e, 0x65, 0x61,
    0x72, 0x5f, 0x69, 0x6e, 0x2e, 0x30, 0x2f, 0x43, 0x6f, 0x6e, 0x73, 0x74, 0x61, 0x6e, 0x74, 0x5f,
    0x32, 0x22, 0x08, 0x43, 0x6f, 0x6e, 0x73, 0x74, 0x61, 0x6e, 0x74, 0x2a, 0x1a, 0x0a, 0x05, 0x76,
    0x61, 0x6c, 0x75, 0x65, 0x2a, 0x0e, 0x08, 0x01, 0x10, 0x07, 0x4a, 0x08, 0x10, 0x00, 0x00, 0x00,
    0x00, 0x00, 0x00, 0x00, 0xa0, 0x01, 0x04, 0x0a, 0x95, 0x01, 0x12, 0x3a, 0x2f, 0x65, 0x72, 0x62,
    0x5f, 0x64, 0x65, 0x63, 0x2f, 0x65, 0x6d, 0x62, 0x5f, 0x67, 0x72, 0x75, 0x2f, 0x6c, 0x69, 0x6e,
    0x65, 0x61, 0x72, 0x5f, 0x69, 0x6e, 0x2f, 0x6c, 0x69, 0x6e, 0x65, 0x61, 0x72, 0x5f, 0x69, 0x6e,
    0x2e, 0x30, 0x2f, 0x43, 0x6f, 0x6e, 0x73, 0x74, 0x61, 0x6e, 0x74, 0x5f, 0x33, 0x5f, 0x6f, 0x75,
    0x74, 0x70, 0x75, 0x74, 0x5f, 0x30, 0x1a, 0x31, 0x2f, 0x65, 0x72, 0x62, 0x5f, 0x64, 0x65, 0x63,
    0x2f, 0x65, 0x6d, 0x62, 0x5f, 0x67, 0x72, 0x75, 0x2f, 0x6c, 0x69, 0x6e, 0x65, 0x61, 0x72, 0x5f,
    0x69, 0x6e, 0x2f, 0x6c, 0x69, 0x6e, 0x65, 0x61, 0x72, 0x5f, 0x69, 0x6e, 0x2e, 0x30, 0x2f, 0x43,
    0x6f, 0x6e, 0x73, 0x74, 0x61, 0x6e, 0x74, 0x5f, 0x33, 0x22, 0x08, 0x43, 0x6f, 0x6e, 0x73, 0x74,
    0x61, 0x6e, 0x74, 0x2a, 0x1a, 0x0a, 0x05, 0x76, 0x61, 0x6c, 0x75, 0x65, 0x2a, 0x0e, 0x08, 0x01,
    0x10, 0x07, 0x4a, 0x08, 0x20, 0x00, 0x00, 0x00, 0x00, 0x00, 0x00, 0x00, 0xa0, 0x01, 0x04, 0x0a,
    0xec, 0x02, 0x0a, 0x39, 0x2f, 0x65, 0x72, 0x62, 0x5f, 0x64, 0x65, 0x63, 0x2f, 0x65, 0x6d, 0x62,
    0x5f, 0x67, 0x72, 0x75, 0x2f, 0x6c, 0x69, 0x6e, 0x65, 0x61, 0x72, 0x5f, 0x69, 0x6e, 0x2f, 0x6c,
    0x69, 0x6e, 0x65, 0x61, 0x72, 0x5f, 0x69, 0x6e, 0x2e, 0x30, 0x2f, 0x55, 0x6e, 0x73, 0x71, 0x75,
    0x65, 0x65, 0x7a, 0x65, 0x5f, 0x6f, 0x75, 0x74, 0x70, 0x75, 0x74, 0x5f, 0x30, 0x0a, 0x3b, 0x2f,
    0x65, 0x72, 0x62, 0x5f, 0x64, 0x65, 0x63, 0x2f, 0x65, 0x6d, 0x62, 0x5f, 0x67, 0x72, 0x75, 0x2f,
    0x6c, 0x69, 0x6e, 0x65, 0x61, 0x72, 0x5f, 0x69, 0x6e, 0x2f, 0x6c, 0x69, 0x6e, 0x65, 0x61, 0x72,
    0x5f, 0x69, 0x6e, 0x2e, 0x30, 0x2f, 0x55, 0x6e, 0x73, 0x71, 0x75, 0x65, 0x65, 0x7a, 0x65, 0x5f,
    0x31, 0x5f, 0x6f, 0x75, 0x74, 0x70, 0x75, 0x74, 0x5f, 0x30, 0x0a, 0x3a, 0x2f, 0x65, 0x72, 0x62,
    0x5f, 0x64, 0x65, 0x63, 0x2f, 0x65, 0x6d, 0x62, 0x5f, 0x67, 0x72, 0x75, 0x2f, 0x6c, 0x69, 0x6e,
    0x65, 0x61, 0x72, 0x5f, 0x69, 0x6e, 0x2f, 0x6c, 0x69, 0x6e, 0x65, 0x61, 0x72, 0x5f, 0x69, 0x6e,
    0x2e, 0x30, 0x2f, 0x43, 0x6f, 0x6e, 0x73, 0x74, 0x61, 0x6e, 0x74, 0x5f, 0x32, 0x5f, 0x6f, 0x75,
    0x74, 0x70, 0x75, 0x74, 0x5f, 0x30, 0x0a, 0x3a, 0x2f, 0x65, 0x72, 0x62, 0x5f, 0x64, 0x65, 0x63,
    0x2f, 0x65, 0x6d, 0x62, 0x5f, 0x67, 0x72, 0x75, 0x2f, 0x6c, 0x69, 0x6e, 0x65, 0x61, 0x72, 0x5f,
    0x69, 0x6e, 0x2f, 0x6c, 0x69, 0x6e, 0x65, 0x61, 0x72, 0x5f, 0x69, 0x6e, 0x2e, 0x30, 0x2f, 0x43,
    0x6f, 0x6e, 0x73, 0x74, 0x61, 0x6e, 0x74, 0x5f, 0x33, 0x5f, 0x6f, 0x75, 0x74, 0x70, 0x75, 0x74,
    0x5f, 0x30, 0x12, 0x36, 0x2f, 0x65, 0x72, 0x62, 0x5f, 0x64, 0x65, 0x63, 0x2f, 0x65, 0x6d, 0x62,
    0x5f, 0x67, 0x72, 0x75, 0x2f, 0x6c, 0x69, 0x6e, 0x65, 0x61, 0x72, 0x5f, 0x69, 0x6e, 0x2f, 0x6c,
    0x69, 0x6e, 0x65, 0x61, 0x72, 0x5f, 0x69, 0x6e, 0x2e, 0x30, 0x2f, 0x43, 0x6f, 0x6e, 0x63, 0x61,
    0x74, 0x5f, 0x6f, 0x75, 0x74, 0x70, 0x75, 0x74, 0x5f, 0x30, 0x1a, 0x2d, 0x2f, 0x65, 0x72, 0x62,
    0x5f, 0x64, 0x65, 0x63, 0x2f, 0x65, 0x6d, 0x62, 0x5f, 0x67, 0x72, 0x75, 0x2f, 0x6c, 0x69, 0x6e,
    0x65, 0x61, 0x72, 0x5f, 0x69, 0x6e, 0x2f, 0x6c, 0x69, 0x6e, 0x65, 0x61, 0x72, 0x5f, 0x69, 0x6e,
    0x2e, 0x30, 0x2f, 0x43, 0x6f, 0x6e, 0x63, 0x61, 0x74, 0x22, 0x06, 0x43, 0x6f, 0x6e, 0x63, 0x61,
    0x74, 0x2a, 0x0b, 0x0a, 0x04, 0x61, 0x78, 0x69, 0x73, 0x18, 0x00, 0xa0, 0x01, 0x02, 0x0a, 0xf0,
    0x01, 0x0a, 0x32, 0x2f, 0x65, 0x6e, 0x63, 0x2f, 0x65, 0x6d, 0x62, 0x5f, 0x67, 0x72, 0x75, 0x2f,
    0x6c, 0x69, 0x6e, 0x65, 0x61, 0x72, 0x5f, 0x6f, 0x75, 0x74, 0x2f, 0x6c, 0x69, 0x6e, 0x65, 0x61,
    0x72, 0x5f, 0x6f, 0x75, 0x74, 0x2e, 0x31, 0x2f, 0x52, 0x65, 0x6c, 0x75, 0x5f, 0x6f, 0x75, 0x74,
    0x70, 0x75, 0x74, 0x5f, 0x30, 0x0a, 0x36, 0x2f, 0x65, 0x72, 0x62, 0x5f, 0x64, 0x65, 0x63, 0x2f,
    0x65, 0x6d, 0x62, 0x5f, 0x67, 0x72, 0x75, 0x2f, 0x6c, 0x69, 0x6e, 0x65, 0x61, 0x72, 0x5f, 0x69,
    0x6e, 0x2f, 0x6c, 0x69, 0x6e, 0x65, 0x61, 0x72, 0x5f, 0x69, 0x6e, 0x2e, 0x30, 0x2f, 0x43, 0x6f,
    0x6e, 0x63, 0x61, 0x74, 0x5f, 0x6f, 0x75, 0x74, 0x70, 0x75, 0x74, 0x5f, 0x30, 0x12, 0x37, 0x2f,
    0x65, 0x72, 0x62, 0x5f, 0x64, 0x65, 0x63, 0x2f, 0x65, 0x6d, 0x62, 0x5f, 0x67, 0x72, 0x75, 0x2f,
    0x6c, 0x69, 0x6e, 0x65, 0x61, 0x72, 0x5f, 0x69, 0x6e, 0x2f, 0x6c, 0x69, 0x6e, 0x65, 0x61, 0x72,
    0x5f, 0x69, 0x6e, 0x2e, 0x30, 0x2f, 0x52, 0x65, 0x73, 0x68, 0x61, 0x70, 0x65, 0x5f, 0x6f, 0x75,
    0x74, 0x70, 0x75, 0x74, 0x5f, 0x30, 0x1a, 0x2e, 0x2f, 0x65, 0x72, 0x62, 0x5f, 0x64, 0x65, 0x63,
    0x2f, 0x65, 0x6d, 0x62, 0x5f, 0x67, 0x72, 0x75, 0x2f, 0x6c, 0x69, 0x6e, 0x65, 0x61, 0x72, 0x5f,
    0x69, 0x6e, 0x2f, 0x6c, 0x69, 0x6e, 0x65, 0x61, 0x72, 0x5f, 0x69, 0x6e, 0x2e, 0x30, 0x2f, 0x52,
    0x65, 0x73, 0x68, 0x61, 0x70, 0x65, 0x22, 0x07, 0x52, 0x65, 0x73, 0x68, 0x61, 0x70, 0x65, 0x2a,
    0x10, 0x0a, 0x09, 0x61, 0x6c, 0x6c, 0x6f, 0x77, 0x7a, 0x65, 0x72, 0x6f, 0x18, 0x00, 0xa0, 0x01,
    0x02, 0x0a, 0xeb, 0x01, 0x0a, 0x37, 0x2f, 0x65, 0x72, 0x62, 0x5f, 0x64, 0x65, 0x63, 0x2f, 0x65,
    0x6d, 0x62, 0x5f, 0x67, 0x72, 0x75, 0x2f, 0x6c, 0x69, 0x6e, 0x65, 0x61, 0x72, 0x5f, 0x69, 0x6e,
    0x2f, 0x6c, 0x69, 0x6e, 0x65, 0x61, 0x72, 0x5f, 0x69, 0x6e, 0x2e, 0x30, 0x2f, 0x52, 0x65, 0x73,
    0x68, 0x61, 0x70, 0x65, 0x5f, 0x6f, 0x75, 0x74, 0x70, 0x75, 0x74, 0x5f, 0x30, 0x0a, 0x22, 0x65,
    0x72, 0x62, 0x5f, 0x64, 0x65, 0x63, 0x2e, 0x65, 0x6d, 0x62, 0x5f, 0x67, 0x72, 0x75, 0x2e, 0x6c,
    0x69, 0x6e, 0x65, 0x61, 0x72, 0x5f, 0x69, 0x6e, 0x2e, 0x30, 0x2e, 0x77, 0x65, 0x69, 0x67, 0x68,
    0x74, 0x12, 0x36, 0x2f, 0x65, 0x72, 0x62, 0x5f, 0x64, 0x65, 0x63, 0x2f, 0x65, 0x6d, 0x62, 0x5f,
    0x67, 0x72, 0x75, 0x2f, 0x6c, 0x69, 0x6e, 0x65, 0x61, 0x72, 0x5f, 0x69, 0x6e, 0x2f, 0x6c, 0x69,
    0x6e, 0x65, 0x61, 0x72, 0x5f, 0x69, 0x6e, 0x2e, 0x30, 0x2f, 0x45, 0x69, 0x6e, 0x73, 0x75, 0x6d,
    0x5f, 0x6f, 0x75, 0x74, 0x70, 0x75, 0x74, 0x5f, 0x30, 0x1a, 0x2d, 0x2f, 0x65, 0x72, 0x62, 0x5f,
    0x64, 0x65, 0x63, 0x2f, 0x65, 0x6d, 0x62, 0x5f, 0x67, 0x72, 0x75, 0x2f, 0x6c, 0x69, 0x6e, 0x65,
    0x61, 0x72, 0x5f, 0x69, 0x6e, 0x2f, 0x6c, 0x69, 0x6e, 0x65, 0x61, 0x72, 0x5f, 0x69, 0x6e, 0x2e,
    0x30, 0x2f, 0x45, 0x69, 0x6e, 0x73, 0x75, 0x6d, 0x22, 0x06, 0x45, 0x69, 0x6e, 0x73, 0x75, 0x6d,
    0x2a, 0x1d, 0x0a, 0x08, 0x65, 0x71, 0x75, 0x61, 0x74, 0x69, 0x6f, 0x6e, 0x22, 0x0e, 0x62, 0x74,
    0x67, 0x69, 0x2c, 0x67, 0x69, 0x68, 0x2d, 0x3e, 0x62, 0x74, 0x67, 0x68, 0xa0, 0x01, 0x03, 0x0a,
    0xa8, 0x01, 0x0a, 0x36, 0x2f, 0x65, 0x72, 0x62, 0x5f, 0x64, 0x65, 0x63, 0x2f, 0x65, 0x6d, 0x62,
    0x5f, 0x67, 0x72, 0x75, 0x2f, 0x6c, 0x69, 0x6e, 0x65, 0x61, 0x72, 0x5f, 0x69, 0x6e, 0x2f, 0x6c,
    0x69, 0x6e, 0x65, 0x61, 0x72, 0x5f, 0x69, 0x6e, 0x2e, 0x30, 0x2f, 0x45, 0x69, 0x6e, 0x73, 0x75,
    0x6d, 0x5f, 0x6f, 0x75, 0x74, 0x70, 0x75, 0x74, 0x5f, 0x30, 0x12, 0x37, 0x2f, 0x65, 0x72, 0x62,
    0x5f, 0x64, 0x65, 0x63, 0x2f, 0x65, 0x6d, 0x62, 0x5f, 0x67, 0x72, 0x75, 0x2f, 0x6c, 0x69, 0x6e,
    0x65, 0x61, 0x72, 0x5f, 0x69, 0x6e, 0x2f, 0x6c, 0x69, 0x6e, 0x65, 0x61, 0x72, 0x5f, 0x69, 0x6e,
    0x2e, 0x30, 0x2f, 0x53, 0x68, 0x61, 0x70, 0x65, 0x5f, 0x32, 0x5f, 0x6f, 0x75, 0x74, 0x70, 0x75,
    0x74, 0x5f, 0x30, 0x1a, 0x2e, 0x2f, 0x65, 0x72, 0x62, 0x5f, 0x64, 0x65, 0x63, 0x2f, 0x65, 0x6d,
    0x62, 0x5f, 0x67, 0x72, 0x75, 0x2f, 0x6c, 0x69, 0x6e, 0x65, 0x61, 0x72, 0x5f, 0x69, 0x6e, 0x2f,
    0x6c, 0x69, 0x6e, 0x65, 0x61, 0x72, 0x5f, 0x69, 0x6e, 0x2e, 0x30, 0x2f, 0x53, 0x68, 0x61, 0x70,
    0x65, 0x5f, 0x32, 0x22, 0x05, 0x53, 0x68, 0x61, 0x70, 0x65, 0x0a, 0x95, 0x01, 0x12, 0x3a, 0x2f,
    0x65, 0x72, 0x62, 0x5f, 0x64, 0x65, 0x63, 0x2f, 0x65, 0x6d, 0x62, 0x5f, 0x67, 0x72, 0x75, 0x2f,
    0x6c, 0x69, 0x6e, 0x65, 0x61, 0x72, 0x5f, 0x69, 0x6e, 0x2f, 0x6c, 0x69, 0x6e, 0x65, 0x61, 0x72,
    0x5f, 0x69, 0x6e, 0x2e, 0x30, 0x2f, 0x43, 0x6f, 0x6e, 0x73, 0x74, 0x61, 0x6e, 0x74, 0x5f, 0x34,
    0x5f, 0x6f, 0x75, 0x74, 0x70, 0x75, 0x74, 0x5f, 0x30, 0x1a, 0x31, 0x2f, 0x65, 0x72, 0x62, 0x5f,
    0x64, 0x65, 0x63, 0x2f, 0x65, 0x6d, 0x62, 0x5f, 0x67, 0x72, 0x75, 0x2f, 0x6c, 0x69, 0x6e, 0x65,
    0x61, 0x72, 0x5f, 0x69, 0x6e, 0x2f, 0x6c, 0x69, 0x6e, 0x65, 0x61, 0x72, 0x5f, 0x69, 0x6e, 0x2e,
    0x30, 0x2f, 0x43, 0x6f, 0x6e, 0x73, 0x74, 0x61, 0x6e, 0x74, 0x5f, 0x34, 0x22, 0x08, 0x43, 0x6f,
    0x6e, 0x73, 0x74, 0x61, 0x6e, 0x74, 0x2a, 0x1a, 0x0a, 0x05, 0x76, 0x61, 0x6c, 0x75, 0x65, 0x2a,
    0x0e, 0x08, 0x01, 0x10, 0x07, 0x4a, 0x08, 0x00, 0x00, 0x00, 0x00, 0x00, 0x00, 0x00, 0x00, 0xa0,
    0x01, 0x04, 0x0a, 0x95, 0x01, 0x12, 0x3a, 0x2f, 0x65, 0x72, 0x62, 0x5f, 0x64, 0x65, 0x63, 0x2f,
    0x65, 0x6d, 0x62, 0x5f, 0x67, 0x72, 0x75, 0x2f, 0x6c, 0x69, 0x6e, 0x65, 0x61, 0x72, 0x5f, 0x69,
    0x6e, 0x2f, 0x6c, 0x69, 0x6e, 0x65, 0x61, 0x72, 0x5f, 0x69, 0x6e, 0x2e, 0x30, 0x2f, 0x43, 0x6f,
    0x6e, 0x73, 0x74, 0x61, 0x6e, 0x74, 0x5f, 0x35, 0x5f, 0x6f, 0x75, 0x74, 0x70, 0x75, 0x74, 0x5f,
    0x30, 0x1a, 0x31, 0x2f, 0x65, 0x72, 0x62, 0x5f, 0x64, 0x65, 0x63, 0x2f, 0x65, 0x6d, 0x62, 0x5f,
    0x67, 0x72, 0x75, 0x2f, 0x6c, 0x69, 0x6e, 0x65, 0x61, 0x72, 0x5f, 0x69, 0x6e, 0x2f, 0x6c, 0x69,
    0x6e, 0x65, 0x61, 0x72, 0x5f, 0x69, 0x6e, 0x2e, 0x30, 0x2f, 0x43, 0x6f, 0x6e, 0x73, 0x74, 0x61,
    0x6e, 0x74, 0x5f, 0x35, 0x22, 0x08, 0x43, 0x6f, 0x6e, 0x73, 0x74, 0x61, 0x6e, 0x74, 0x2a, 0x1a,
    0x0a, 0x05, 0x76, 0x61, 0x6c, 0x75, 0x65, 0x2a, 0x0e, 0x08, 0x01, 0x10, 0x07, 0x4a, 0x08, 0x00,
    0x00, 0x00, 0x00, 0x00, 0x00, 0x00, 0x00, 0xa0, 0x01, 0x04, 0x0a, 0x95, 0x01, 0x12, 0x3a, 0x2f,
    0x65, 0x72, 0x62, 0x5f, 0x64, 0x65, 0x63, 0x2f, 0x65, 0x6d, 0x62, 0x5f, 0x67, 0x72, 0x75, 0x2f,
    0x6c, 0x69, 0x6e, 0x65, 0x61, 0x72, 0x5f, 0x69, 0x6e, 0x2f, 0x6c, 0x69, 0x6e, 0x65, 0x61, 0x72,
    0x5f, 0x69, 0x6e, 0x2e, 0x30, 0x2f, 0x43, 0x6f, 0x6e, 0x73, 0x74, 0x61, 0x6e, 0x74, 0x5f, 0x36,
    0x5f, 0x6f, 0x75, 0x74, 0x70, 0x75, 0x74, 0x5f, 0x30, 0x1a, 0x31, 0x2f, 0x65, 0x72, 0x62, 0x5f,
    0x64, 0x65, 0x63, 0x2f, 0x65, 0x6d, 0x62, 0x5f, 0x67, 0x72, 0x75, 0x2f, 0x6c, 0x69, 0x6e, 0x65,
    0x61, 0x72, 0x5f, 0x69, 0x6e, 0x2f, 0x6c, 0x69, 0x6e, 0x65, 0x61, 0x72, 0x5f, 0x69, 0x6e, 0x2e,
    0x30, 0x2f, 0x43, 0x6f, 0x6e, 0x73, 0x74, 0x61, 0x6e, 0x74, 0x5f, 0x36, 0x22, 0x08, 0x43, 0x6f,
    0x6e, 0x73, 0x74, 0x61, 0x6e, 0x74, 0x2a, 0x1a, 0x0a, 0x05, 0x76, 0x61, 0x6c, 0x75, 0x65, 0x2a,
    0x0e, 0x08, 0x01, 0x10, 0x07, 0x4a, 0x08, 0x02, 0x00, 0x00, 0x00, 0x00, 0x00, 0x00, 0x00, 0xa0,
    0x01, 0x04, 0x0a, 0xd9, 0x02, 0x0a, 0x37, 0x2f, 0x65, 0x72, 0x62, 0x5f, 0x64, 0x65, 0x63, 0x2f,
    0x65, 0x6d, 0x62, 0x5f, 0x67, 0x72, 0x75, 0x2f, 0x6c, 0x69, 0x6e, 0x65, 0x61, 0x72, 0x5f, 0x69,
    0x6e, 0x2f, 0x6c, 0x69, 0x6e, 0x65, 0x61, 0x72, 0x5f, 0x69, 0x6e, 0x2e, 0x30, 0x2f, 0x53, 0x68,
    0x61, 0x70, 0x65, 0x5f, 0x32, 0x5f, 0x6f, 0x75, 0x74, 0x70, 0x75, 0x74, 0x5f, 0x30, 0x0a, 0x3a,
    0x2f, 0x65, 0x72, 0x62, 0x5f, 0x64, 0x65, 0x63, 0x2f, 0x65, 0x6d, 0x62, 0x5f, 0x67, 0x72, 0x75,
    0x2f, 0x6c, 0x69, 0x6e, 0x65, 0x61, 0x72, 0x5f, 0x69, 0x6e, 0x2f, 0x6c, 0x69, 0x6e, 0x65, 0x61,
    0x72, 0x5f, 0x69, 0x6e, 0x2e, 0x30, 0x2f, 0x43, 0x6f, 0x6e, 0x73, 0x74, 0x61, 0x6e, 0x74, 0x5f,
    0x35, 0x5f, 0x6f, 0x75, 0x74, 0x70, 0x75, 0x74, 0x5f, 0x30, 0x0a, 0x3a, 0x2f, 0x65, 0x72, 0x62,
    0x5f, 0x64, 0x65, 0x63, 0x2f, 0x65, 0x6d, 0x62, 0x5f, 0x67, 0x72, 0x75, 0x2f, 0x6c, 0x69, 0x6e,
    0x65, 0x61, 0x72, 0x5f, 0x69, 0x6e, 0x2f, 0x6c, 0x69, 0x6e, 0x65, 0x61, 0x72, 0x5f, 0x69, 0x6e,
    0x2e, 0x30, 0x2f, 0x43, 0x6f, 0x6e, 0x73, 0x74, 0x61, 0x6e, 0x74, 0x5f, 0x36, 0x5f, 0x6f, 0x75,
    0x74, 0x70, 0x75, 0x74, 0x5f, 0x30, 0x0a, 0x3a, 0x2f, 0x65, 0x72, 0x62, 0x5f, 0x64, 0x65, 0x63,
    0x2f, 0x65, 0x6d, 0x62, 0x5f, 0x67, 0x72, 0x75, 0x2f, 0x6c, 0x69, 0x6e, 0x65, 0x61, 0x72, 0x5f,
    0x69, 0x6e, 0x2f, 0x6c, 0x69, 0x6e, 0x65, 0x61, 0x72, 0x5f, 0x69, 0x6e, 0x2e, 0x30, 0x2f, 0x43,
    0x6f, 0x6e, 0x73, 0x74, 0x61, 0x6e, 0x74, 0x5f, 0x34, 0x5f, 0x6f, 0x75, 0x74, 0x70, 0x75, 0x74,
    0x5f, 0x30, 0x12, 0x35, 0x2f, 0x65, 0x72, 0x62, 0x5f, 0x64, 0x65, 0x63, 0x2f, 0x65, 0x6d, 0x62,
    0x5f, 0x67, 0x72, 0x75, 0x2f, 0x6c, 0x69, 0x6e, 0x65, 0x61, 0x72, 0x5f, 0x69, 0x6e, 0x2f, 0x6c,
    0x69, 0x6e, 0x65, 0x61, 0x72, 0x5f, 0x69, 0x6e, 0x2e, 0x30, 0x2f, 0x53, 0x6c, 0x69, 0x63, 0x65,
    0x5f, 0x6f, 0x75, 0x74, 0x70, 0x75, 0x74, 0x5f, 0x30, 0x1a, 0x2c, 0x2f, 0x65, 0x72, 0x62, 0x5f,
    0x64, 0x65, 0x63, 0x2f, 0x65, 0x6d, 0x62, 0x5f, 0x67, 0x72, 0x75, 0x2f, 0x6c, 0x69, 0x6e, 0x65,
    0x61, 0x72, 0x5f, 0x69, 0x6e, 0x2f, 0x6c, 0x69, 0x6e, 0x65, 0x61, 0x72, 0x5f, 0x69, 0x6e, 0x2e,
    0x30, 0x2f, 0x53, 0x6c, 0x69, 0x63, 0x65, 0x22, 0x05, 0x53, 0x6c, 0x69, 0x63, 0x65, 0x0a, 0x95,
    0x01, 0x12, 0x3a, 0x2f, 0x65, 0x72, 0x62, 0x5f, 0x64, 0x65, 0x63, 0x2f, 0x65, 0x6d, 0x62, 0x5f,
    0x67, 0x72, 0x75, 0x2f, 0x6c, 0x69, 0x6e, 0x65, 0x61, 0x72, 0x5f, 0x69, 0x6e, 0x2f, 0x6c, 0x69,
    0x6e, 0x65, 0x61, 0x72, 0x5f, 0x69, 0x6e, 0x2e, 0x30, 0x2f, 0x43, 0x6f, 0x6e, 0x73, 0x74, 0x61,
    0x6e, 0x74, 0x5f, 0x37, 0x5f, 0x6f, 0x75, 0x74, 0x70, 0x75, 0x74, 0x5f, 0x30, 0x1a, 0x31, 0x2f,
    0x65, 0x72, 0x62, 0x5f, 0x64, 0x65, 0x63, 0x2f, 0x65, 0x6d, 0x62, 0x5f, 0x67, 0x72, 0x75, 0x2f,
    0x6c, 0x69, 0x6e, 0x65, 0x61, 0x72, 0x5f, 0x69, 0x6e, 0x2f, 0x6c, 0x69, 0x6e, 0x65, 0x61, 0x72,
    0x5f, 0x69, 0x6e, 0x2e, 0x30, 0x2f, 0x43, 0x6f, 0x6e, 0x73, 0x74, 0x61, 0x6e, 0x74, 0x5f, 0x37,
    0x22, 0x08, 0x43, 0x6f, 0x6e, 0x73, 0x74, 0x61, 0x6e, 0x74, 0x2a, 0x1a, 0x0a, 0x05, 0x76, 0x61,
    0x6c, 0x75, 0x65, 0x2a, 0x0e, 0x08, 0x01, 0x10, 0x07, 0x4a, 0x08, 0xff, 0xff, 0xff, 0xff, 0xff,
    0xff, 0xff, 0xff, 0xa0, 0x01, 0x04, 0x0a, 0xf3, 0x01, 0x0a, 0x35, 0x2f, 0x65, 0x72, 0x62, 0x5f,
    0x64, 0x65, 0x63, 0x2f, 0x65, 0x6d, 0x62, 0x5f, 0x67, 0x72, 0x75, 0x2f, 0x6c, 0x69, 0x6e, 0x65,
    0x61, 0x72, 0x5f, 0x69, 0x6e, 0x2f, 0x6c, 0x69, 0x6e, 0x65, 0x61, 0x72, 0x5f, 0x69, 0x6e, 0x2e,
    0x30, 0x2f, 0x53, 0x6c, 0x69, 0x63, 0x65, 0x5f, 0x6f, 0x75, 0x74, 0x70, 0x75, 0x74, 0x5f, 0x30,
    0x0a, 0x3a, 0x2f, 0x65, 0x72, 0x62, 0x5f, 0x64, 0x65, 0x63, 0x2f, 0x65, 0x6d, 0x62, 0x5f, 0x67,
    0x72, 0x75, 0x2f, 0x6c, 0x69, 0x6e, 0x65, 0x61, 0x72, 0x5f, 0x69, 0x6e, 0x2f, 0x6c, 0x69, 0x6e,
    0x65, 0x61, 0x72, 0x5f, 0x69, 0x6e, 0x2e, 0x30, 0x2f, 0x43, 0x6f, 0x6e, 0x73, 0x74, 0x61, 0x6e,
    0x74, 0x5f, 0x37, 0x5f, 0x6f, 0x75, 0x74, 0x70, 0x75, 0x74, 0x5f, 0x30, 0x12, 0x38, 0x2f, 0x65,
    0x72, 0x62, 0x5f, 0x64, 0x65, 0x63, 0x2f, 0x65, 0x6d, 0x62, 0x5f, 0x67, 0x72, 0x75, 0x2f, 0x6c,
    0x69, 0x6e, 0x65, 0x61, 0x72, 0x5f, 0x69, 0x6e, 0x2f, 0x6c, 0x69, 0x6e, 0x65, 0x61, 0x72, 0x5f,
    0x69, 0x6e, 0x2e, 0x30, 0x2f, 0x43, 0x6f, 0x6e, 0x63, 0x61, 0x74, 0x5f, 0x31, 0x5f, 0x6f, 0x75,
    0x74, 0x70, 0x75, 0x74, 0x5f, 0x30, 0x1a, 0x2f, 0x2f, 0x65, 0x72, 0x62, 0x5f, 0x64, 0x65, 0x63,
    0x2f, 0x65, 0x6d, 0x62, 0x5f, 0x67, 0x72, 0x75, 0x2f, 0x6c, 0x69, 0x6e, 0x65, 0x61, 0x72, 0x5f,
    0x69, 0x6e, 0x2f, 0x6c, 0x69, 0x6e, 0x65, 0x61, 0x72, 0x5f, 0x69, 0x6e, 0x2e, 0x30, 0x2f, 0x43,
    0x6f, 0x6e, 0x63, 0x61, 0x74, 0x5f, 0x31, 0x22, 0x06, 0x43, 0x6f, 0x6e, 0x63, 0x61, 0x74, 0x2a,
    0x0b, 0x0a, 0x04, 0x61, 0x78, 0x69, 0x73, 0x18, 0x00, 0xa0, 0x01, 0x02, 0x0a, 0xfa, 0x01, 0x0a,
    0x36, 0x2f, 0x65, 0x72, 0x62, 0x5f, 0x64, 0x65, 0x63, 0x2f, 0x65, 0x6d, 0x62, 0x5f, 0x67, 0x72,
    0x75, 0x2f, 0x6c, 0x69, 0x6e, 0x65, 0x61, 0x72, 0x5f, 0x69, 0x6e, 0x2f, 0x6c, 0x69, 0x6e, 0x65,
    0x61, 0x72, 0x5f, 0x69, 0x6e, 0x2e, 0x30, 0x2f, 0x45, 0x69, 0x6e, 0x73, 0x75, 0x6d, 0x5f, 0x6f,
    0x75, 0x74, 0x70, 0x75, 0x74, 0x5f, 0x30, 0x0a, 0x38, 0x2f, 0x65, 0x72, 0x62, 0x5f, 0x64, 0x65,
    0x63, 0x2f, 0x65, 0x6d, 0x62, 0x5f, 0x67, 0x72, 0x75, 0x2f, 0x6c, 0x69, 0x6e, 0x65, 0x61, 0x72,
    0x5f, 0x69, 0x6e, 0x2f, 0x6c, 0x69, 0x6e, 0x65, 0x61, 0x72, 0x5f, 0x69, 0x6e, 0x2e, 0x30, 0x2f,
    0x43, 0x6f, 0x6e, 0x63, 0x61, 0x74, 0x5f, 0x31, 0x5f, 0x6f, 0x75, 0x74, 0x70, 0x75, 0x74, 0x5f,
    0x30, 0x12, 0x39, 0x2f, 0x65, 0x72, 0x62, 0x5f, 0x64, 0x65, 0x63, 0x2f, 0x65, 0x6d, 0x62, 0x5f,
    0x67, 0x72, 0x75, 0x2f, 0x6c, 0x69, 0x6e, 0x65, 0x61, 0x72, 0x5f, 0x69, 0x6e, 0x2f, 0x6c, 0x69,
    0x6e, 0x65, 0x61, 0x72, 0x5f, 0x69, 0x6e, 0x2e, 0x30, 0x2f, 0x52, 0x65, 0x73, 0x68, 0x61, 0x70,
    0x65, 0x5f, 0x31, 0x5f, 0x6f, 0x75, 0x74, 0x70, 0x75, 0x74, 0x5f, 0x30, 0x1a, 0x30, 0x2f, 0x65,
    0x72, 0x62, 0x5f, 0x64, 0x65, 0x63, 0x2f, 0x65, 0x6d, 0x62, 0x5f, 0x67, 0x72, 0x75, 0x2f, 0x6c,
    0x69, 0x6e, 0x65, 0x61, 0x72, 0x5f, 0x69, 0x6e, 0x2f, 0x6c, 0x69, 0x6e, 0x65, 0x61, 0x72, 0x5f,
    0x69, 0x6e, 0x2e, 0x30, 0x2f, 0x52, 0x65, 0x73, 0x68, 0x61, 0x70, 0x65, 0x5f, 0x31, 0x22, 0x07,
    0x52, 0x65, 0x73, 0x68, 0x61, 0x70, 0x65, 0x2a, 0x10, 0x0a, 0x09, 0x61, 0x6c, 0x6c, 0x6f, 0x77,
    0x7a, 0x65, 0x72, 0x6f, 0x18, 0x00, 0xa0, 0x01, 0x02, 0x0a, 0xa4, 0x01, 0x0a, 0x39, 0x2f, 0x65,
    0x72, 0x62, 0x5f, 0x64, 0x65, 0x63, 0x2f, 0x65, 0x6d, 0x62, 0x5f, 0x67, 0x72, 0x75, 0x2f, 0x6c,
    0x69, 0x6e, 0x65, 0x61, 0x72, 0x5f, 0x69, 0x6e, 0x2f, 0x6c, 0x69, 0x6e, 0x65, 0x61, 0x72, 0x5f,
    0x69, 0x6e, 0x2e, 0x30, 0x2f, 0x52, 0x65, 0x73, 0x68, 0x61, 0x70, 0x65, 0x5f, 0x31, 0x5f, 0x6f,
    0x75, 0x74, 0x70, 0x75, 0x74, 0x5f, 0x30, 0x12, 0x34, 0x2f, 0x65, 0x72, 0x62, 0x5f, 0x64, 0x65,
    0x63, 0x2f, 0x65, 0x6d, 0x62, 0x5f, 0x67, 0x72, 0x75, 0x2f, 0x6c, 0x69, 0x6e, 0x65, 0x61, 0x72,
    0x5f, 0x69, 0x6e, 0x2f, 0x6c, 0x69, 0x6e, 0x65, 0x61, 0x72, 0x5f, 0x69, 0x6e, 0x2e, 0x31, 0x2f,
    0x52, 0x65, 0x6c, 0x75, 0x5f, 0x6f, 0x75, 0x74, 0x70, 0x75, 0x74, 0x5f, 0x30, 0x1a, 0x2b, 0x2f,
    0x65, 0x72, 0x62, 0x5f, 0x64, 0x65, 0x63, 0x2f, 0x65, 0x6d, 0x62, 0x5f, 0x67, 0x72, 0x75, 0x2f,
    0x6c, 0x69, 0x6e, 0x65, 0x61, 0x72, 0x5f, 0x69, 0x6e, 0x2f, 0x6c, 0x69, 0x6e, 0x65, 0x61, 0x72,
    0x5f, 0x69, 0x6e, 0x2e, 0x31, 0x2f, 0x52, 0x65, 0x6c, 0x75, 0x22, 0x04, 0x52, 0x65, 0x6c, 0x75,
    0x0a, 0x9b, 0x01, 0x0a, 0x34, 0x2f, 0x65, 0x72, 0x62, 0x5f, 0x64, 0x65, 0x63, 0x2f, 0x65, 0x6d,
    0x62, 0x5f, 0x67, 0x72, 0x75, 0x2f, 0x6c, 0x69, 0x6e, 0x65, 0x61, 0x72, 0x5f, 0x69, 0x6e, 0x2f,
    0x6c, 0x69, 0x6e, 0x65, 0x61, 0x72, 0x5f, 0x69, 0x6e, 0x2e, 0x31, 0x2f, 0x52, 0x65, 0x6c, 0x75,
    0x5f, 0x6f, 0x75, 0x74, 0x70, 0x75, 0x74, 0x5f, 0x30, 0x12, 0x27, 0x2f, 0x65, 0x72, 0x62, 0x5f,
    0x64, 0x65, 0x63, 0x2f, 0x65, 0x6d, 0x62, 0x5f, 0x67, 0x72, 0x75, 0x2f, 0x67, 0x72, 0x75, 0x2f,
    0x54, 0x72, 0x61, 0x6e, 0x73, 0x70, 0x6f, 0x73, 0x65, 0x5f, 0x6f, 0x75, 0x74, 0x70, 0x75, 0x74,
    0x5f, 0x30, 0x1a, 0x1e, 0x2f, 0x65, 0x72, 0x62, 0x5f, 0x64, 0x65, 0x63, 0x2f, 0x65, 0x6d, 0x62,
    0x5f, 0x67, 0x72, 0x75, 0x2f, 0x67, 0x72, 0x75, 0x2f, 0x54, 0x72, 0x61, 0x6e, 0x73, 0x70, 0x6f,
    0x73, 0x65, 0x22, 0x09, 0x54, 0x72, 0x61, 0x6e, 0x73, 0x70, 0x6f, 0x73, 0x65, 0x2a, 0x0f, 0x0a,
    0x04, 0x70, 0x65, 0x72, 0x6d, 0x40, 0x01, 0x40, 0x00, 0x40, 0x02, 0xa0, 0x01, 0x07, 0x0a, 0xf5,
    0x01, 0x0a, 0x27, 0x2f, 0x65, 0x72, 0x62, 0x5f, 0x64, 0x65, 0x63, 0x2f, 0x65, 0x6d, 0x62, 0x5f,
    0x67, 0x72, 0x75, 0x2f, 0x67, 0x72, 0x75, 0x2f, 0x54, 0x72, 0x61, 0x6e, 0x73, 0x70, 0x6f, 0x73,
    0x65, 0x5f, 0x6f, 0x75, 0x74, 0x70, 0x75, 0x74, 0x5f, 0x30, 0x0a, 0x0e, 0x6f, 0x6e, 0x6e, 0x78,
    0x3a, 0x3a, 0x47, 0x52, 0x55, 0x5f, 0x31, 0x31, 0x31, 0x39, 0x0a, 0x0e, 0x6f, 0x6e, 0x6e, 0x78,
    0x3a, 0x3a, 0x47, 0x52, 0x55, 0x5f, 0x31, 0x31, 0x32, 0x30, 0x0a, 0x0e, 0x6f, 0x6e, 0x6e, 0x78,
    0x3a, 0x3a, 0x47, 0x52, 0x55, 0x5f, 0x31, 0x31, 0x32, 0x31, 0x0a, 0x00, 0x0a, 0x02, 0x68, 0x31,
    0x12, 0x21, 0x2f, 0x65, 0x72, 0x62, 0x5f, 0x64, 0x65, 0x63, 0x2f, 0x65, 0x6d, 0x62, 0x5f, 0x67,
    0x72, 0x75, 0x2f, 0x67, 0x72, 0x75, 0x2f, 0x47, 0x52, 0x55, 0x5f, 0x6f, 0x75, 0x74, 0x70, 0x75,
    0x74, 0x5f, 0x30, 0x12, 0x21, 0x2f, 0x65, 0x72, 0x62, 0x5f, 0x64, 0x65, 0x63, 0x2f, 0x65, 0x6d,
    0x62, 0x5f, 0x67, 0x72, 0x75, 0x2f, 0x67, 0x72, 0x75, 0x2f, 0x47, 0x52, 0x55, 0x5f, 0x6f, 0x75,
    0x74, 0x70, 0x75, 0x74, 0x5f, 0x31, 0x1a, 0x18, 0x2f, 0x65, 0x72, 0x62, 0x5f, 0x64, 0x65, 0x63,
    0x2f, 0x65, 0x6d, 0x62, 0x5f, 0x67, 0x72, 0x75, 0x2f, 0x67, 0x72, 0x75, 0x2f, 0x47, 0x52, 0x55,
    0x22, 0x03, 0x47, 0x52, 0x55, 0x2a, 0x13, 0x0a, 0x0b, 0x68, 0x69, 0x64, 0x64, 0x65, 0x6e, 0x5f,
    0x73, 0x69, 0x7a, 0x65, 0x18, 0x80, 0x02, 0xa0, 0x01, 0x02, 0x2a, 0x1a, 0x0a, 0x13, 0x6c, 0x69,
    0x6e, 0x65, 0x61, 0x72, 0x5f, 0x62, 0x65, 0x66, 0x6f, 0x72, 0x65, 0x5f, 0x72, 0x65, 0x73, 0x65,
    0x74, 0x18, 0x01, 0xa0, 0x01, 0x02, 0x0a, 0x71, 0x12, 0x28, 0x2f, 0x65, 0x72, 0x62, 0x5f, 0x64,
    0x65, 0x63, 0x2f, 0x65, 0x6d, 0x62, 0x5f, 0x67, 0x72, 0x75, 0x2f, 0x67, 0x72, 0x75, 0x2f, 0x43,
    0x6f, 0x6e, 0x73, 0x74, 0x61, 0x6e, 0x74, 0x5f, 0x36, 0x5f, 0x6f, 0x75, 0x74, 0x70, 0x75, 0x74,
    0x5f, 0x30, 0x1a, 0x1f, 0x2f, 0x65, 0x72, 0x62, 0x5f, 0x64, 0x65, 0x63, 0x2f, 0x65, 0x6d, 0x62,
    0x5f, 0x67, 0x72, 0x75, 0x2f, 0x67, 0x72, 0x75, 0x2f, 0x43, 0x6f, 0x6e, 0x73, 0x74, 0x61, 0x6e,
    0x74, 0x5f, 0x36, 0x22, 0x08, 0x43, 0x6f, 0x6e, 0x73, 0x74, 0x61, 0x6e, 0x74, 0x2a, 0x1a, 0x0a,
    0x05, 0x76, 0x61, 0x6c, 0x75, 0x65, 0x2a, 0x0e, 0x08, 0x01, 0x10, 0x07, 0x4a, 0x08, 0x01, 0x00,
    0x00, 0x00, 0x00, 0x00, 0x00, 0x00, 0xa0, 0x01, 0x04, 0x0a, 0x9b, 0x01, 0x0a, 0x21, 0x2f, 0x65,
    0x72, 0x62, 0x5f, 0x64, 0x65, 0x63, 0x2f, 0x65, 0x6d, 0x62, 0x5f, 0x67, 0x72, 0x75, 0x2f, 0x67,
    0x72, 0x75, 0x2f, 0x47, 0x52, 0x55, 0x5f, 0x6f, 0x75, 0x74, 0x70, 0x75, 0x74, 0x5f, 0x30, 0x0a,
    0x28, 0x2f, 0x65, 0x72, 0x62, 0x5f, 0x64, 0x65, 0x63, 0x2f, 0x65, 0x6d, 0x62, 0x5f, 0x67, 0x72,
    0x75, 0x2f, 0x67, 0x72, 0x75, 0x2f, 0x43, 0x6f, 0x6e, 0x73, 0x74, 0x61, 0x6e, 0x74, 0x5f, 0x36,
    0x5f, 0x6f, 0x75, 0x74, 0x70, 0x75, 0x74, 0x5f, 0x30, 0x12, 0x25, 0x2f, 0x65, 0x72, 0x62, 0x5f,
    0x64, 0x65, 0x63, 0x2f, 0x65, 0x6d, 0x62, 0x5f, 0x67, 0x72, 0x75, 0x2f, 0x67, 0x72, 0x75, 0x2f,
    0x53, 0x71, 0x75, 0x65, 0x65, 0x7a, 0x65, 0x5f, 0x6f, 0x75, 0x74, 0x70, 0x75, 0x74, 0x5f, 0x30,
    0x1a, 0x1c, 0x2f, 0x65, 0x72, 0x62, 0x5f, 0x64, 0x65, 0x63, 0x2f, 0x65, 0x6d, 0x62, 0x5f, 0x67,
    0x72, 0x75, 0x2f, 0x67, 0x72, 0x75, 0x2f, 0x53, 0x71, 0x75, 0x65, 0x65, 0x7a, 0x65, 0x22, 0x07,
    0x53, 0x71, 0x75, 0x65, 0x65, 0x7a, 0x65, 0x0a, 0xf9, 0x01, 0x0a, 0x25, 0x2f, 0x65, 0x72, 0x62,
    0x5f, 0x64, 0x65, 0x63, 0x2f, 0x65, 0x6d, 0x62, 0x5f, 0x67, 0x72, 0x75, 0x2f, 0x67, 0x72, 0x75,
    0x2f, 0x53, 0x71, 0x75, 0x65, 0x65, 0x7a, 0x65, 0x5f, 0x6f, 0x75, 0x74, 0x70, 0x75, 0x74, 0x5f,
    0x30, 0x0a, 0x0e, 0x6f, 0x6e, 0x6e, 0x78, 0x3a, 0x3a, 0x47, 0x52, 0x55, 0x5f, 0x31, 0x31, 0x33,
    0x39, 0x0a, 0x0e, 0x6f, 0x6e, 0x6e, 0x78, 0x3a, 0x3a, 0x47, 0x52, 0x55, 0x5f, 0x31, 0x31, 0x34,
    0x30, 0x0a, 0x0e, 0x6f, 0x6e, 0x6e, 0x78, 0x3a, 0x3a, 0x47, 0x52, 0x55, 0x5f, 0x31, 0x31, 0x34,
    0x31, 0x0a, 0x00, 0x0a, 0x02, 0x68, 0x32, 0x12, 0x23, 0x2f, 0x65, 0x72, 0x62, 0x5f, 0x64, 0x65,
    0x63, 0x2f, 0x65, 0x6d, 0x62, 0x5f, 0x67, 0x72, 0x75, 0x2f, 0x67, 0x72, 0x75, 0x2f, 0x47, 0x52,
    0x55, 0x5f, 0x31, 0x5f, 0x6f, 0x75, 0x74, 0x70, 0x75, 0x74, 0x5f, 0x30, 0x12, 0x23, 0x2f, 0x65,
    0x72, 0x62, 0x5f, 0x64, 0x65, 0x63, 0x2f, 0x65, 0x6d, 0x62, 0x5f, 0x67, 0x72, 0x75, 0x2f, 0x67,
    0x72, 0x75, 0x2f, 0x47, 0x52, 0x55, 0x5f, 0x31, 0x5f, 0x6f, 0x75, 0x74, 0x70, 0x75, 0x74, 0x5f,
    0x31, 0x1a, 0x1a, 0x2f, 0x65, 0x72, 0x62, 0x5f, 0x64, 0x65, 0x63, 0x2f, 0x65, 0x6d, 0x62, 0x5f,
    0x67, 0x72, 0x75, 0x2f, 0x67, 0x72, 0x75, 0x2f, 0x47, 0x52, 0x55, 0x5f, 0x31, 0x22, 0x03, 0x47,
    0x52, 0x55, 0x2a, 0x13, 0x0a, 0x0b, 0x68, 0x69, 0x64, 0x64, 0x65, 0x6e, 0x5f, 0x73, 0x69, 0x7a,
    0x65, 0x18, 0x80, 0x02, 0xa0, 0x01, 0x02, 0x2a, 0x1a, 0x0a, 0x13, 0x6c, 0x69, 0x6e, 0x65, 0x61,
    0x72, 0x5f, 0x62, 0x65, 0x66, 0x6f, 0x72, 0x65, 0x5f, 0x72, 0x65, 0x73, 0x65, 0x74, 0x18, 0x01,
    0xa0, 0x01, 0x02, 0x0a, 0x73, 0x12, 0x29, 0x2f, 0x65, 0x72, 0x62, 0x5f, 0x64, 0x65, 0x63, 0x2f,
    0x65, 0x6d, 0x62, 0x5f, 0x67, 0x72, 0x75, 0x2f, 0x67, 0x72, 0x75, 0x2f, 0x43, 0x6f, 0x6e, 0x73,
    0x74, 0x61, 0x6e, 0x74, 0x5f, 0x31, 0x30, 0x5f, 0x6f, 0x75, 0x74, 0x70, 0x75, 0x74, 0x5f, 0x30,
    0x1a, 0x20, 0x2f, 0x65, 0x72, 0x62, 0x5f, 0x64, 0x65, 0x63, 0x2f, 0x65, 0x6d, 0x62, 0x5f, 0x67,
    0x72, 0x75, 0x2f, 0x67, 0x72, 0x75, 0x2f, 0x43, 0x6f, 0x6e, 0x73, 0x74, 0x61, 0x6e, 0x74, 0x5f,
    0x31, 0x30, 0x22, 0x08, 0x43, 0x6f, 0x6e, 0x73, 0x74, 0x61, 0x6e, 0x74, 0x2a, 0x1a, 0x0a, 0x05,
    0x76, 0x61, 0x6c, 0x75, 0x65, 0x2a, 0x0e, 0x08, 0x01, 0x10, 0x07, 0x4a, 0x08, 0x01, 0x00, 0x00,
    0x00, 0x00, 0x00, 0x00, 0x00, 0xa0, 0x01, 0x04, 0x0a, 0xa2, 0x01, 0x0a, 0x23, 0x2f, 0x65, 0x72,
    0x62, 0x5f, 0x64, 0x65, 0x63, 0x2f, 0x65, 0x6d, 0x62, 0x5f, 0x67, 0x72, 0x75, 0x2f, 0x67, 0x72,
    0x75, 0x2f, 0x47, 0x52, 0x55, 0x5f, 0x31, 0x5f, 0x6f, 0x75, 0x74, 0x70, 0x75, 0x74, 0x5f, 0x30,
    0x0a, 0x29, 0x2f, 0x65, 0x72, 0x62, 0x5f, 0x64, 0x65, 0x63, 0x2f, 0x65, 0x6d, 0x62, 0x5f, 0x67,
    0x72, 0x75, 0x2f, 0x67, 0x72, 0x75, 0x2f, 0x43, 0x6f, 0x6e, 0x73, 0x74, 0x61, 0x6e, 0x74, 0x5f,
    0x31, 0x30, 0x5f, 0x6f, 0x75, 0x74, 0x70, 0x75, 0x74, 0x5f, 0x30, 0x12, 0x27, 0x2f, 0x65, 0x72,
    0x62, 0x5f, 0x64, 0x65, 0x63, 0x2f, 0x65, 0x6d, 0x62, 0x5f, 0x67, 0x72, 0x75, 0x2f, 0x67, 0x72,
    0x75, 0x2f, 0x53, 0x71, 0x75, 0x65, 0x65, 0x7a, 0x65, 0x5f, 0x31, 0x5f, 0x6f, 0x75, 0x74, 0x70,
    0x75, 0x74, 0x5f, 0x30, 0x1a, 0x1e, 0x2f, 0x65, 0x72, 0x62, 0x5f, 0x64, 0x65, 0x63, 0x2f, 0x65,
    0x6d, 0x62, 0x5f, 0x67, 0x72, 0x75, 0x2f, 0x67, 0x72, 0x75, 0x2f, 0x53, 0x71, 0x75, 0x65, 0x65,
    0x7a, 0x65, 0x5f, 0x31, 0x22, 0x07, 0x53, 0x71, 0x75, 0x65, 0x65, 0x7a, 0x65, 0x0a, 0x92, 0x01,
    0x0a, 0x27, 0x2f, 0x65, 0x72, 0x62, 0x5f, 0x64, 0x65, 0x63, 0x2f, 0x65, 0x6d, 0x62, 0x5f, 0x67,
    0x72, 0x75, 0x2f, 0x67, 0x72, 0x75, 0x2f, 0x53, 0x71, 0x75, 0x65, 0x65, 0x7a, 0x65, 0x5f, 0x31,
    0x5f, 0x6f, 0x75, 0x74, 0x70, 0x75, 0x74, 0x5f, 0x30, 0x12, 0x29, 0x2f, 0x65, 0x72, 0x62, 0x5f,
    0x64, 0x65, 0x63, 0x2f, 0x65, 0x6d, 0x62, 0x5f, 0x67, 0x72, 0x75, 0x2f, 0x67, 0x72, 0x75, 0x2f,
    0x54, 0x72, 0x61, 0x6e, 0x73, 0x70, 0x6f, 0x73, 0x65, 0x5f, 0x31, 0x5f, 0x6f, 0x75, 0x74, 0x70,
    0x75, 0x74, 0x5f, 0x30, 0x1a, 0x20, 0x2f, 0x65, 0x72, 0x62, 0x5f, 0x64, 0x65, 0x63, 0x2f, 0x65,
    0x6d, 0x62, 0x5f, 0x67, 0x72, 0x75, 0x2f, 0x67, 0x72, 0x75, 0x2f, 0x54, 0x72, 0x61, 0x6e, 0x73,
    0x70, 0x6f, 0x73, 0x65, 0x5f, 0x31, 0x22, 0x09, 0x54, 0x72, 0x61, 0x6e, 0x73, 0x70, 0x6f, 0x73,
    0x65, 0x2a, 0x0f, 0x0a, 0x04, 0x70, 0x65, 0x72, 0x6d, 0x40, 0x01, 0x40, 0x00, 0x40, 0x02, 0xa0,
    0x01, 0x07, 0x0a, 0x9b, 0x01, 0x0a, 0x29, 0x2f, 0x65, 0x72, 0x62, 0x5f, 0x64, 0x65, 0x63, 0x2f,
    0x65, 0x6d, 0x62, 0x5f, 0x67, 0x72, 0x75, 0x2f, 0x67, 0x72, 0x75, 0x2f, 0x54, 0x72, 0x61, 0x6e,
    0x73, 0x70, 0x6f, 0x73, 0x65, 0x5f, 0x31, 0x5f, 0x6f, 0x75, 0x74, 0x70, 0x75, 0x74, 0x5f, 0x30,
    0x12, 0x37, 0x2f, 0x65, 0x72, 0x62, 0x5f, 0x64, 0x65, 0x63, 0x2f, 0x65, 0x6d, 0x62, 0x5f, 0x67,
    0x72, 0x75, 0x2f, 0x6c, 0x69, 0x6e, 0x65, 0x61, 0x72, 0x5f, 0x6f, 0x75, 0x74, 0x2f, 0x6c, 0x69,
    0x6e, 0x65, 0x61, 0x72, 0x5f, 0x6f, 0x75, 0x74, 0x2e, 0x30, 0x2f, 0x53, 0x68, 0x61, 0x70, 0x65,
    0x5f, 0x6f, 0x75, 0x74, 0x70, 0x75, 0x74, 0x5f, 0x30, 0x1a, 0x2e, 0x2f, 0x65, 0x72, 0x62, 0x5f,
    0x64, 0x65, 0x63, 0x2f, 0x65, 0x6d, 0x62, 0x5f, 0x67, 0x72, 0x75, 0x2f, 0x6c, 0x69, 0x6e, 0x65,
    0x61, 0x72, 0x5f, 0x6f, 0x75, 0x74, 0x2f, 0x6c, 0x69, 0x6e, 0x65, 0x61, 0x72, 0x5f, 0x6f, 0x75,
    0x74, 0x2e, 0x30, 0x2f, 0x53, 0x68, 0x61, 0x70, 0x65, 0x22, 0x05, 0x53, 0x68, 0x61, 0x70, 0x65,
    0x0a, 0x93, 0x01, 0x12, 0x3a, 0x2f, 0x65, 0x72, 0x62, 0x5f, 0x64, 0x65, 0x63, 0x2f, 0x65, 0x6d,
    0x62, 0x5f, 0x67, 0x72, 0x75, 0x2f, 0x6c, 0x69, 0x6e, 0x65, 0x61, 0x72, 0x5f, 0x6f, 0x75, 0x74,
    0x2f, 0x6c, 0x69, 0x6e, 0x65, 0x61, 0x72, 0x5f, 0x6f, 0x75, 0x74, 0x2e, 0x30, 0x2f, 0x43, 0x6f,
    0x6e, 0x73, 0x74, 0x61, 0x6e, 0x74, 0x5f, 0x6f, 0x75, 0x74, 0x70, 0x75, 0x74, 0x5f, 0x30, 0x1a,
    0x31, 0x2f, 0x65, 0x72, 0x62, 0x5f, 0x64, 0x65, 0x63, 0x2f, 0x65, 0x6d, 0x62, 0x5f, 0x67, 0x72,
    0x75, 0x2f, 0x6c, 0x69, 0x6e, 0x65, 0x61, 0x72, 0x5f, 0x6f, 0x75, 0x74, 0x2f, 0x6c, 0x69, 0x6e,
    0x65, 0x61, 0x72, 0x5f, 0x6f, 0x75, 0x74, 0x2e, 0x30, 0x2f, 0x43, 0x6f, 0x6e, 0x73, 0x74, 0x61,
    0x6e, 0x74, 0x22, 0x08, 0x43, 0x6f, 0x6e, 0x73, 0x74, 0x61, 0x6e, 0x74, 0x2a, 0x18, 0x0a, 0x05,
    0x76, 0x61, 0x6c, 0x75, 0x65, 0x2a, 0x0c, 0x10, 0x07, 0x4a, 0x08, 0x00, 0x00, 0x00, 0x00, 0x00,
    0x00, 0x00, 0x00, 0xa0, 0x01, 0x04, 0x0a, 0xf5, 0x01, 0x0a, 0x37, 0x2f, 0x65, 0x72, 0x62, 0x5f,
    0x64, 0x65, 0x63, 0x2f, 0x65, 0x6d, 0x62, 0x5f, 0x67, 0x72, 0x75, 0x2f, 0x6c, 0x69, 0x6e, 0x65,
    0x61, 0x72, 0x5f, 0x6f, 0x75, 0x74, 0x2f, 0x6c, 0x69, 0x6e, 0x65, 0x61, 0x72, 0x5f, 0x6f, 0x75,
    0x74, 0x2e, 0x30, 0x2f, 0x53, 0x68, 0x61, 0x70, 0x65, 0x5f, 0x6f, 0x75, 0x74, 0x70, 0x75, 0x74,
    0x5f, 0x30, 0x0a, 0x3a, 0x2f, 0x65, 0x72, 0x62, 0x5f, 0x64, 0x65, 0x63, 0x2f, 0x65, 0x6d, 0x62,
    0x5f, 0x67, 0x72, 0x75, 0x2f, 0x6c, 0x69, 0x6e, 0x65, 0x61, 0x72, 0x5f, 0x6f, 0x75, 0x74, 0x2f,
    0x6c, 0x69, 0x6e, 0x65, 0x61, 0x72, 0x5f, 0x6f, 0x75, 0x74, 0x2e, 0x30, 0x2f, 0x43, 0x6f, 0x6e,
    0x73, 0x74, 0x61, 0x6e, 0x74, 0x5f, 0x6f, 0x75, 0x74, 0x70, 0x75, 0x74, 0x5f, 0x30, 0x12, 0x38,
    0x2f, 0x65, 0x72, 0x62, 0x5f, 0x64, 0x65, 0x63, 0x2f, 0x65, 0x6d, 0x62, 0x5f, 0x67, 0x72, 0x75,
    0x2f, 0x6c, 0x69, 0x6e, 0x65, 0x61, 0x72, 0x5f, 0x6f, 0x75, 0x74, 0x2f, 0x6c, 0x69, 0x6e, 0x65,
    0x61, 0x72, 0x5f, 0x6f, 0x75, 0x74, 0x2e, 0x30, 0x2f, 0x47, 0x61, 0x74, 0x68, 0x65, 0x72, 0x5f,
    0x6f, 0x75, 0x74, 0x70, 0x75, 0x74, 0x5f, 0x30, 0x1a, 0x2f, 0x2f, 0x65, 0x72, 0x62, 0x5f, 0x64,
    0x65, 0x63, 0x2f, 0x65, 0x6d, 0x62, 0x5f, 0x67, 0x72, 0x75, 0x2f, 0x6c, 0x69, 0x6e, 0x65, 0x61,
    0x72, 0x5f, 0x6f, 0x75, 0x74, 0x2f, 0x6c, 0x69, 0x6e, 0x65, 0x61, 0x72, 0x5f, 0x6f, 0x75, 0x74,
    0x2e, 0x30, 0x2f, 0x47, 0x61, 0x74, 0x68, 0x65, 0x72, 0x22, 0x06, 0x47, 0x61, 0x74, 0x68, 0x65,
    0x72, 0x2a, 0x0b, 0x0a, 0x04, 0x61, 0x78, 0x69, 0x73, 0x18, 0x00, 0xa0, 0x01, 0x02, 0x0a, 0x9f,
    0x01, 0x0a, 0x29, 0x2f, 0x65, 0x72, 0x62, 0x5f, 0x64, 0x65, 0x63, 0x2f, 0x65, 0x6d, 0x62, 0x5f,
    0x67, 0x72, 0x75, 0x2f, 0x67, 0x72, 0x75, 0x2f, 0x54, 0x72, 0x61, 0x6e, 0x73, 0x70, 0x6f, 0x73,
    0x65, 0x5f, 0x31, 0x5f, 0x6f, 0x75, 0x74, 0x70, 0x75, 0x74, 0x5f, 0x30, 0x12, 0x39, 0x2f, 0x65,
    0x72, 0x62, 0x5f, 0x64, 0x65, 0x63, 0x2f, 0x65, 0x6d, 0x62, 0x5f, 0x67, 0x72, 0x75, 0x2f, 0x6c,
    0x69, 0x6e, 0x65, 0x61, 0x72, 0x5f, 0x6f, 0x75, 0x74, 0x2f, 0x6c, 0x69, 0x6e, 0x65, 0x61, 0x72,
    0x5f, 0x6f, 0x75, 0x74, 0x2e, 0x30, 0x2f, 0x53, 0x68, 0x61, 0x70, 0x65, 0x5f, 0x31, 0x5f, 0x6f,
    0x75, 0x74, 0x70, 0x75, 0x74, 0x5f, 0x30, 0x1a, 0x30, 0x2f, 0x65, 0x72, 0x62, 0x5f, 0x64, 0x65,
    0x63, 0x2f, 0x65, 0x6d, 0x62, 0x5f, 0x67, 0x72, 0x75, 0x2f, 0x6c, 0x69, 0x6e, 0x65, 0x61, 0x72,
    0x5f, 0x6f, 0x75, 0x74, 0x2f, 0x6c, 0x69, 0x6e, 0x65, 0x61, 0x72, 0x5f, 0x6f, 0x75, 0x74, 0x2e,
    0x30, 0x2f, 0x53, 0x68, 0x61, 0x70, 0x65, 0x5f, 0x31, 0x22, 0x05, 0x53, 0x68, 0x61, 0x70, 0x65,
    0x0a, 0x97, 0x01, 0x12, 0x3c, 0x2f, 0x65, 0x72, 0x62, 0x5f, 0x64, 0x65, 0x63, 0x2f, 0x65, 0x6d,
    0x62, 0x5f, 0x67, 0x72, 0x75, 0x2f, 0x6c, 0x69, 0x6e, 0x65, 0x61, 0x72, 0x5f, 0x6f, 0x75, 0x74,
    0x2f, 0x6c, 0x69, 0x6e, 0x65, 0x61, 0x72, 0x5f, 0x6f, 0x75, 0x74, 0x2e, 0x30, 0x2f, 0x43, 0x6f,
    0x6e, 0x73, 0x74, 0x61, 0x6e, 0x74, 0x5f, 0x31, 0x5f, 0x6f, 0x75, 0x74, 0x70, 0x75, 0x74, 0x5f,
    0x30, 0x1a, 0x33, 0x2f, 0x65, 0x72, 0x62, 0x5f, 0x64, 0x65, 0x63, 0x2f, 0x65, 0x6d, 0x62, 0x5f,
    0x67, 0x72, 0x75, 0x2f, 0x6c, 0x69, 0x6e, 0x65, 0x61, 0x72, 0x5f, 0x6f, 0x75, 0x74, 0x2f, 0x6c,
    0x69, 0x6e, 0x65, 0x61, 0x72, 0x5f, 0x6f, 0x75, 0x74, 0x2e, 0x30, 0x2f, 0x43, 0x6f, 0x6e, 0x73,
    0x74, 0x61, 0x6e, 0x74, 0x5f, 0x31, 0x22, 0x08, 0x43, 0x6f, 0x6e, 0x73, 0x74, 0x61, 0x6e, 0x74,
    0x2a, 0x18, 0x0a, 0x05, 0x76, 0x61, 0x6c, 0x75, 0x65, 0x2a, 0x0c, 0x10, 0x07, 0x4a, 0x08, 0x01,
    0x00, 0x00, 0x00, 0x00, 0x00, 0x00, 0x00, 0xa0, 0x01, 0x04, 0x0a, 0xfd, 0x01, 0x0a, 0x39, 0x2f,
    0x65, 0x72, 0x62, 0x5f, 0x64, 0x65, 0x63, 0x2f, 0x65, 0x6d, 0x62, 0x5f, 0x67, 0x72, 0x75, 0x2f,
    0x6c, 0x69, 0x6e, 0x65, 0x61, 0x72, 0x5f, 0x6f, 0x75, 0x74, 0x2f, 0x6c, 0x69, 0x6e, 0x65, 0x61,
    0x72, 0x5f, 0x6f, 0x75, 0x74, 0x2e, 0x30, 0x2f, 0x53, 0x68, 0x61, 0x70, 0x65, 0x5f, 0x31, 0x5f,
    0x6f, 0x75, 0x74, 0x70, 0x75, 0x74, 0x5f, 0x30, 0x0a, 0x3c, 0x2f, 0x65, 0x72, 0x62, 0x5f, 0x64,
    0x65, 0x63, 0x2f, 0x65, 0x6d, 0x62, 0x5f, 0x67, 0x72, 0x75, 0x2f, 0x6c, 0x69, 0x6e, 0x65, 0x61,
    0x72, 0x5f, 0x6f, 0x75, 0x74, 0x2f, 0x6c, 0x69, 0x6e, 0x65, 0x61, 0x72, 0x5f, 0x6f, 0x75, 0x74,
    0x2e, 0x30, 0x2f, 0x43, 0x6f, 0x6e, 0x73, 0x74, 0x61, 0x6e, 0x74, 0x5f, 0x31, 0x5f, 0x6f, 0x75,
    0x74, 0x70, 0x75, 0x74, 0x5f, 0x30, 0x12, 0x3a, 0x2f, 0x65, 0x72, 0x62, 0x5f, 0x64, 0x65, 0x63,
    0x2f, 0x65, 0x6d, 0x62, 0x5f, 0x67, 0x72, 0x75, 0x2f, 0x6c, 0x69, 0x6e, 0x65, 0x61, 0x72, 0x5f,
    0x6f, 0x75, 0x74, 0x2f, 0x6c, 0x69, 0x6e, 0x65, 0x61, 0x72, 0x5f, 0x6f, 0x75, 0x74, 0x2e, 0x30,
    0x2f, 0x47, 0x61, 0x74, 0x68, 0x65, 0x72, 0x5f, 0x31, 0x5f, 0x6f, 0x75, 0x74, 0x70, 0x75, 0x74,
    0x5f, 0x30, 0x1a, 0x31, 0x2f, 0x65, 0x72, 0x62, 0x5f, 0x64, 0x65, 0x63, 0x2f, 0x65, 0x6d, 0x62,
    0x5f, 0x67, 0x72, 0x75, 0x2f, 0x6c, 0x69, 0x6e, 0x65, 0x61, 0x72, 0x5f, 0x6f, 0x75, 0x74, 0x2f,
    0x6c, 0x69, 0x6e, 0x65, 0x61, 0x72, 0x5f, 0x6f, 0x75, 0x74, 0x2e, 0x30, 0x2f, 0x47, 0x61, 0x74,
    0x68, 0x65, 0x72, 0x5f, 0x31, 0x22, 0x06, 0x47, 0x61, 0x74, 0x68, 0x65, 0x72, 0x2a, 0x0b, 0x0a,
    0x04, 0x61, 0x78, 0x69, 0x73, 0x18, 0x00, 0xa0, 0x01, 0x02, 0x0a, 0x49, 0x12, 0x13, 0x6f, 0x6e,
    0x6e, 0x78, 0x3a, 0x3a, 0x55, 0x6e, 0x73, 0x71, 0x75, 0x65, 0x65, 0x7a, 0x65, 0x5f, 0x36, 0x33,
    0x39, 0x1a, 0x0c, 0x43, 0x6f, 0x6e, 0x73, 0x74, 0x61, 0x6e, 0x74, 0x5f, 0x34, 0x35, 0x31, 0x22,
    0x08, 0x43, 0x6f, 0x6e, 0x73, 0x74, 0x61, 0x6e, 0x74, 0x2a, 0x1a, 0x0a, 0x05, 0x76, 0x61, 0x6c,
    0x75, 0x65, 0x2a, 0x0e, 0x08, 0x01, 0x10, 0x07, 0x4a, 0x08, 0x00, 0x00, 0x00, 0x00, 0x00, 0x00,
    0x00, 0x00, 0xa0, 0x01, 0x04, 0x0a, 0xcb, 0x01, 0x0a, 0x38, 0x2f, 0x65, 0x72, 0x62, 0x5f, 0x64,
    0x65, 0x63, 0x2f, 0x65, 0x6d, 0x62, 0x5f, 0x67, 0x72, 0x75, 0x2f, 0x6c, 0x69, 0x6e, 0x65, 0x61,
    0x72, 0x5f, 0x6f, 0x75, 0x74, 0x2f, 0x6c, 0x69, 0x6e, 0x65, 0x61, 0x72, 0x5f, 0x6f, 0x75, 0x74,
    0x2e, 0x30, 0x2f, 0x47, 0x61, 0x74, 0x68, 0x65, 0x72, 0x5f, 0x6f, 0x75, 0x74, 0x70, 0x75, 0x74,
    0x5f, 0x30, 0x0a, 0x13, 0x6f, 0x6e, 0x6e, 0x78, 0x3a, 0x3a, 0x55, 0x6e, 0x73, 0x71, 0x75, 0x65,
    0x65, 0x7a, 0x65, 0x5f, 0x36, 0x33, 0x39, 0x12, 0x3b, 0x2f, 0x65, 0x72, 0x62, 0x5f, 0x64, 0x65,
    0x63, 0x2f, 0x65, 0x6d, 0x62, 0x5f, 0x67, 0x72, 0x75, 0x2f, 0x6c, 0x69, 0x6e, 0x65, 0x61, 0x72,
    0x5f, 0x6f, 0x75, 0x74, 0x2f, 0x6c, 0x69, 0x6e, 0x65, 0x61, 0x72, 0x5f, 0x6f, 0x75, 0x74, 0x2e,
    0x30, 0x2f, 0x55, 0x6e, 0x73, 0x71, 0x75, 0x65, 0x65, 0x7a, 0x65, 0x5f, 0x6f, 0x75, 0x74, 0x70,
    0x75, 0x74, 0x5f, 0x30, 0x1a, 0x32, 0x2f, 0x65, 0x72, 0x62, 0x5f, 0x64, 0x65, 0x63, 0x2f, 0x65,
    0x6d, 0x62, 0x5f, 0x67, 0x72, 0x75, 0x2f, 0x6c, 0x69, 0x6e, 0x65, 0x61, 0x72, 0x5f, 0x6f, 0x75,
    0x74, 0x2f, 0x6c, 0x69, 0x6e, 0x65, 0x61, 0x72, 0x5f, 0x6f, 0x75, 0x74, 0x2e, 0x30, 0x2f, 0x55,
    0x6e, 0x73, 0x71, 0x75, 0x65, 0x65, 0x7a, 0x65, 0x22, 0x09, 0x55, 0x6e, 0x73, 0x71, 0x75, 0x65,
    0x65, 0x7a, 0x65, 0x0a, 0x49, 0x12, 0x13, 0x6f, 0x6e, 0x6e, 0x78, 0x3a, 0x3a, 0x55, 0x6e, 0x73,
    0x71, 0x75, 0x65, 0x65, 0x7a, 0x65, 0x5f, 0x36, 0x34, 0x31, 0x1a, 0x0c, 0x43, 0x6f, 0x6e, 0x73,
    0x74, 0x61, 0x6e, 0x74, 0x5f, 0x34, 0x35, 0x33, 0x22, 0x08, 0x43, 0x6f, 0x6e, 0x73, 0x74, 0x61,
    0x6e, 0x74, 0x2a, 0x1a, 0x0a, 0x05, 0x76, 0x61, 0x6c, 0x75, 0x65, 0x2a, 0x0e, 0x08, 0x01, 0x10,
    0x07, 0x4a, 0x08, 0x00, 0x00, 0x00, 0x00, 0x00, 0x00, 0x00, 0x00, 0xa0, 0x01, 0x04, 0x0a, 0xd1,
    0x01, 0x0a, 0x3a, 0x2f, 0x65, 0x72, 0x62, 0x5f, 0x64, 0x65, 0x63, 0x2f, 0x65, 0x6d, 0x62, 0x5f,
    0x67, 0x72, 0x75, 0x2f, 0x6c, 0x69, 0x6e, 0x65, 0x61, 0x72, 0x5f, 0x6f, 0x75, 0x74, 0x2f, 0x6c,
    0x69, 0x6e, 0x65, 0x61, 0x72, 0x5f, 0x6f, 0x75, 0x74, 0x2e, 0x30, 0x2f, 0x47, 0x61, 0x74, 0x68,
    0x65, 0x72, 0x5f, 0x31, 0x5f, 0x6f, 0x75, 0x74, 0x70, 0x75, 0x74, 0x5f, 0x30, 0x0a, 0x13, 0x6f,
    0x6e, 0x6e, 0x78, 0x3a, 0x3a, 0x55, 0x6e, 0x73, 0x71, 0x75, 0x65, 0x65, 0x7a, 0x65, 0x5f, 0x36,
    0x34, 0x31, 0x12, 0x3d, 0x2f, 0x65, 0x72, 0x62, 0x5f, 0x64, 0x65, 0x63, 0x2f, 0x65, 0x6d, 0x62,
    0x5f, 0x67, 0x72, 0x75, 0x2f, 0x6c, 0x69, 0x6e, 0x65, 0x61, 0x72, 0x5f, 0x6f, 0x75, 0x74, 0x2f,
    0x6c, 0x69, 0x6e, 0x65, 0x61, 0x72, 0x5f, 0x6f, 0x75, 0x74, 0x2e, 0x30, 0x2f, 0x55, 0x6e, 0x73,
    0x71, 0x75, 0x65, 0x65, 0x7a, 0x65, 0x5f, 0x31, 0x5f, 0x6f, 0x75, 0x74, 0x70, 0x75, 0x74, 0x5f,
    0x30, 0x1a, 0x34, 0x2f, 0x65, 0x72, 0x62, 0x5f, 0x64, 0x65, 0x63, 0x2f, 0x65, 0x6d, 0x62, 0x5f,
    0x67, 0x72, 0x75, 0x2f, 0x6c, 0x69, 0x6e, 0x65, 0x61, 0x72, 0x5f, 0x6f, 0x75, 0x74, 0x2f, 0x6c,
    0x69, 0x6e, 0x65, 0x61, 0x72, 0x5f, 0x6f, 0x75, 0x74, 0x2e, 0x30, 0x2f, 0x55, 0x6e, 0x73, 0x71,
    0x75, 0x65, 0x65, 0x7a, 0x65, 0x5f, 0x31, 0x22, 0x09, 0x55, 0x6e, 0x73, 0x71, 0x75, 0x65, 0x65,
    0x7a, 0x65, 0x0a, 0x99, 0x01, 0x12, 0x3c, 0x2f, 0x65, 0x72, 0x62, 0x5f, 0x64, 0x65, 0x63, 0x2f,
    0x65, 0x6d, 0x62, 0x5f, 0x67, 0x72, 0x75, 0x2f, 0x6c, 0x69, 0x6e, 0x65, 0x61, 0x72, 0x5f, 0x6f,
    0x75, 0x74, 0x2f, 0x6c, 0x69, 0x6e, 0x65, 0x61, 0x72, 0x5f, 0x6f, 0x75, 0x74, 0x2e, 0x30, 0x2f,
    0x43, 0x6f, 0x6e, 0x73, 0x74, 0x61, 0x6e, 0x74, 0x5f, 0x32, 0x5f, 0x6f, 0x75, 0x74, 0x70, 0x75,
    0x74, 0x5f, 0x30, 0x1a, 0x33, 0x2f, 0x65, 0x72, 0x62, 0x5f, 0x64, 0x65, 0x63, 0x2f, 0x65, 0x6d,
    0x62, 0x5f, 0x67, 0x72, 0x75, 0x2f, 0x6c, 0x69, 0x6e, 0x65, 0x61, 0x72, 0x5f, 0x6f, 0x75, 0x74,
    0x2f, 0x6c, 0x69, 0x6e, 0x65, 0x61, 0x72, 0x5f, 0x6f, 0x75, 0x74, 0x2e, 0x30, 0x2f, 0x43, 0x6f,
    0x6e, 0x73, 0x74, 0x61, 0x6e, 0x74, 0x5f, 0x32, 0x22, 0x08, 0x43, 0x6f, 0x6e, 0x73, 0x74, 0x61,
    0x6e, 0x74, 0x2a, 0x1a, 0x0a, 0x05, 0x76, 0x61, 0x6c, 0x75, 0x65, 0x2a, 0x0e, 0x08, 0x01, 0x10,
    0x07, 0x4a, 0x08, 0x10, 0x00, 0x00, 0x00, 0x00, 0x00, 0x00, 0x00, 0xa0, 0x01, 0x04, 0x0a, 0x99,
    0x01, 0x12, 0x3c, 0x2f, 0x65, 0x72, 0x62, 0x5f, 0x64, 0x65, 0x63, 0x2f, 0x65, 0x6d, 0x62, 0x5f,
    0x67, 0x72, 0x75, 0x2f, 0x6c, 0x69, 0x6e, 0x65, 0x61, 0x72, 0x5f, 0x6f, 0x75, 0x74, 0x2f, 0x6c,
    0x69, 0x6e, 0x65, 0x61, 0x72, 0x5f, 0x6f, 0x75, 0x74, 0x2e, 0x30, 0x2f, 0x43, 0x6f, 0x6e, 0x73,
    0x74, 0x61, 0x6e, 0x74, 0x5f, 0x33, 0x5f, 0x6f, 0x75, 0x74, 0x70, 0x75, 0x74, 0x5f, 0x30, 0x1a,
    0x33, 0x2f, 0x65, 0x72, 0x62, 0x5f, 0x64, 0x65, 0x63, 0x2f, 0x65, 0x6d, 0x62, 0x5f, 0x67, 0x72,
    0x75, 0x2f, 0x6c, 0x69, 0x6e, 0x65, 0x61, 0x72, 0x5f, 0x6f, 0x75, 0x74, 0x2f, 0x6c, 0x69, 0x6e,
    0x65, 0x61, 0x72, 0x5f, 0x6f, 0x75, 0x74, 0x2e, 0x30, 0x2f, 0x43, 0x6f, 0x6e, 0x73, 0x74, 0x61,
    0x6e, 0x74, 0x5f, 0x33, 0x22, 0x08, 0x43, 0x6f, 0x6e, 0x73, 0x74, 0x61, 0x6e, 0x74, 0x2a, 0x1a,
    0x0a, 0x05, 0x76, 0x61, 0x6c, 0x75, 0x65, 0x2a, 0x0e, 0x08, 0x01, 0x10, 0x07, 0x4a, 0x08, 0x10,
    0x00, 0x00, 0x00, 0x00, 0x00, 0x00, 0x00, 0xa0, 0x01, 0x04, 0x0a, 0xf8, 0x02, 0x0a, 0x3b, 0x2f,
    0x65, 0x72, 0x62, 0x5f, 0x64, 0x65, 0x63, 0x2f, 0x65, 0x6d, 0x62, 0x5f, 0x67, 0x72, 0x75, 0x2f,
    0x6c, 0x69, 0x6e, 0x65, 0x61, 0x72, 0x5f, 0x6f, 0x75, 0x74, 0x2f, 0x6c, 0x69, 0x6e, 0x65, 0x61,
    0x72, 0x5f, 0x6f, 0x75, 0x74, 0x2e, 0x30, 0x2f, 0x55, 0x6e, 0x73, 0x71, 0x75, 0x65, 0x65, 0x7a,
    0x65, 0x5f, 0x6f, 0x75, 0x74, 0x70, 0x75, 0x74, 0x5f, 0x30, 0x0a, 0x3d, 0x2f, 0x65, 0x72, 0x62,
    0x5f, 0x64, 0x65, 0x63, 0x2f, 0x65, 0x6d, 0x62, 0x5f, 0x67, 0x72, 0x75, 0x2f, 0x6c, 0x69, 0x6e,
    0x65, 0x61, 0x72, 0x5f, 0x6f, 0x75, 0x74, 0x2f, 0x6c, 0x69, 0x6e, 0x65, 0x61, 0x72, 0x5f, 0x6f,
    0x75, 0x74, 0x2e, 0x30, 0x2f, 0x55, 0x6e, 0x73, 0x71, 0x75, 0x65, 0x65, 0x7a, 0x65, 0x5f, 0x31,
    0x5f, 0x6f, 0x75, 0x74, 0x70, 0x75, 0x74, 0x5f, 0x30, 0x0a, 0x3c, 0x2f, 0x65, 0x72, 0x62, 0x5f,
    0x64, 0x65, 0x63, 0x2f, 0x65, 0x6d, 0x62, 0x5f, 0x67, 0x72, 0x75, 0x2f, 0x6c, 0x69, 0x6e, 0x65,
    0x61, 0x72, 0x5f, 0x6f, 0x75, 0x74, 0x2f, 0x6c, 0x69, 0x6e, 0x65, 0x61, 0x72, 0x5f, 0x6f, 0x75,
    0x74, 0x2e, 0x30, 0x2f, 0x43, 0x6f, 0x6e, 0x73, 0x74, 0x61, 0x6e, 0x74, 0x5f, 0x32, 0x5f, 0x6f,
    0x75, 0x74, 0x70, 0x75, 0x74, 0x5f, 0x30, 0x0a, 0x3c, 0x2f, 0x65, 0x72, 0x62, 0x5f, 0x64, 0x65,
    0x63, 0x2f, 0x65, 0x6d, 0x62, 0x5f, 0x67, 0x72, 0x75, 0x2f, 0x6c, 0x69, 0x6e, 0x65, 0x61, 0x72,
    0x5f, 0x6f, 0x75, 0x74, 0x2f, 0x6c, 0x69, 0x6e, 0x65, 0x61, 0x72, 0x5f, 0x6f, 0x75, 0x74, 0x2e,
    0x30, 0x2f, 0x43, 0x6f, 0x6e, 0x73, 0x74, 0x61, 0x6e, 0x74, 0x5f, 0x33, 0x5f, 0x6f, 0x75, 0x74,
    0x70, 0x75, 0x74, 0x5f, 0x30, 0x12, 0x38, 0x2f, 0x65, 0x72, 0x62, 0x5f, 0x64, 0x65, 0x63, 0x2f,
    0x65, 0x6d, 0x62, 0x5f, 0x67, 0x72, 0x75, 0x2f, 0x6c, 0x69, 0x6e, 0x65, 0x61, 0x72, 0x5f, 0x6f,
    0x75, 0x74, 0x2f, 0x6c, 0x69, 0x6e, 0x65, 0x61, 0x72, 0x5f, 0x6f, 0x75, 0x74, 0x2e, 0x30, 0x2f,
    0x43, 0x6f, 0x6e, 0x63, 0x61, 0x74, 0x5f, 0x6f, 0x75, 0x74, 0x70, 0x75, 0x74, 0x5f, 0x30, 0x1a,
    0x2f, 0x2f, 0x65, 0x72, 0x62, 0x5f, 0x64, 0x65, 0x63, 0x2f, 0x65, 0x6d, 0x62, 0x5f, 0x67, 0x72,
    0x75, 0x2f, 0x6c, 0x69, 0x6e, 0x65, 0x61, 0x72, 0x5f, 0x6f, 0x75, 0x74, 0x2f, 0x6c, 0x69, 0x6e,
    0x65, 0x61, 0x72, 0x5f, 0x6f, 0x75, 0x74, 0x2e, 0x30, 0x2f, 0x43, 0x6f, 0x6e, 0x63, 0x61, 0x74,
    0x22, 0x06, 0x43, 0x6f, 0x6e, 0x63, 0x61, 0x74, 0x2a, 0x0b, 0x0a, 0x04, 0x61, 0x78, 0x69, 0x73,
    0x18, 0x00, 0xa0, 0x01, 0x02, 0x0a, 0xed, 0x01, 0x0a, 0x29, 0x2f, 0x65, 0x72, 0x62, 0x5f, 0x64,
    0x65, 0x63, 0x2f, 0x65, 0x6d, 0x62, 0x5f, 0x67, 0x72, 0x75, 0x2f, 0x67, 0x72, 0x75, 0x2f, 0x54,
    0x72, 0x61, 0x6e, 0x73, 0x70, 0x6f, 0x73, 0x65, 0x5f, 0x31, 0x5f, 0x6f, 0x75, 0x74, 0x70, 0x75,
    0x74, 0x5f, 0x30, 0x0a, 0x38, 0x2f, 0x65, 0x72, 0x62, 0x5f, 0x64, 0x65, 0x63, 0x2f, 0x65, 0x6d,
    0x62, 0x5f, 0x67, 0x72, 0x75, 0x2f, 0x6c, 0x69, 0x6e, 0x65, 0x61, 0x72, 0x5f, 0x6f, 0x75, 0x74,
    0x2f, 0x6c, 0x69, 0x6e, 0x65, 0x61, 0x72, 0x5f, 0x6f, 0x75, 0x74, 0x2e, 0x30, 0x2f, 0x43, 0x6f,
    0x6e, 0x63, 0x61, 0x74, 0x5f, 0x6f, 0x75, 0x74, 0x70, 0x75, 0x74, 0x5f, 0x30, 0x12, 0x39, 0x2f,
    0x65, 0x72, 0x62, 0x5f, 0x64, 0x65, 0x63, 0x2f, 0x65, 0x6d, 0x62, 0x5f, 0x67, 0x72, 0x75, 0x2f,
    0x6c, 0x69, 0x6e, 0x65, 0x61, 0x72, 0x5f, 0x6f, 0x75, 0x74, 0x2f, 0x6c, 0x69, 0x6e, 0x65, 0x61,
    0x72, 0x5f, 0x6f, 0x75, 0x74, 0x2e, 0x30, 0x2f, 0x52, 0x65, 0x73, 0x68, 0x61, 0x70, 0x65, 0x5f,
    0x6f, 0x75, 0x74, 0x70, 0x75, 0x74, 0x5f, 0x30, 0x1a, 0x30, 0x2f, 0x65, 0x72, 0x62, 0x5f, 0x64,
    0x65, 0x63, 0x2f, 0x65, 0x6d, 0x62, 0x5f, 0x67, 0x72, 0x75, 0x2f, 0x6c, 0x69, 0x6e, 0x65, 0x61,
    0x72, 0x5f, 0x6f, 0x75, 0x74, 0x2f, 0x6c, 0x69, 0x6e, 0x65, 0x61, 0x72, 0x5f, 0x6f, 0x75, 0x74,
    0x2e, 0x30, 0x2f, 0x52, 0x65, 0x73, 0x68, 0x61, 0x70, 0x65, 0x22, 0x07, 0x52, 0x65, 0x73, 0x68,
    0x61, 0x70, 0x65, 0x2a, 0x10, 0x0a, 0x09, 0x61, 0x6c, 0x6c, 0x6f, 0x77, 0x7a, 0x65, 0x72, 0x6f,
    0x18, 0x00, 0xa0, 0x01, 0x02, 0x0a, 0xf2, 0x01, 0x0a, 0x39, 0x2f, 0x65, 0x72, 0x62, 0x5f, 0x64,
    0x65, 0x63, 0x2f, 0x65, 0x6d, 0x62, 0x5f, 0x67, 0x72, 0x75, 0x2f, 0x6c, 0x69, 0x6e, 0x65, 0x61,
    0x72, 0x5f, 0x6f, 0x75, 0x74, 0x2f, 0x6c, 0x69, 0x6e, 0x65, 0x61, 0x72, 0x5f, 0x6f, 0x75, 0x74,
    0x2e, 0x30, 0x2f, 0x52, 0x65, 0x73, 0x68, 0x61, 0x70, 0x65, 0x5f, 0x6f, 0x75, 0x74, 0x70, 0x75,
    0x74, 0x5f, 0x30, 0x0a, 0x23, 0x65, 0x72, 0x62, 0x5f, 0x64, 0x65, 0x63, 0x2e, 0x65, 0x6d, 0x62,
    0x5f, 0x67, 0x72, 0x75, 0x2e, 0x6c, 0x69, 0x6e, 0x65, 0x61, 0x72, 0x5f, 0x6f, 0x75, 0x74, 0x2e,
    0x30, 0x2e, 0x77, 0x65, 0x69, 0x67, 0x68, 0x74, 0x12, 0x38, 0x2f, 0x65, 0x72, 0x62, 0x5f, 0x64,
    0x65, 0x63, 0x2f, 0x65, 0x6d, 0x62, 0x5f, 0x67, 0x72, 0x75, 0x2f, 0x6c, 0x69, 0x6e, 0x65, 0x61,
    0x72, 0x5f, 0x6f, 0x75, 0x74, 0x2f, 0x6c, 0x69, 0x6e, 0x65, 0x61, 0x72, 0x5f, 0x6f, 0x75, 0x74,
    0x2e, 0x30, 0x2f, 0x45, 0x69, 0x6e, 0x73, 0x75, 0x6d, 0x5f, 0x6f, 0x75, 0x74, 0x70, 0x75, 0x74,
    0x5f, 0x30, 0x1a, 0x2f, 0x2f, 0x65, 0x72, 0x62, 0x5f, 0x64, 0x65, 0x63, 0x2f, 0x65, 0x6d, 0x62,
    0x5f, 0x67, 0x72, 0x75, 0x2f, 0x6c, 0x69, 0x6e, 0x65, 0x61, 0x72, 0x5f, 0x6f, 0x75, 0x74, 0x2f,
    0x6c, 0x69, 0x6e, 0x65, 0x61, 0x72, 0x5f, 0x6f, 0x75, 0x74, 0x2e, 0x30, 0x2f, 0x45, 0x69, 0x6e,
    0x73, 0x75, 0x6d, 0x22, 0x06, 0x45, 0x69, 0x6e, 0x73, 0x75, 0x6d, 0x2a, 0x1d, 0x0a, 0x08, 0x65,
    0x71, 0x75, 0x61, 0x74, 0x69, 0x6f, 0x6e, 0x22, 0x0e, 0x62, 0x74, 0x67, 0x69, 0x2c, 0x67, 0x69,
    0x68, 0x2d, 0x3e, 0x62, 0x74, 0x67, 0x68, 0xa0, 0x01, 0x03, 0x0a, 0xae, 0x01, 0x0a, 0x38, 0x2f,
    0x65, 0x72, 0x62, 0x5f, 0x64, 0x65, 0x63, 0x2f, 0x65, 0x6d, 0x62, 0x5f, 0x67, 0x72, 0x75, 0x2f,
    0x6c, 0x69, 0x6e, 0x65, 0x61, 0x72, 0x5f, 0x6f, 0x75, 0x74, 0x2f, 0x6c, 0x69, 0x6e, 0x65, 0x61,
    0x72, 0x5f, 0x6f, 0x75, 0x74, 0x2e, 0x30, 0x2f, 0x45, 0x69, 0x6e, 0x73, 0x75, 0x6d, 0x5f, 0x6f,
    0x75, 0x74, 0x70, 0x75, 0x74, 0x5f, 0x30, 0x12, 0x39, 0x2f, 0x65, 0x72, 0x62, 0x5f, 0x64, 0x65,
    0x63, 0x2f, 0x65, 0x6d, 0x62, 0x5f, 0x67, 0x72, 0x75, 0x2f, 0x6c, 0x69, 0x6e, 0x65, 0x61, 0x72,
    0x5f, 0x6f, 0x75, 0x74, 0x2f, 0x6c, 0x69, 0x6e, 0x65, 0x61, 0x72, 0x5f, 0x6f, 0x75, 0x74, 0x2e,
    0x30, 0x2f, 0x53, 0x68, 0x61, 0x70, 0x65, 0x5f, 0x32, 0x5f, 0x6f, 0x75, 0x74, 0x70, 0x75, 0x74,
    0x5f, 0x30, 0x1a, 0x30, 0x2f, 0x65, 0x72, 0x62, 0x5f, 0x64, 0x65, 0x63, 0x2f, 0x65, 0x6d, 0x62,
    0x5f, 0x67, 0x72, 0x75, 0x2f, 0x6c, 0x69, 0x6e, 0x65, 0x61, 0x72, 0x5f, 0x6f, 0x75, 0x74, 0x2f,
    0x6c, 0x69, 0x6e, 0x65, 0x61, 0x72, 0x5f, 0x6f, 0x75, 0x74, 0x2e, 0x30, 0x2f, 0x53, 0x68, 0x61,
    0x70, 0x65, 0x5f, 0x32, 0x22, 0x05, 0x53, 0x68, 0x61, 0x70, 0x65, 0x0a, 0x99, 0x01, 0x12, 0x3c,
    0x2f, 0x65, 0x72, 0x62, 0x5f, 0x64, 0x65, 0x63, 0x2f, 0x65, 0x6d, 0x62, 0x5f, 0x67, 0x72, 0x75,
    0x2f, 0x6c, 0x69, 0x6e, 0x65, 0x61, 0x72, 0x5f, 0x6f, 0x75, 0x74, 0x2f, 0x6c, 0x69, 0x6e, 0x65,
    0x61, 0x72, 0x5f, 0x6f, 0x75, 0x74, 0x2e, 0x30, 0x2f, 0x43, 0x6f, 0x6e, 0x73, 0x74, 0x61, 0x6e,
    0x74, 0x5f, 0x34, 0x5f, 0x6f, 0x75, 0x74, 0x70, 0x75, 0x74, 0x5f, 0x30, 0x1a, 0x33, 0x2f, 0x65,
    0x72, 0x62, 0x5f, 0x64, 0x65, 0x63, 0x2f, 0x65, 0x6d, 0x62, 0x5f, 0x67, 0x72, 0x75, 0x2f, 0x6c,
    0x69, 0x6e, 0x65, 0x61, 0x72, 0x5f, 0x6f, 0x75, 0x74, 0x2f, 0x6c, 0x69, 0x6e, 0x65, 0x61, 0x72,
    0x5f, 0x6f, 0x75, 0x74, 0x2e, 0x30, 0x2f, 0x43, 0x6f, 0x6e, 0x73, 0x74, 0x61, 0x6e, 0x74, 0x5f,
    0x34, 0x22, 0x08, 0x43, 0x6f, 0x6e, 0x73, 0x74, 0x61, 0x6e, 0x74, 0x2a, 0x1a, 0x0a, 0x05, 0x76,
    0x61, 0x6c, 0x75, 0x65, 0x2a, 0x0e, 0x08, 0x01, 0x10, 0x07, 0x4a, 0x08, 0x00, 0x00, 0x00, 0x00,
    0x00, 0x00, 0x00, 0x00, 0xa0, 0x01, 0x04, 0x0a, 0x99, 0x01, 0x12, 0x3c, 0x2f, 0x65, 0x72, 0x62,
    0x5f, 0x64, 0x65, 0x63, 0x2f, 0x65, 0x6d, 0x62, 0x5f, 0x67, 0x72, 0x75, 0x2f, 0x6c, 0x69, 0x6e,
    0x65, 0x61, 0x72, 0x5f, 0x6f, 0x75, 0x74, 0x2f, 0x6c, 0x69, 0x6e, 0x65, 0x61, 0x72, 0x5f, 0x6f,
    0x75, 0x74, 0x2e, 0x30, 0x2f, 0x43, 0x6f, 0x6e, 0x73, 0x74, 0x61, 0x6e, 0x74, 0x5f, 0x35, 0x5f,
    0x6f, 0x75, 0x74, 0x70, 0x75, 0x74, 0x5f, 0x30, 0x1a, 0x33, 0x2f, 0x65, 0x72, 0x62, 0x5f, 0x64,
    0x65, 0x63, 0x2f, 0x65, 0x6d, 0x62, 0x5f, 0x67, 0x72, 0x75, 0x2f, 0x6c, 0x69, 0x6e, 0x65, 0x61,
    0x72, 0x5f, 0x6f, 0x75, 0x74, 0x2f, 0x6c, 0x69, 0x6e, 0x65, 0x61, 0x72, 0x5f, 0x6f, 0x75, 0x74,
    0x2e, 0x30, 0x2f, 0x43, 0x6f, 0x6e, 0x73, 0x74, 0x61, 0x6e, 0x74, 0x5f, 0x35, 0x22, 0x08, 0x43,
    0x6f, 0x6e, 0x73, 0x74, 0x61, 0x6e, 0x74, 0x2a, 0x1a, 0x0a, 0x05, 0x76, 0x61, 0x6c, 0x75, 0x65,
    0x2a, 0x0e, 0x08, 0x01, 0x10, 0x07, 0x4a, 0x08, 0x00, 0x00, 0x00, 0x00, 0x00, 0x00, 0x00, 0x00,
    0xa0, 0x01, 0x04, 0x0a, 0x99, 0x01, 0x12, 0x3c, 0x2f, 0x65, 0x72, 0x62, 0x5f, 0x64, 0x65, 0x63,
    0x2f, 0x65, 0x6d, 0x62, 0x5f, 0x67, 0x72, 0x75, 0x2f, 0x6c, 0x69, 0x6e, 0x65, 0x61, 0x72, 0x5f,
    0x6f, 0x75, 0x74, 0x2f, 0x6c, 0x69, 0x6e, 0x65, 0x61, 0x72, 0x5f, 0x6f, 0x75, 0x74, 0x2e, 0x30,
    0x2f, 0x43, 0x6f, 0x6e, 0x73, 0x74, 0x61, 0x6e, 0x74, 0x5f, 0x36, 0x5f, 0x6f, 0x75, 0x74, 0x70,
    0x75, 0x74, 0x5f, 0x30, 0x1a, 0x33, 0x2f, 0x65, 0x72, 0x62, 0x5f, 0x64, 0x65, 0x63, 0x2f, 0x65,
    0x6d, 0x62, 0x5f, 0x67, 0x72, 0x75, 0x2f, 0x6c, 0x69, 0x6e, 0x65, 0x61, 0x72, 0x5f, 0x6f, 0x75,
    0x74, 0x2f, 0x6c, 0x69, 0x6e, 0x65, 0x61, 0x72, 0x5f, 0x6f, 0x75, 0x74, 0x2e, 0x30, 0x2f, 0x43,
    0x6f, 0x6e, 0x73, 0x74, 0x61, 0x6e, 0x74, 0x5f, 0x36, 0x22, 0x08, 0x43, 0x6f, 0x6e, 0x73, 0x74,
    0x61, 0x6e, 0x74, 0x2a, 0x1a, 0x0a, 0x05, 0x76, 0x61, 0x6c, 0x75, 0x65, 0x2a, 0x0e, 0x08, 0x01,
    0x10, 0x07, 0x4a, 0x08, 0x02, 0x00, 0x00, 0x00, 0x00, 0x00, 0x00, 0x00, 0xa0, 0x01, 0x04, 0x0a,
    0xe5, 0x02, 0x0a, 0x39, 0x2f, 0x65, 0x72, 0x62, 0x5f, 0x64, 0x65, 0x63, 0x2f, 0x65, 0x6d, 0x62,
    0x5f, 0x67, 0x72, 0x75, 0x2f, 0x6c, 0x69, 0x6e, 0x65, 0x61, 0x72, 0x5f, 0x6f, 0x75, 0x74, 0x2f,
    0x6c, 0x69, 0x6e, 0x65, 0x61, 0x72, 0x5f, 0x6f, 0x75, 0x74, 0x2e, 0x30, 0x2f, 0x53, 0x68, 0x61,
    0x70, 0x65, 0x5f, 0x32, 0x5f, 0x6f, 0x75, 0x74, 0x70, 0x75, 0x74, 0x5f, 0x30, 0x0a, 0x3c, 0x2f,
    0x65, 0x72, 0x62, 0x5f, 0x64, 0x65, 0x63, 0x2f, 0x65, 0x6d, 0x62, 0x5f, 0x67, 0x72, 0x75, 0x2f,
    0x6c, 0x69, 0x6e, 0x65, 0x61, 0x72, 0x5f, 0x6f, 0x75, 0x74, 0x2f, 0x6c, 0x69, 0x6e, 0x65, 0x61,
    0x72, 0x5f, 0x6f, 0x75, 0x74, 0x2e, 0x30, 0x2f, 0x43, 0x6f, 0x6e, 0x73, 0x74, 0x61, 0x6e, 0x74,
    0x5f, 0x35, 0x5f, 0x6f, 0x75, 0x74, 0x70, 0x75, 0x74, 0x5f, 0x30, 0x0a, 0x3c, 0x2f, 0x65, 0x72,
    0x62, 0x5f, 0x64, 0x65, 0x63, 0x2f, 0x65, 0x6d, 0x62, 0x5f, 0x67, 0x72, 0x75, 0x2f, 0x6c, 0x69,
    0x6e, 0x65, 0x61, 0x72, 0x5f, 0x6f, 0x75, 0x74, 0x2f, 0x6c, 0x69, 0x6e, 0x65, 0x61, 0x72, 0x5f,
    0x6f, 0x75, 0x74, 0x2e, 0x30, 0x2f, 0x43, 0x6f, 0x6e, 0x73, 0x74, 0x61, 0x6e, 0x74, 0x5f, 0x36,
    0x5f, 0x6f, 0x75, 0x74, 0x70, 0x75, 0x74, 0x5f, 0x30, 0x0a, 0x3c, 0x2f, 0x65, 0x72, 0x62, 0x5f,
    0x64, 0x65, 0x63, 0x2f, 0x65, 0x6d, 0x62, 0x5f, 0x67, 0x72, 0x75, 0x2f, 0x6c, 0x69, 0x6e, 0x65,
    0x61, 0x72, 0x5f, 0x6f, 0x75, 0x74, 0x2f, 0x6c, 0x69, 0x6e, 0x65, 0x61, 0x72, 0x5f, 0x6f, 0x75,
    0x74, 0x2e, 0x30, 0x2f, 0x43, 0x6f, 0x6e, 0x73, 0x74, 0x61, 0x6e, 0x74, 0x5f, 0x34, 0x5f, 0x6f,
    0x75, 0x74, 0x70, 0x75, 0x74, 0x5f, 0x30, 0x12, 0x37, 0x2f, 0x65, 0x72, 0x62, 0x5f, 0x64, 0x65,
    0x63, 0x2f, 0x65, 0x6d, 0x62, 0x5f, 0x67, 0x72, 0x75, 0x2f, 0x6c, 0x69, 0x6e, 0x65, 0x61, 0x72,
    0x5f, 0x6f, 0x75, 0x74, 0x2f, 0x6c, 0x69, 0x6e, 0x65, 0x61, 0x72, 0x5f, 0x6f, 0x75, 0x74, 0x2e,
    0x30, 0x2f, 0x53, 0x6c, 0x69, 0x63, 0x65, 0x5f, 0x6f, 0x75, 0x74, 0x70, 0x75, 0x74, 0x5f, 0x30,
    0x1a, 0x2e, 0x2f, 0x65, 0x72, 0x62, 0x5f, 0x64, 0x65, 0x63, 0x2f, 0x65, 0x6d, 0x62, 0x5f, 0x67,
    0x72, 0x75, 0x2f, 0x6c, 0x69, 0x6e, 0x65, 0x61, 0x72, 0x5f, 0x6f, 0x75, 0x74, 0x2f, 0x6c, 0x69,
    0x6e, 0x65, 0x61, 0x72, 0x5f, 0x6f, 0x75, 0x74, 0x2e, 0x30, 0x2f, 0x53, 0x6c, 0x69, 0x63, 0x65,
    0x22, 0x05, 0x53, 0x6c, 0x69, 0x63, 0x65, 0x0a, 0x99, 0x01, 0x12, 0x3c, 0x2f, 0x65, 0x72, 0x62,
    0x5f, 0x64, 0x65, 0x63, 0x2f, 0x65, 0x6d, 0x62, 0x5f, 0x67, 0x72, 0x75, 0x2f, 0x6c, 0x69, 0x6e,
    0x65, 0x61, 0x72, 0x5f, 0x6f, 0x75, 0x74, 0x2f, 0x6c, 0x69, 0x6e, 0x65, 0x61, 0x72, 0x5f, 0x6f,
    0x75, 0x74, 0x2e, 0x30, 0x2f, 0x43, 0x6f, 0x6e, 0x73, 0x74, 0x61, 0x6e, 0x74, 0x5f, 0x37, 0x5f,
    0x6f, 0x75, 0x74, 0x70, 0x75, 0x74, 0x5f, 0x30, 0x1a, 0x33, 0x2f, 0x65, 0x72, 0x62, 0x5f, 0x64,
    0x65, 0x63, 0x2f, 0x65, 0x6d, 0x62, 0x5f, 0x67, 0x72, 0x75, 0x2f, 0x6c, 0x69, 0x6e, 0x65, 0x61,
    0x72, 0x5f, 0x6f, 0x75, 0x74, 0x2f, 0x6c, 0x69, 0x6e, 0x65, 0x61, 0x72, 0x5f, 0x6f, 0x75, 0x74,
    0x2e, 0x30, 0x2f, 0x43, 0x6f, 0x6e, 0x73, 0x74, 0x61, 0x6e, 0x74, 0x5f, 0x37, 0x22, 0x08, 0x43,
    0x6f, 0x6e, 0x73, 0x74, 0x61, 0x6e, 0x74, 0x2a, 0x1a, 0x0a, 0x05, 0x76, 0x61, 0x6c, 0x75, 0x65,
    0x2a, 0x0e, 0x08, 0x01, 0x10, 0x07, 0x4a, 0x08, 0xff, 0xff, 0xff, 0xff, 0xff, 0xff, 0xff, 0xff,
    0xa0, 0x01, 0x04, 0x0a, 0xfb, 0x01, 0x0a, 0x37, 0x2f, 0x65, 0x72, 0x62, 0x5f, 0x64, 0x65, 0x63,
    0x2f, 0x65, 0x6d, 0x62, 0x5f, 0x67, 0x72, 0x75, 0x2f, 0x6c, 0x69, 0x6e, 0x65, 0x61, 0x72, 0x5f,
    0x6f, 0x75, 0x74, 0x2f, 0x6c, 0x69, 0x6e, 0x65, 0x61, 0x72, 0x5f, 0x6f, 0x75, 0x74, 0x2e, 0x30,
    0x2f, 0x53, 0x6c, 0x69, 0x63, 0x65, 0x5f, 0x6f, 0x75, 0x74, 0x70, 0x75, 0x74, 0x5f, 0x30, 0x0a,
    0x3c, 0x2f, 0x65, 0x72, 0x62, 0x5f, 0x64, 0x65, 0x63, 0x2f, 0x65, 0x6d, 0x62, 0x5f, 0x67, 0x72,
    0x75, 0x2f, 0x6c, 0x69, 0x6e, 0x65, 0x61, 0x72, 0x5f, 0x6f, 0x75, 0x74, 0x2f, 0x6c, 0x69, 0x6e,
    0x65, 0x61, 0x72, 0x5f, 0x6f, 0x75, 0x74, 0x2e, 0x30, 0x2f, 0x43, 0x6f, 0x6e, 0x73, 0x74, 0x61,
    0x6e, 0x74, 0x5f, 0x37, 0x5f, 0x6f, 0x75, 0x74, 0x70, 0x75, 0x74, 0x5f, 0x30, 0x12, 0x3a, 0x2f,
    0x65, 0x72, 0x62, 0x5f, 0x64, 0x65, 0x63, 0x2f, 0x65, 0x6d, 0x62, 0x5f, 0x67, 0x72, 0x75, 0x2f,
    0x6c, 0x69, 0x6e, 0x65, 0x61, 0x72, 0x5f, 0x6f, 0x75, 0x74, 0x2f, 0x6c, 0x69, 0x6e, 0x65, 0x61,
    0x72, 0x5f, 0x6f, 0x75, 0x74, 0x2e, 0x30, 0x2f, 0x43, 0x6f, 0x6e, 0x63, 0x61, 0x74, 0x5f, 0x31,
    0x5f, 0x6f, 0x75, 0x74, 0x70, 0x75, 0x74, 0x5f, 0x30, 0x1a, 0x31, 0x2f, 0x65, 0x72, 0x62, 0x5f,
    0x64, 0x65, 0x63, 0x2f, 0x65, 0x6d, 0x62, 0x5f, 0x67, 0x72, 0x75, 0x2f, 0x6c, 0x69, 0x6e, 0x65,
    0x61, 0x72, 0x5f, 0x6f, 0x75, 0x74, 0x2f, 0x6c, 0x69, 0x6e, 0x65, 0x61, 0x72, 0x5f, 0x6f, 0x75,
    0x74, 0x2e, 0x30, 0x2f, 0x43, 0x6f, 0x6e, 0x63, 0x61, 0x74, 0x5f, 0x31, 0x22, 0x06, 0x43, 0x6f,
    0x6e, 0x63, 0x61, 0x74, 0x2a, 0x0b, 0x0a, 0x04, 0x61, 0x78, 0x69, 0x73, 0x18, 0x00, 0xa0, 0x01,
    0x02, 0x0a, 0x82, 0x02, 0x0a, 0x38, 0x2f, 0x65, 0x72, 0x62, 0x5f, 0x64, 0x65, 0x63, 0x2f, 0x65,
    0x6d, 0x62, 0x5f, 0x67, 0x72, 0x75, 0x2f, 0x6c, 0x69, 0x6e, 0x65, 0x61, 0x72, 0x5f, 0x6f, 0x75,
    0x74, 0x2f, 0x6c, 0x69, 0x6e, 0x65, 0x61, 0x72, 0x5f, 0x6f, 0x75, 0x74, 0x2e, 0x30, 0x2f, 0x45,
    0x69, 0x6e, 0x73, 0x75, 0x6d, 0x5f, 0x6f, 0x75, 0x74, 0x70, 0x75, 0x74, 0x5f, 0x30, 0x0a, 0x3a,
    0x2f, 0x65, 0x72, 0x62, 0x5f, 0x64, 0x65, 0x63, 0x2f, 0x65, 0x6d, 0x62, 0x5f, 0x67, 0x72, 0x75,
    0x2f, 0x6c, 0x69, 0x6e, 0x65, 0x61, 0x72, 0x5f, 0x6f, 0x75, 0x74, 0x2f, 0x6c, 0x69, 0x6e, 0x65,
    0x61, 0x72, 0x5f, 0x6f, 0x75, 0x74, 0x2e, 0x30, 0x2f, 0x43, 0x6f, 0x6e, 0x63, 0x61, 0x74, 0x5f,
    0x31, 0x5f, 0x6f, 0x75, 0x74, 0x70, 0x75, 0x74, 0x5f, 0x30, 0x12, 0x3b, 0x2f, 0x65, 0x72, 0x62,
    0x5f, 0x64, 0x65, 0x63, 0x2f, 0x65, 0x6d, 0x62, 0x5f, 0x67, 0x72, 0x75, 0x2f, 0x6c, 0x69, 0x6e,
    0x65, 0x61, 0x72, 0x5f, 0x6f, 0x75, 0x74, 0x2f, 0x6c, 0x69, 0x6e, 0x65, 0x61, 0x72, 0x5f, 0x6f,
    0x75, 0x74, 0x2e, 0x30, 0x2f, 0x52, 0x65, 0x73, 0x68, 0x61, 0x70, 0x65, 0x5f, 0x31, 0x5f, 0x6f,
    0x75, 0x74, 0x70, 0x75, 0x74, 0x5f, 0x30, 0x1a, 0x32, 0x2f, 0x65, 0x72, 0x62, 0x5f, 0x64, 0x65,
    0x63, 0x2f, 0x65, 0x6d, 0x62, 0x5f, 0x67, 0x72, 0x75, 0x2f, 0x6c, 0x69, 0x6e, 0x65, 0x61, 0x72,
    0x5f, 0x6f, 0x75, 0x74, 0x2f, 0x6c, 0x69, 0x6e, 0x65, 0x61, 0x72, 0x5f, 0x6f, 0x75, 0x74, 0x2e,
    0x30, 0x2f, 0x52, 0x65, 0x73, 0x68, 0x61, 0x70, 0x65, 0x5f, 0x31, 0x22, 0x07, 0x52, 0x65, 0x73,
    0x68, 0x61, 0x70, 0x65, 0x2a, 0x10, 0x0a, 0x09, 0x61, 0x6c, 0x6c, 0x6f, 0x77, 0x7a, 0x65, 0x72,
    0x6f, 0x18, 0x00, 0xa0, 0x01, 0x02, 0x0a, 0xaa, 0x01, 0x0a, 0x3b, 0x2f, 0x65, 0x72, 0x62, 0x5f,
    0x64, 0x65, 0x63, 0x2f, 0x65, 0x6d, 0x62, 0x5f, 0x67, 0x72, 0x75, 0x2f, 0x6c, 0x69, 0x6e, 0x65,
    0x61, 0x72, 0x5f, 0x6f, 0x75, 0x74, 0x2f, 0x6c, 0x69, 0x6e, 0x65, 0x61, 0x72, 0x5f, 0x6f, 0x75,
    0x74, 0x2e, 0x30, 0x2f, 0x52, 0x65, 0x73, 0x68, 0x61, 0x70, 0x65, 0x5f, 0x31, 0x5f, 0x6f, 0x75,
    0x74, 0x70, 0x75, 0x74, 0x5f, 0x30, 0x12, 0x36, 0x2f, 0x65, 0x72, 0x62, 0x5f, 0x64, 0x65, 0x63,
    0x2f, 0x65, 0x6d, 0x62, 0x5f, 0x67, 0x72, 0x75, 0x2f, 0x6c, 0x69, 0x6e, 0x65, 0x61, 0x72, 0x5f,
    0x6f, 0x75, 0x74, 0x2f, 0x6c, 0x69, 0x6e, 0x65, 0x61, 0x72, 0x5f, 0x6f, 0x75, 0x74, 0x2e, 0x31,
    0x2f, 0x52, 0x65, 0x6c, 0x75, 0x5f, 0x6f, 0x75, 0x74, 0x70, 0x75, 0x74, 0x5f, 0x30, 0x1a, 0x2d,
    0x2f, 0x65, 0x72, 0x62, 0x5f, 0x64, 0x65, 0x63, 0x2f, 0x65, 0x6d, 0x62, 0x5f, 0x67, 0x72, 0x75,
    0x2f, 0x6c, 0x69, 0x6e, 0x65, 0x61, 0x72, 0x5f, 0x6f, 0x75, 0x74, 0x2f, 0x6c, 0x69, 0x6e, 0x65,
    0x61, 0x72, 0x5f, 0x6f, 0x75, 0x74, 0x2e, 0x31, 0x2f, 0x52, 0x65, 0x6c, 0x75, 0x22, 0x04, 0x52,
    0x65, 0x6c, 0x75, 0x0a, 0x49, 0x12, 0x13, 0x6f, 0x6e, 0x6e, 0x78, 0x3a, 0x3a, 0x55, 0x6e, 0x73,
    0x71, 0x75, 0x65, 0x65, 0x7a, 0x65, 0x5f, 0x36, 0x35, 0x39, 0x1a, 0x0c, 0x43, 0x6f, 0x6e, 0x73,
    0x74, 0x61, 0x6e, 0x74, 0x5f, 0x34, 0x36, 0x39, 0x22, 0x08, 0x43, 0x6f, 0x6e, 0x73, 0x74, 0x61,
    0x6e, 0x74, 0x2a, 0x1a, 0x0a, 0x05, 0x76, 0x61, 0x6c, 0x75, 0x65, 0x2a, 0x0e, 0x08, 0x01, 0x10,
    0x07, 0x4a, 0x08, 0x00, 0x00, 0x00, 0x00, 0x00, 0x00, 0x00, 0x00, 0xa0, 0x01, 0x04, 0x0a, 0x6b,
    0x0a, 0x18, 0x2f, 0x65, 0x72, 0x62, 0x5f, 0x64, 0x65, 0x63, 0x2f, 0x47, 0x61, 0x74, 0x68, 0x65,
    0x72, 0x5f, 0x6f, 0x75, 0x74, 0x70, 0x75, 0x74, 0x5f, 0x30, 0x0a, 0x13, 0x6f, 0x6e, 0x6e, 0x78,
    0x3a, 0x3a, 0x55, 0x6e, 0x73, 0x71, 0x75, 0x65, 0x65, 0x7a, 0x65, 0x5f, 0x36, 0x35, 0x39, 0x12,
    0x1b, 0x2f, 0x65, 0x72, 0x62, 0x5f, 0x64, 0x65, 0x63, 0x2f, 0x55, 0x6e, 0x73, 0x71, 0x75, 0x65,
    0x65, 0x7a, 0x65, 0x5f, 0x6f, 0x75, 0x74, 0x70, 0x75, 0x74, 0x5f, 0x30, 0x1a, 0x12, 0x2f, 0x65,
    0x72, 0x62, 0x5f, 0x64, 0x65, 0x63, 0x2f, 0x55, 0x6e, 0x73, 0x71, 0x75, 0x65, 0x65, 0x7a, 0x65,
    0x22, 0x09, 0x55, 0x6e, 0x73, 0x71, 0x75, 0x65, 0x65, 0x7a, 0x65, 0x0a, 0x49, 0x12, 0x13, 0x6f,
    0x6e, 0x6e, 0x78, 0x3a, 0x3a, 0x55, 0x6e, 0x73, 0x71, 0x75, 0x65, 0x65, 0x7a, 0x65, 0x5f, 0x36,
    0x36, 0x31, 0x1a, 0x0c, 0x43, 0x6f, 0x6e, 0x73, 0x74, 0x61, 0x6e, 0x74, 0x5f, 0x34, 0x37, 0x31,
    0x22, 0x08, 0x43, 0x6f, 0x6e, 0x73, 0x74, 0x61, 0x6e, 0x74, 0x2a, 0x1a, 0x0a, 0x05, 0x76, 0x61,
    0x6c, 0x75, 0x65, 0x2a, 0x0e, 0x08, 0x01, 0x10, 0x07, 0x4a, 0x08, 0x00, 0x00, 0x00, 0x00, 0x00,
    0x00, 0x00, 0x00, 0xa0, 0x01, 0x04, 0x0a, 0x71, 0x0a, 0x1a, 0x2f, 0x65, 0x72, 0x62, 0x5f, 0x64,
    0x65, 0x63, 0x2f, 0x47, 0x61, 0x74, 0x68, 0x65, 0x72, 0x5f, 0x31, 0x5f, 0x6f, 0x75, 0x74, 0x70,
    0x75, 0x74, 0x5f, 0x30, 0x0a, 0x13, 0x6f, 0x6e, 0x6e, 0x78, 0x3a, 0x3a, 0x55, 0x6e, 0x73, 0x71,
    0x75, 0x65, 0x65, 0x7a, 0x65, 0x5f, 0x36, 0x36, 0x31, 0x12, 0x1d, 0x2f, 0x65, 0x72, 0x62, 0x5f,
    0x64, 0x65, 0x63, 0x2f, 0x55, 0x6e, 0x73, 0x71, 0x75, 0x65, 0x65, 0x7a, 0x65, 0x5f, 0x31, 0x5f,
    0x6f, 0x75, 0x74, 0x70, 0x75, 0x74, 0x5f, 0x30, 0x1a, 0x14, 0x2f, 0x65, 0x72, 0x62, 0x5f, 0x64,
    0x65, 0x63, 0x2f, 0x55, 0x6e, 0x73, 0x71, 0x75, 0x65, 0x65, 0x7a, 0x65, 0x5f, 0x31, 0x22, 0x09,
    0x55, 0x6e, 0x73, 0x71, 0x75, 0x65, 0x65, 0x7a, 0x65, 0x0a, 0x49, 0x12, 0x13, 0x6f, 0x6e, 0x6e,
    0x78, 0x3a, 0x3a, 0x55, 0x6e, 0x73, 0x71, 0x75, 0x65, 0x65, 0x7a, 0x65, 0x5f, 0x36, 0x36, 0x33,
    0x1a, 0x0c, 0x43, 0x6f, 0x6e, 0x73, 0x74, 0x61, 0x6e, 0x74, 0x5f, 0x34, 0x37, 0x33, 0x22, 0x08,
    0x43, 0x6f, 0x6e, 0x73, 0x74, 0x61, 0x6e, 0x74, 0x2a, 0x1a, 0x0a, 0x05, 0x76, 0x61, 0x6c, 0x75,
    0x65, 0x2a, 0x0e, 0x08, 0x01, 0x10, 0x07, 0x4a, 0x08, 0x00, 0x00, 0x00, 0x00, 0x00, 0x00, 0x00,
    0x00, 0xa0, 0x01, 0x04, 0x0a, 0x71, 0x0a, 0x1a, 0x2f, 0x65, 0x72, 0x62, 0x5f, 0x64, 0x65, 0x63,
    0x2f, 0x47, 0x61, 0x74, 0x68, 0x65, 0x72, 0x5f, 0x32, 0x5f, 0x6f, 0x75, 0x74, 0x70, 0x75, 0x74,
    0x5f, 0x30, 0x0a, 0x13, 0x6f, 0x6e, 0x6e, 0x78, 0x3a, 0x3a, 0x55, 0x6e, 0x73, 0x71, 0x75, 0x65,
    0x65, 0x7a, 0x65, 0x5f, 0x36, 0x36, 0x33, 0x12, 0x1d, 0x2f, 0x65, 0x72, 0x62, 0x5f, 0x64, 0x65,
    0x63, 0x2f, 0x55, 0x6e, 0x73, 0x71, 0x75, 0x65, 0x65, 0x7a, 0x65, 0x5f, 0x32, 0x5f, 0x6f, 0x75,
    0x74, 0x70, 0x75, 0x74, 0x5f, 0x30, 0x1a, 0x14, 0x2f, 0x65, 0x72, 0x62, 0x5f, 0x64, 0x65, 0x63,
    0x2f, 0x55, 0x6e, 0x73, 0x71, 0x75, 0x65, 0x65, 0x7a, 0x65, 0x5f, 0x32, 0x22, 0x09, 0x55, 0x6e,
    0x73, 0x71, 0x75, 0x65, 0x65, 0x7a, 0x65, 0x0a, 0x59, 0x12, 0x1c, 0x2f, 0x65, 0x72, 0x62, 0x5f,
    0x64, 0x65, 0x63, 0x2f, 0x43, 0x6f, 0x6e, 0x73, 0x74, 0x61, 0x6e, 0x74, 0x5f, 0x33, 0x5f, 0x6f,
    0x75, 0x74, 0x70, 0x75, 0x74, 0x5f, 0x30, 0x1a, 0x13, 0x2f, 0x65, 0x72, 0x62, 0x5f, 0x64, 0x65,
    0x63, 0x2f, 0x43, 0x6f, 0x6e, 0x73, 0x74, 0x61, 0x6e, 0x74, 0x5f, 0x33, 0x22, 0x08, 0x43, 0x6f,
    0x6e, 0x73, 0x74, 0x61, 0x6e, 0x74, 0x2a, 0x1a, 0x0a, 0x05, 0x76, 0x61, 0x6c, 0x75, 0x65, 0x2a,
    0x0e, 0x08, 0x01, 0x10, 0x07, 0x4a, 0x08, 0xff, 0xff, 0xff, 0xff, 0xff, 0xff, 0xff, 0xff, 0xa0,
    0x01, 0x04, 0x0a, 0xb9, 0x01, 0x0a, 0x1b, 0x2f, 0x65, 0x72, 0x62, 0x5f, 0x64, 0x65, 0x63, 0x2f,
    0x55, 0x6e, 0x73, 0x71, 0x75, 0x65, 0x65, 0x7a, 0x65, 0x5f, 0x6f, 0x75, 0x74, 0x70, 0x75, 0x74,
    0x5f, 0x30, 0x0a, 0x1d, 0x2f, 0x65, 0x72, 0x62, 0x5f, 0x64, 0x65, 0x63, 0x2f, 0x55, 0x6e, 0x73,
    0x71, 0x75, 0x65, 0x65, 0x7a, 0x65, 0x5f, 0x31, 0x5f, 0x6f, 0x75, 0x74, 0x70, 0x75, 0x74, 0x5f,
    0x30, 0x0a, 0x1d, 0x2f, 0x65, 0x72, 0x62, 0x5f, 0x64, 0x65, 0x63, 0x2f, 0x55, 0x6e, 0x73, 0x71,
    0x75, 0x65, 0x65, 0x7a, 0x65, 0x5f, 0x32, 0x5f, 0x6f, 0x75, 0x74, 0x70, 0x75, 0x74, 0x5f, 0x30,
    0x0a, 0x1c, 0x2f, 0x65, 0x72, 0x62, 0x5f, 0x64, 0x65, 0x63, 0x2f, 0x43, 0x6f, 0x6e, 0x73, 0x74,
    0x61, 0x6e, 0x74, 0x5f, 0x33, 0x5f, 0x6f, 0x75, 0x74, 0x70, 0x75, 0x74, 0x5f, 0x30, 0x12, 0x18,
    0x2f, 0x65, 0x72, 0x62, 0x5f, 0x64, 0x65, 0x63, 0x2f, 0x43, 0x6f, 0x6e, 0x63, 0x61, 0x74, 0x5f,
    0x6f, 0x75, 0x74, 0x70, 0x75, 0x74, 0x5f, 0x30, 0x1a, 0x0f, 0x2f, 0x65, 0x72, 0x62, 0x5f, 0x64,
    0x65, 0x63, 0x2f, 0x43, 0x6f, 0x6e, 0x63, 0x61, 0x74, 0x22, 0x06, 0x43, 0x6f, 0x6e, 0x63, 0x61,
    0x74, 0x2a, 0x0b, 0x0a, 0x04, 0x61, 0x78, 0x69, 0x73, 0x18, 0x00, 0xa0, 0x01, 0x02, 0x0a, 0x9a,
    0x01, 0x0a, 0x36, 0x2f, 0x65, 0x72, 0x62, 0x5f, 0x64, 0x65, 0x63, 0x2f, 0x65, 0x6d, 0x62, 0x5f,
    0x67, 0x72, 0x75, 0x2f, 0x6c, 0x69, 0x6e, 0x65, 0x61, 0x72, 0x5f, 0x6f, 0x75, 0x74, 0x2f, 0x6c,
    0x69, 0x6e, 0x65, 0x61, 0x72, 0x5f, 0x6f, 0x75, 0x74, 0x2e, 0x31, 0x2f, 0x52, 0x65, 0x6c, 0x75,
    0x5f, 0x6f, 0x75, 0x74, 0x70, 0x75, 0x74, 0x5f, 0x30, 0x0a, 0x18, 0x2f, 0x65, 0x72, 0x62, 0x5f,
    0x64, 0x65, 0x63, 0x2f, 0x43, 0x6f, 0x6e, 0x63, 0x61, 0x74, 0x5f, 0x6f, 0x75, 0x74, 0x70, 0x75,
    0x74, 0x5f, 0x30, 0x12, 0x19, 0x2f, 0x65, 0x72, 0x62, 0x5f, 0x64, 0x65, 0x63, 0x2f, 0x52, 0x65,
    0x73, 0x68, 0x61, 0x70, 0x65, 0x5f, 0x6f, 0x75, 0x74, 0x70, 0x75, 0x74, 0x5f, 0x30, 0x1a, 0x10,
    0x2f, 0x65, 0x72, 0x62, 0x5f, 0x64, 0x65, 0x63, 0x2f, 0x52, 0x65, 0x73, 0x68, 0x61, 0x70, 0x65,
    0x22, 0x07, 0x52, 0x65, 0x73, 0x68, 0x61, 0x70, 0x65, 0x2a, 0x10, 0x0a, 0x09, 0x61, 0x6c, 0x6c,
    0x6f, 0x77, 0x7a, 0x65, 0x72, 0x6f, 0x18, 0x00, 0xa0, 0x01, 0x02, 0x0a, 0x6a, 0x0a, 0x19, 0x2f,
    0x65, 0x72, 0x62, 0x5f, 0x64, 0x65, 0x63, 0x2f, 0x52, 0x65, 0x73, 0x68, 0x61, 0x70, 0x65, 0x5f,
    0x6f, 0x75, 0x74, 0x70, 0x75, 0x74, 0x5f, 0x30, 0x12, 0x1b, 0x2f, 0x65, 0x72, 0x62, 0x5f, 0x64,
    0x65, 0x63, 0x2f, 0x54, 0x72, 0x61, 0x6e, 0x73, 0x70, 0x6f, 0x73, 0x65, 0x5f, 0x6f, 0x75, 0x74,
    0x70, 0x75, 0x74, 0x5f, 0x30, 0x1a, 0x12, 0x2f, 0x65, 0x72, 0x62, 0x5f, 0x64, 0x65, 0x63, 0x2f,
    0x54, 0x72, 0x61, 0x6e, 0x73, 0x70, 0x6f, 0x73, 0x65, 0x22, 0x09, 0x54, 0x72, 0x61, 0x6e, 0x73,
    0x70, 0x6f, 0x73, 0x65, 0x2a, 0x11, 0x0a, 0x04, 0x70, 0x65, 0x72, 0x6d, 0x40, 0x00, 0x40, 0x03,
    0x40, 0x01, 0x40, 0x02, 0xa0, 0x01, 0x07, 0x0a, 0xf7, 0x01, 0x0a, 0x28, 0x2f, 0x65, 0x6e, 0x63,
    0x2f, 0x65, 0x72, 0x62, 0x5f, 0x63, 0x6f, 0x6e, 0x76, 0x33, 0x2f, 0x65, 0x72, 0x62, 0x5f, 0x63,
    0x6f, 0x6e, 0x76, 0x33, 0x2e, 0x33, 0x2f, 0x52, 0x65, 0x6c, 0x75, 0x5f, 0x6f, 0x75, 0x74, 0x70,
    0x75, 0x74, 0x5f, 0x30, 0x0a, 0x0f, 0x6f, 0x6e, 0x6e, 0x78, 0x3a, 0x3a, 0x43, 0x6f, 0x6e, 0x76,
    0x5f, 0x31, 0x30, 0x31, 0x36, 0x0a, 0x0f, 0x6f, 0x6e, 0x6e, 0x78, 0x3a, 0x3a, 0x43, 0x6f, 0x6e,
    0x76, 0x5f, 0x31, 0x30, 0x31, 0x37, 0x12, 0x26, 0x2f, 0x65, 0x72, 0x62, 0x5f, 0x64, 0x65, 0x63,
    0x2f, 0x63, 0x6f, 0x6e, 0x76, 0x33, 0x70, 0x2f, 0x63, 0x6f, 0x6e, 0x76, 0x33, 0x70, 0x2e, 0x30,
    0x2f, 0x43, 0x6f, 0x6e, 0x76, 0x5f, 0x6f, 0x75, 0x74, 0x70, 0x75, 0x74, 0x5f, 0x30, 0x1a, 0x1d,
    0x2f, 0x65, 0x72, 0x62, 0x5f, 0x64, 0x65, 0x63, 0x2f, 0x63, 0x6f, 0x6e, 0x76, 0x33, 0x70, 0x2f,
    0x63, 0x6f, 0x6e, 0x76, 0x33, 0x70, 0x2e, 0x30, 0x2f, 0x43, 0x6f, 0x6e, 0x76, 0x22, 0x04, 0x43,
    0x6f, 0x6e, 0x76, 0x2a, 0x12, 0x0a, 0x09, 0x64, 0x69, 0x6c, 0x61, 0x74, 0x69, 0x6f, 0x6e, 0x73,
    0x40, 0x01, 0x40, 0x01, 0xa0, 0x01, 0x07, 0x2a, 0x0c, 0x0a, 0x05, 0x67, 0x72, 0x6f, 0x75, 0x70,
    0x18, 0x40, 0xa0, 0x01, 0x02, 0x2a, 0x15, 0x0a, 0x0c, 0x6b, 0x65, 0x72, 0x6e, 0x65, 0x6c, 0x5f,
    0x73, 0x68, 0x61, 0x70, 0x65, 0x40, 0x01, 0x40, 0x01, 0xa0, 0x01, 0x07, 0x2a, 0x11, 0x0a, 0x04,
    0x70, 0x61, 0x64, 0x73, 0x40, 0x00, 0x40, 0x00, 0x40, 0x00, 0x40, 0x00, 0xa0, 0x01, 0x07, 0x2a,
    0x10, 0x0a, 0x07, 0x73, 0x74, 0x72, 0x69, 0x64, 0x65, 0x73, 0x40, 0x01, 0x40, 0x01, 0xa0, 0x01,
    0x07, 0x0a, 0x75, 0x0a, 0x26, 0x2f, 0x65, 0x72, 0x62, 0x5f, 0x64, 0x65, 0x63, 0x2f, 0x63, 0x6f,
    0x6e, 0x76, 0x33, 0x70, 0x2f, 0x63, 0x6f, 0x6e, 0x76, 0x33, 0x70, 0x2e, 0x30, 0x2f, 0x43, 0x6f,
    0x6e, 0x76, 0x5f, 0x6f, 0x75, 0x74, 0x70, 0x75, 0x74, 0x5f, 0x30, 0x12, 0x26, 0x2f, 0x65, 0x72,
    0x62, 0x5f, 0x64, 0x65, 0x63, 0x2f, 0x63, 0x6f, 0x6e, 0x76, 0x33, 0x70, 0x2f, 0x63, 0x6f, 0x6e,
    0x76, 0x33, 0x70, 0x2e, 0x32, 0x2f, 0x52, 0x65, 0x6c, 0x75, 0x5f, 0x6f, 0x75, 0x74, 0x70, 0x75,
    0x74, 0x5f, 0x30, 0x1a, 0x1d, 0x2f, 0x65, 0x72, 0x62, 0x5f, 0x64, 0x65, 0x63, 0x2f, 0x63, 0x6f,
    0x6e, 0x76, 0x33, 0x70, 0x2f, 0x63, 0x6f, 0x6e, 0x76, 0x33, 0x70, 0x2e, 0x32, 0x2f, 0x52, 0x65,
    0x6c, 0x75, 0x22, 0x04, 0x52, 0x65, 0x6c, 0x75, 0x0a, 0x6f, 0x0a, 0x26, 0x2f, 0x65, 0x72, 0x62,
    0x5f, 0x64, 0x65, 0x63, 0x2f, 0x63, 0x6f, 0x6e, 0x76, 0x33, 0x70, 0x2f, 0x63, 0x6f, 0x6e, 0x76,
    0x33, 0x70, 0x2e, 0x32, 0x2f, 0x52, 0x65, 0x6c, 0x75, 0x5f, 0x6f, 0x75, 0x74, 0x70, 0x75, 0x74,
    0x5f, 0x30, 0x0a, 0x1b, 0x2f, 0x65, 0x72, 0x62, 0x5f, 0x64, 0x65, 0x63, 0x2f, 0x54, 0x72, 0x61,
    0x6e, 0x73, 0x70, 0x6f, 0x73, 0x65, 0x5f, 0x6f, 0x75, 0x74, 0x70, 0x75, 0x74, 0x5f, 0x30, 0x12,
    0x15, 0x2f, 0x65, 0x72, 0x62, 0x5f, 0x64, 0x65, 0x63, 0x2f, 0x41, 0x64, 0x64, 0x5f, 0x6f, 0x75,
    0x74, 0x70, 0x75, 0x74, 0x5f, 0x30, 0x1a, 0x0c, 0x2f, 0x65, 0x72, 0x62, 0x5f, 0x64, 0x65, 0x63,
    0x2f, 0x41, 0x64, 0x64, 0x22, 0x03, 0x41, 0x64, 0x64, 0x0a, 0xdb, 0x01, 0x0a, 0x15, 0x2f, 0x65,
    0x72, 0x62, 0x5f, 0x64, 0x65, 0x63, 0x2f, 0x41, 0x64, 0x64, 0x5f, 0x6f, 0x75, 0x74, 0x70, 0x75,
    0x74, 0x5f, 0x30, 0x0a, 0x17, 0x65, 0x72, 0x62, 0x5f, 0x64, 0x65, 0x63, 0x2e, 0x63, 0x6f, 0x6e,
    0x76, 0x74, 0x33, 0x2e, 0x30, 0x2e, 0x77, 0x65, 0x69, 0x67, 0x68, 0x74, 0x12, 0x26, 0x2f, 0x65,
    0x72, 0x62, 0x5f, 0x64, 0x65, 0x63, 0x2f, 0x63, 0x6f, 0x6e, 0x76, 0x74, 0x33, 0x2f, 0x63, 0x6f,
    0x6e, 0x76, 0x74, 0x33, 0x2e, 0x30, 0x2f, 0x43, 0x6f, 0x6e, 0x76, 0x5f, 0x6f, 0x75, 0x74, 0x70,
    0x75, 0x74, 0x5f, 0x30, 0x1a, 0x1d, 0x2f, 0x65, 0x72, 0x62, 0x5f, 0x64, 0x65, 0x63, 0x2f, 0x63,
    0x6f, 0x6e, 0x76, 0x74, 0x33, 0x2f, 0x63, 0x6f, 0x6e, 0x76, 0x74, 0x33, 0x2e, 0x30, 0x2f, 0x43,
    0x6f, 0x6e, 0x76, 0x22, 0x04, 0x43, 0x6f, 0x6e, 0x76, 0x2a, 0x12, 0x0a, 0x09, 0x64, 0x69, 0x6c,
    0x61, 0x74, 0x69, 0x6f, 0x6e, 0x73, 0x40, 0x01, 0x40, 0x01, 0xa0, 0x01, 0x07, 0x2a, 0x0c, 0x0a,
    0x05, 0x67, 0x72, 0x6f, 0x75, 0x70, 0x18, 0x40, 0xa0, 0x01, 0x02, 0x2a, 0x15, 0x0a, 0x0c, 0x6b,
    0x65, 0x72, 0x6e, 0x65, 0x6c, 0x5f, 0x73, 0x68, 0x61, 0x70, 0x65, 0x40, 0x01, 0x40, 0x03, 0xa0,
    0x01, 0x07, 0x2a, 0x11, 0x0a, 0x04, 0x70, 0x61, 0x64, 0x73, 0x40, 0x00, 0x40, 0x01, 0x40, 0x00,
    0x40, 0x01, 0xa0, 0x01, 0x07, 0x2a, 0x10, 0x0a, 0x07, 0x73, 0x74, 0x72, 0x69, 0x64, 0x65, 0x73,
    0x40, 0x01, 0x40, 0x01, 0xa0, 0x01, 0x07, 0x0a, 0xf5, 0x01, 0x0a, 0x26, 0x2f, 0x65, 0x72, 0x62,
    0x5f, 0x64, 0x65, 0x63, 0x2f, 0x63, 0x6f, 0x6e, 0x76, 0x74, 0x33, 0x2f, 0x63, 0x6f, 0x6e, 0x76,
    0x74, 0x33, 0x2e, 0x30, 0x2f, 0x43, 0x6f, 0x6e, 0x76, 0x5f, 0x6f, 0x75, 0x74, 0x70, 0x75, 0x74,
    0x5f, 0x30, 0x0a, 0x0f, 0x6f, 0x6e, 0x6e, 0x78, 0x3a, 0x3a, 0x43, 0x6f, 0x6e, 0x76, 0x5f, 0x31,
    0x30, 0x31, 0x39, 0x0a, 0x0f, 0x6f, 0x6e, 0x6e, 0x78, 0x3a, 0x3a, 0x43, 0x6f, 0x6e, 0x76, 0x5f,
    0x31, 0x30, 0x32, 0x30, 0x12, 0x26, 0x2f, 0x65, 0x72, 0x62, 0x5f, 0x64, 0x65, 0x63, 0x2f, 0x63,
    0x6f, 0x6e, 0x76, 0x74, 0x33, 0x2f, 0x63, 0x6f, 0x6e, 0x76, 0x74, 0x33, 0x2e, 0x31, 0x2f, 0x43,
    0x6f, 0x6e, 0x76, 0x5f, 0x6f, 0x75, 0x74, 0x70, 0x75, 0x74, 0x5f, 0x30, 0x1a, 0x1d, 0x2f, 0x65,
    0x72, 0x62, 0x5f, 0x64, 0x65, 0x63, 0x2f, 0x63, 0x6f, 0x6e, 0x76, 0x74, 0x33, 0x2f, 0x63, 0x6f,
    0x6e, 0x76, 0x74, 0x33, 0x2e, 0x31, 0x2f, 0x43, 0x6f, 0x6e, 0x76, 0x22, 0x04, 0x43, 0x6f, 0x6e,
    0x76, 0x2a, 0x12, 0x0a, 0x09, 0x64, 0x69, 0x6c, 0x61, 0x74, 0x69, 0x6f, 0x6e, 0x73, 0x40, 0x01,
    0x40, 0x01, 0xa0, 0x01, 0x07, 0x2a, 0x0c, 0x0a, 0x05, 0x67, 0x72, 0x6f, 0x75, 0x70, 0x18, 0x01,
    0xa0, 0x01, 0x02, 0x2a, 0x15, 0x0a, 0x0c, 0x6b, 0x65, 0x72, 0x6e, 0x65, 0x6c, 0x5f, 0x73, 0x68,
    0x61, 0x70, 0x65, 0x40, 0x01, 0x40, 0x01, 0xa0, 0x01, 0x07, 0x2a, 0x11, 0x0a, 0x04, 0x70, 0x61,
    0x64, 0x73, 0x40, 0x00, 0x40, 0x00, 0x40, 0x00, 0x40, 0x00, 0xa0, 0x01, 0x07, 0x2a, 0x10, 0x0a,
    0x07, 0x73, 0x74, 0x72, 0x69, 0x64, 0x65, 0x73, 0x40, 0x01, 0x40, 0x01, 0xa0, 0x01, 0x07, 0x0a,
    0x75, 0x0a, 0x26, 0x2f, 0x65, 0x72, 0x62, 0x5f, 0x64, 0x65, 0x63, 0x2f, 0x63, 0x6f, 0x6e, 0x76,
    0x74, 0x33, 0x2f, 0x63, 0x6f, 0x6e, 0x76, 0x74, 0x33, 0x2e, 0x31, 0x2f, 0x43, 0x6f, 0x6e, 0x76,
    0x5f, 0x6f, 0x75, 0x74, 0x70, 0x75, 0x74, 0x5f, 0x30, 0x12, 0x26, 0x2f, 0x65, 0x72, 0x62, 0x5f,
    0x64, 0x65, 0x63, 0x2f, 0x63, 0x6f, 0x6e, 0x76, 0x74, 0x33, 0x2f, 0x63, 0x6f, 0x6e, 0x76, 0x74,
    0x33, 0x2e, 0x33, 0x2f, 0x52, 0x65, 0x6c, 0x75, 0x5f, 0x6f, 0x75, 0x74, 0x70, 0x75, 0x74, 0x5f,
    0x30, 0x1a, 0x1d, 0x2f, 0x65, 0x72, 0x62, 0x5f, 0x64, 0x65, 0x63, 0x2f, 0x63, 0x6f, 0x6e, 0x76,
    0x74, 0x33, 0x2f, 0x63, 0x6f, 0x6e, 0x76, 0x74, 0x33, 0x2e, 0x33, 0x2f, 0x52, 0x65, 0x6c, 0x75,
    0x22, 0x04, 0x52, 0x65, 0x6c, 0x75, 0x0a, 0xf7, 0x01, 0x0a, 0x28, 0x2f, 0x65, 0x6e, 0x63, 0x2f,
    0x65, 0x72, 0x62, 0x5f, 0x63, 0x6f, 0x6e, 0x76, 0x32, 0x2f, 0x65, 0x72, 0x62, 0x5f, 0x63, 0x6f,
    0x6e, 0x76, 0x32, 0x2e, 0x33, 0x2f, 0x52, 0x65, 0x6c, 0x75, 0x5f, 0x6f, 0x75, 0x74, 0x70, 0x75,
    0x74, 0x5f, 0x30, 0x0a, 0x0f, 0x6f, 0x6e, 0x6e, 0x78, 0x3a, 0x3a, 0x43, 0x6f, 0x6e, 0x76, 0x5f,
    0x31, 0x30, 0x32, 0x32, 0x0a, 0x0f, 0x6f, 0x6e, 0x6e, 0x78, 0x3a, 0x3a, 0x43, 0x6f, 0x6e, 0x76,
    0x5f, 0x31, 0x30, 0x32, 0x33, 0x12, 0x26, 0x2f, 0x65, 0x72, 0x62, 0x5f, 0x64, 0x65, 0x63, 0x2f,
    0x63, 0x6f, 0x6e, 0x76, 0x32, 0x70, 0x2f, 0x63, 0x6f, 0x6e, 0x76, 0x32, 0x70, 0x2e, 0x30, 0x2f,
    0x43, 0x6f, 0x6e, 0x76, 0x5f, 0x6f, 0x75, 0x74, 0x70, 0x75, 0x74, 0x5f, 0x30, 0x1a, 0x1d, 0x2f,
    0x65, 0x72, 0x62, 0x5f, 0x64, 0x65, 0x63, 0x2f, 0x63, 0x6f, 0x6e, 0x76, 0x32, 0x70, 0x2f, 0x63,
    0x6f, 0x6e, 0x76, 0x32, 0x70, 0x2e, 0x30, 0x2f, 0x43, 0x6f, 0x6e, 0x76, 0x22, 0x04, 0x43, 0x6f,
    0x6e, 0x76, 0x2a, 0x12, 0x0a, 0x09, 0x64, 0x69, 0x6c, 0x61, 0x74, 0x69, 0x6f, 0x6e, 0x73, 0x40,
    0x01, 0x40, 0x01, 0xa0, 0x01, 0x07, 0x2a, 0x0c, 0x0a, 0x05, 0x67, 0x72, 0x6f, 0x75, 0x70, 0x18,
    0x40, 0xa0, 0x01, 0x02, 0x2a, 0x15, 0x0a, 0x0c, 0x6b, 0x65, 0x72, 0x6e, 0x65, 0x6c, 0x5f, 0x73,
    0x68, 0x61, 0x70, 0x65, 0x40, 0x01, 0x40, 0x01, 0xa0, 0x01, 0x07, 0x2a, 0x11, 0x0a, 0x04, 0x70,
    0x61, 0x64, 0x73, 0x40, 0x00, 0x40, 0x00, 0x40, 0x00, 0x40, 0x00, 0xa0, 0x01, 0x07, 0x2a, 0x10,
    0x0a, 0x07, 0x73, 0x74, 0x72, 0x69, 0x64, 0x65, 0x73, 0x40, 0x01, 0x40, 0x01, 0xa0, 0x01, 0x07,
    0x0a, 0x75, 0x0a, 0x26, 0x2f, 0x65, 0x72, 0x62, 0x5f, 0x64, 0x65, 0x63, 0x2f, 0x63, 0x6f, 0x6e,
    0x76, 0x32, 0x70, 0x2f, 0x63, 0x6f, 0x6e, 0x76, 0x32, 0x70, 0x2e, 0x30, 0x2f, 0x43, 0x6f, 0x6e,
    0x76, 0x5f, 0x6f, 0x75, 0x74, 0x70, 0x75, 0x74, 0x5f, 0x30, 0x12, 0x26, 0x2f, 0x65, 0x72, 0x62,
    0x5f, 0x64, 0x65, 0x63, 0x2f, 0x63, 0x6f, 0x6e, 0x76, 0x32, 0x70, 0x2f, 0x63, 0x6f, 0x6e, 0x76,
    0x32, 0x70, 0x2e, 0x32, 0x2f, 0x52, 0x65, 0x6c, 0x75, 0x5f, 0x6f, 0x75, 0x74, 0x70, 0x75, 0x74,
    0x5f, 0x30, 0x1a, 0x1d, 0x2f, 0x65, 0x72, 0x62, 0x5f, 0x64, 0x65, 0x63, 0x2f, 0x63, 0x6f, 0x6e,
    0x76, 0x32, 0x70, 0x2f, 0x63, 0x6f, 0x6e, 0x76, 0x32, 0x70, 0x2e, 0x32, 0x2f, 0x52, 0x65, 0x6c,
    0x75, 0x22, 0x04, 0x52, 0x65, 0x6c, 0x75, 0x0a, 0x7e, 0x0a, 0x26, 0x2f, 0x65, 0x72, 0x62, 0x5f,
    0x64, 0x65, 0x63, 0x2f, 0x63, 0x6f, 0x6e, 0x76, 0x32, 0x70, 0x2f, 0x63, 0x6f, 0x6e, 0x76, 0x32,
    0x70, 0x2e, 0x32, 0x2f, 0x52, 0x65, 0x6c, 0x75, 0x5f, 0x6f, 0x75, 0x74, 0x70, 0x75, 0x74, 0x5f,
    0x30, 0x0a, 0x26, 0x2f, 0x65, 0x72, 0x62, 0x5f, 0x64, 0x65, 0x63, 0x2f, 0x63, 0x6f, 0x6e, 0x76,
    0x74, 0x33, 0x2f, 0x63, 0x6f, 0x6e, 0x76, 0x74, 0x33, 0x2e, 0x33, 0x2f, 0x52, 0x65, 0x6c, 0x75,
    0x5f, 0x6f, 0x75, 0x74, 0x70, 0x75, 0x74, 0x5f, 0x30, 0x12, 0x17, 0x2f, 0x65, 0x72, 0x62, 0x5f,
    0x64, 0x65, 0x63, 0x2f, 0x41, 0x64, 0x64, 0x5f, 0x31, 0x5f, 0x6f, 0x75, 0x74, 0x70, 0x75, 0x74,
    0x5f, 0x30, 0x1a, 0x0e, 0x2f, 0x65, 0x72, 0x62, 0x5f, 0x64, 0x65, 0x63, 0x2f, 0x41, 0x64, 0x64,
    0x5f, 0x31, 0x22, 0x03, 0x41, 0x64, 0x64, 0x0a, 0x91, 0x02, 0x0a, 0x17, 0x2f, 0x65, 0x72, 0x62,
    0x5f, 0x64, 0x65, 0x63, 0x2f, 0x41, 0x64, 0x64, 0x5f, 0x31, 0x5f, 0x6f, 0x75, 0x74, 0x70, 0x75,
    0x74, 0x5f, 0x30, 0x0a, 0x17, 0x65, 0x72, 0x62, 0x5f, 0x64, 0x65, 0x63, 0x2e, 0x63, 0x6f, 0x6e,
    0x76, 0x74, 0x32, 0x2e, 0x30, 0x2e, 0x77, 0x65, 0x69, 0x67, 0x68, 0x74, 0x12, 0x2f, 0x2f, 0x65,
    0x72, 0x62, 0x5f, 0x64, 0x65, 0x63, 0x2f, 0x63, 0x6f, 0x6e, 0x76, 0x74, 0x32, 0x2f, 0x63, 0x6f,
    0x6e, 0x76, 0x74, 0x32, 0x2e, 0x30, 0x2f, 0x43, 0x6f, 0x6e, 0x76, 0x54, 0x72, 0x61, 0x6e, 0x73,
    0x70, 0x6f, 0x73, 0x65, 0x5f, 0x6f, 0x75, 0x74, 0x70, 0x75, 0x74, 0x5f, 0x30, 0x1a, 0x26, 0x2f,
    0x65, 0x72, 0x62, 0x5f, 0x64, 0x65, 0x63, 0x2f, 0x63, 0x6f, 0x6e, 0x76, 0x74, 0x32, 0x2f, 0x63,
    0x6f, 0x6e, 0x76, 0x74, 0x32, 0x2e, 0x30, 0x2f, 0x43, 0x6f, 0x6e, 0x76, 0x54, 0x72, 0x61, 0x6e,
    0x73, 0x70, 0x6f, 0x73, 0x65, 0x22, 0x0d, 0x43, 0x6f, 0x6e, 0x76, 0x54, 0x72, 0x61, 0x6e, 0x73,
    0x70, 0x6f, 0x73, 0x65, 0x2a, 0x12, 0x0a, 0x09, 0x64, 0x69, 0x6c, 0x61, 0x74, 0x69, 0x6f, 0x6e,
    0x73, 0x40, 0x01, 0x40, 0x01, 0xa0, 0x01, 0x07, 0x2a, 0x0c, 0x0a, 0x05, 0x67, 0x72, 0x6f, 0x75,
    0x70, 0x18, 0x40, 0xa0, 0x01, 0x02, 0x2a, 0x15, 0x0a, 0x0c, 0x6b, 0x65, 0x72, 0x6e, 0x65, 0x6c,
    0x5f, 0x73, 0x68, 0x61, 0x70, 0x65, 0x40, 0x01, 0x40, 0x03, 0xa0, 0x01, 0x07, 0x2a, 0x17, 0x0a,
    0x0e, 0x6f, 0x75, 0x74, 0x70, 0x75, 0x74, 0x5f, 0x70, 0x61, 0x64, 0x64, 0x69, 0x6e, 0x67, 0x40,
    0x00, 0x40, 0x01, 0xa0, 0x01, 0x07, 0x2a, 0x11, 0x0a, 0x04, 0x70, 0x61, 0x64, 0x73, 0x40, 0x00,
    0x40, 0x01, 0x40, 0x00, 0x40, 0x01, 0xa0, 0x01, 0x07, 0x2a, 0x10, 0x0a, 0x07, 0x73, 0x74, 0x72,
    0x69, 0x64, 0x65, 0x73, 0x40, 0x01, 0x40, 0x02, 0xa0, 0x01, 0x07, 0x0a, 0xfe, 0x01, 0x0a, 0x2f,
    0x2f, 0x65, 0x72, 0x62, 0x5f, 0x64, 0x65, 0x63, 0x2f, 0x63, 0x6f, 0x6e, 0x76, 0x74, 0x32, 0x2f,
    0x63, 0x6f, 0x6e, 0x76, 0x74, 0x32, 0x2e, 0x30, 0x2f, 0x43, 0x6f, 0x6e, 0x76, 0x54, 0x72, 0x61,
    0x6e, 0x73, 0x70, 0x6f, 0x73, 0x65, 0x5f, 0x6f, 0x75, 0x74, 0x70, 0x75, 0x74, 0x5f, 0x30, 0x0a,
    0x0f, 0x6f, 0x6e, 0x6e, 0x78, 0x3a, 0x3a, 0x43, 0x6f, 0x6e, 0x76, 0x5f, 0x31, 0x30, 0x32, 0x35,
    0x0a, 0x0f, 0x6f, 0x6e, 0x6e, 0x78, 0x3a, 0x3a, 0x43, 0x6f, 0x6e, 0x76, 0x5f, 0x31, 0x30, 0x32,
    0x36, 0x12, 0x26, 0x2f, 0x65, 0x72, 0x62, 0x5f, 0x64, 0x65, 0x63, 0x2f, 0x63, 0x6f, 0x6e, 0x76,
    0x74, 0x32, 0x2f, 0x63, 0x6f, 0x6e, 0x76, 0x74, 0x32, 0x2e, 0x31, 0x2f, 0x43, 0x6f, 0x6e, 0x76,
    0x5f, 0x6f, 0x75, 0x74, 0x70, 0x75, 0x74, 0x5f, 0x30, 0x1a, 0x1d, 0x2f, 0x65, 0x72, 0x62, 0x5f,
    0x64, 0x65, 0x63, 0x2f, 0x63, 0x6f, 0x6e, 0x76, 0x74, 0x32, 0x2f, 0x63, 0x6f, 0x6e, 0x76, 0x74,
    0x32, 0x2e, 0x31, 0x2f, 0x43, 0x6f, 0x6e, 0x76, 0x22, 0x04, 0x43, 0x6f, 0x6e, 0x76, 0x2a, 0x12,
    0x0a, 0x09, 0x64, 0x69, 0x6c, 0x61, 0x74, 0x69, 0x6f, 0x6e, 0x73, 0x40, 0x01, 0x40, 0x01, 0xa0,
    0x01, 0x07, 0x2a, 0x0c, 0x0a, 0x05, 0x67, 0x72, 0x6f, 0x75, 0x70, 0x18, 0x01, 0xa0, 0x01, 0x02,
    0x2a, 0x15, 0x0a, 0x0c, 0x6b, 0x65, 0x72, 0x6e, 0x65, 0x6c, 0x5f, 0x73, 0x68, 0x61, 0x70, 0x65,
    0x40, 0x01, 0x40, 0x01, 0xa0, 0x01, 0x07, 0x2a, 0x11, 0x0a, 0x04, 0x70, 0x61, 0x64, 0x73, 0x40,
    0x00, 0x40, 0x00, 0x40, 0x00, 0x40, 0x00, 0xa0, 0x01, 0x07, 0x2a, 0x10, 0x0a, 0x07, 0x73, 0x74,
    0x72, 0x69, 0x64, 0x65, 0x73, 0x40, 0x01, 0x40, 0x01, 0xa0, 0x01, 0x07, 0x0a, 0x75, 0x0a, 0x26,
    0x2f, 0x65, 0x72, 0x62, 0x5f, 0x64, 0x65, 0x63, 0x2f, 0x63, 0x6f, 0x6e, 0x76, 0x74, 0x32, 0x2f,
    0x63, 0x6f, 0x6e, 0x76, 0x74, 0x32, 0x2e, 0x31, 0x2f, 0x43, 0x6f, 0x6e, 0x76, 0x5f, 0x6f, 0x75,
    0x74, 0x70, 0x75, 0x74, 0x5f, 0x30, 0x12, 0x26, 0x2f, 0x65, 0x72, 0x62, 0x5f, 0x64, 0x65, 0x63,
    0x2f, 0x63, 0x6f, 0x6e, 0x76, 0x74, 0x32, 0x2f, 0x63, 0x6f, 0x6e, 0x76, 0x74, 0x32, 0x2e, 0x33,
    0x2f, 0x52, 0x65, 0x6c, 0x75, 0x5f, 0x6f, 0x75, 0x74, 0x70, 0x75, 0x74, 0x5f, 0x30, 0x1a, 0x1d,
    0x2f, 0x65, 0x72, 0x62, 0x5f, 0x64, 0x65, 0x63, 0x2f, 0x63, 0x6f, 0x6e, 0x76, 0x74, 0x32, 0x2f,
    0x63, 0x6f, 0x6e, 0x76, 0x74, 0x32, 0x2e, 0x33, 0x2f, 0x52, 0x65, 0x6c, 0x75, 0x22, 0x04, 0x52,
    0x65, 0x6c, 0x75, 0x0a, 0xf7, 0x01, 0x0a, 0x28, 0x2f, 0x65, 0x6e, 0x63, 0x2f, 0x65, 0x72, 0x62,
    0x5f, 0x63, 0x6f, 0x6e, 0x76, 0x31, 0x2f, 0x65, 0x72, 0x62, 0x5f, 0x63, 0x6f, 0x6e, 0x76, 0x31,
    0x2e, 0x33, 0x2f, 0x52, 0x65, 0x6c, 0x75, 0x5f, 0x6f, 0x75, 0x74, 0x70, 0x75, 0x74, 0x5f, 0x30,
    0x0a, 0x0f, 0x6f, 0x6e, 0x6e, 0x78, 0x3a, 0x3a, 0x43, 0x6f, 0x6e, 0x76, 0x5f, 0x31, 0x30, 0x32,
    0x38, 0x0a, 0x0f, 0x6f, 0x6e, 0x6e, 0x78, 0x3a, 0x3a, 0x43, 0x6f, 0x6e, 0x76, 0x5f, 0x31, 0x30,
    0x32, 0x39, 0x12, 0x26, 0x2f, 0x65, 0x72, 0x62, 0x5f, 0x64, 0x65, 0x63, 0x2f, 0x63, 0x6f, 0x6e,
    0x76, 0x31, 0x70, 0x2f, 0x63, 0x6f, 0x6e, 0x76, 0x31, 0x70, 0x2e, 0x30, 0x2f, 0x43, 0x6f, 0x6e,
    0x76, 0x5f, 0x6f, 0x75, 0x74, 0x70, 0x75, 0x74, 0x5f, 0x30, 0x1a, 0x1d, 0x2f, 0x65, 0x72, 0x62,
    0x5f, 0x64, 0x65, 0x63, 0x2f, 0x63, 0x6f, 0x6e, 0x76, 0x31, 0x70, 0x2f, 0x63, 0x6f, 0x6e, 0x76,
    0x31, 0x70, 0x2e, 0x30, 0x2f, 0x43, 0x6f, 0x6e, 0x76, 0x22, 0x04, 0x43, 0x6f, 0x6e, 0x76, 0x2a,
    0x12, 0x0a, 0x09, 0x64, 0x69, 0x6c, 0x61, 0x74, 0x69, 0x6f, 0x6e, 0x73, 0x40, 0x01, 0x40, 0x01,
    0xa0, 0x01, 0x07, 0x2a, 0x0c, 0x0a, 0x05, 0x67, 0x72, 0x6f, 0x75, 0x70, 0x18, 0x40, 0xa0, 0x01,
    0x02, 0x2a, 0x15, 0x0a, 0x0c, 0x6b, 0x65, 0x72, 0x6e, 0x65, 0x6c, 0x5f, 0x73, 0x68, 0x61, 0x70,
    0x65, 0x40, 0x01, 0x40, 0x01, 0xa0, 0x01, 0x07, 0x2a, 0x11, 0x0a, 0x04, 0x70, 0x61, 0x64, 0x73,
    0x40, 0x00, 0x40, 0x00, 0x40, 0x00, 0x40, 0x00, 0xa0, 0x01, 0x07, 0x2a, 0x10, 0x0a, 0x07, 0x73,
    0x74, 0x72, 0x69, 0x64, 0x65, 0x73, 0x40, 0x01, 0x40, 0x01, 0xa0, 0x01, 0x07, 0x0a, 0x75, 0x0a,
    0x26, 0x2f, 0x65, 0x72, 0x62, 0x5f, 0x64, 0x65, 0x63, 0x2f, 0x63, 0x6f, 0x6e, 0x76, 0x31, 0x70,
    0x2f, 0x63, 0x6f, 0x6e, 0x76, 0x31, 0x70, 0x2e, 0x30, 0x2f, 0x43, 0x6f, 0x6e, 0x76, 0x5f, 0x6f,
    0x75, 0x74, 0x70, 0x75, 0x74, 0x5f, 0x30, 0x12, 0x26, 0x2f, 0x65, 0x72, 0x62, 0x5f, 0x64, 0x65,
    0x63, 0x2f, 0x63, 0x6f, 0x6e, 0x76, 0x31, 0x70, 0x2f, 0x63, 0x6f, 0x6e, 0x76, 0x31, 0x70, 0x2e,
    0x32, 0x2f, 0x52, 0x65, 0x6c, 0x75, 0x5f, 0x6f, 0x75, 0x74, 0x70, 0x75, 0x74, 0x5f, 0x30, 0x1a,
    0x1d, 0x2f, 0x65, 0x72, 0x62, 0x5f, 0x64, 0x65, 0x63, 0x2f, 0x63, 0x6f, 0x6e, 0x76, 0x31, 0x70,
    0x2f, 0x63, 0x6f, 0x6e, 0x76, 0x31, 0x70, 0x2e, 0x32, 0x2f, 0x52, 0x65, 0x6c, 0x75, 0x22, 0x04,
    0x52, 0x65, 0x6c, 0x75, 0x0a, 0x7e, 0x0a, 0x26, 0x2f, 0x65, 0x72, 0x62, 0x5f, 0x64, 0x65, 0x63,
    0x2f, 0x63, 0x6f, 0x6e, 0x76, 0x31, 0x70, 0x2f, 0x63, 0x6f, 0x6e, 0x76, 0x31, 0x70, 0x2e, 0x32,
    0x2f, 0x52, 0x65, 0x6c, 0x75, 0x5f, 0x6f, 0x75, 0x74, 0x70, 0x75, 0x74, 0x5f, 0x30, 0x0a, 0x26,
    0x2f, 0x65, 0x72, 0x62, 0x5f, 0x64, 0x65, 0x63, 0x2f, 0x63, 0x6f, 0x6e, 0x76, 0x74, 0x32, 0x2f,
    0x63, 0x6f, 0x6e, 0x76, 0x74, 0x32, 0x2e, 0x33, 0x2f, 0x52, 0x65, 0x6c, 0x75, 0x5f, 0x6f, 0x75,
    0x74, 0x70, 0x75, 0x74, 0x5f, 0x30, 0x12, 0x17, 0x2f, 0x65, 0x72, 0x62, 0x5f, 0x64, 0x65, 0x63,
    0x2f, 0x41, 0x64, 0x64, 0x5f, 0x32, 0x5f, 0x6f, 0x75, 0x74, 0x70, 0x75, 0x74, 0x5f, 0x30, 0x1a,
    0x0e, 0x2f, 0x65, 0x72, 0x62, 0x5f, 0x64, 0x65, 0x63, 0x2f, 0x41, 0x64, 0x64, 0x5f, 0x32, 0x22,
    0x03, 0x41, 0x64, 0x64, 0x0a, 0x91, 0x02, 0x0a, 0x17, 0x2f, 0x65, 0x72, 0x62, 0x5f, 0x64, 0x65,
    0x63, 0x2f, 0x41, 0x64, 0x64, 0x5f, 0x32, 0x5f, 0x6f, 0x75, 0x74, 0x70, 0x75, 0x74, 0x5f, 0x30,
    0x0a, 0x17, 0x65, 0x72, 0x62, 0x5f, 0x64, 0x65, 0x63, 0x2e, 0x63, 0x6f, 0x6e, 0x76, 0x74, 0x31,
    0x2e, 0x30, 0x2e, 0x77, 0x65, 0x69, 0x67, 0x68, 0x74, 0x12, 0x2f, 0x2f, 0x65, 0x72, 0x62, 0x5f,
    0x64, 0x65, 0x63, 0x2f, 0x63, 0x6f, 0x6e, 0x76, 0x74, 0x31, 0x2f, 0x63, 0x6f, 0x6e, 0x76, 0x74,
    0x31, 0x2e, 0x30, 0x2f, 0x43, 0x6f, 0x6e, 0x76, 0x54, 0x72, 0x61, 0x6e, 0x73, 0x70, 0x6f, 0x73,
    0x65, 0x5f, 0x6f, 0x75, 0x74, 0x70, 0x75, 0x74, 0x5f, 0x30, 0x1a, 0x26, 0x2f, 0x65, 0x72, 0x62,
    0x5f, 0x64, 0x65, 0x63, 0x2f, 0x63, 0x6f, 0x6e, 0x76, 0x74, 0x31, 0x2f, 0x63, 0x6f, 0x6e, 0x76,
    0x74, 0x31, 0x2e, 0x30, 0x2f, 0x43, 0x6f, 0x6e, 0x76, 0x54, 0x72, 0x61, 0x6e, 0x73, 0x70, 0x6f,
    0x73, 0x65, 0x22, 0x0d, 0x43, 0x6f, 0x6e, 0x76, 0x54, 0x72, 0x61, 0x6e, 0x73, 0x70, 0x6f, 0x73,
    0x65, 0x2a, 0x12, 0x0a, 0x09, 0x64, 0x69, 0x6c, 0x61, 0x74, 0x69, 0x6f, 0x6e, 0x73, 0x40, 0x01,
    0x40, 0x01, 0xa0, 0x01, 0x07, 0x2a, 0x0c, 0x0a, 0x05, 0x67, 0x72, 0x6f, 0x75, 0x70, 0x18, 0x40,
    0xa0, 0x01, 0x02, 0x2a, 0x15, 0x0a, 0x0c, 0x6b, 0x65, 0x72, 0x6e, 0x65, 0x6c, 0x5f, 0x73, 0x68,
    0x61, 0x70, 0x65, 0x40, 0x01, 0x40, 0x03, 0xa0, 0x01, 0x07, 0x2a, 0x17, 0x0a, 0x0e, 0x6f, 0x75,
    0x74, 0x70, 0x75, 0x74, 0x5f, 0x70, 0x61, 0x64, 0x64, 0x69, 0x6e, 0x67, 0x40, 0x00, 0x40, 0x01,
    0xa0, 0x01, 0x07, 0x2a, 0x11, 0x0a, 0x04, 0x70, 0x61, 0x64, 0x73, 0x40, 0x00, 0x40, 0x01, 0x40,
    0x00, 0x40, 0x01, 0xa0, 0x01, 0x07, 0x2a, 0x10, 0x0a, 0x07, 0x73, 0x74, 0x72, 0x69, 0x64, 0x65,
    0x73, 0x40, 0x01, 0x40, 0x02, 0xa0, 0x01, 0x07, 0x0a, 0xfe, 0x01, 0x0a, 0x2f, 0x2f, 0x65, 0x72,
    0x62, 0x5f, 0x64, 0x65, 0x63, 0x2f, 0x63, 0x6f, 0x6e, 0x76, 0x74, 0x31, 0x2f, 0x63, 0x6f, 0x6e,
    0x76, 0x74, 0x31, 0x2e, 0x30, 0x2f, 0x43, 0x6f, 0x6e, 0x76, 0x54, 0x72, 0x61, 0x6e, 0x73, 0x70,
    0x6f, 0x73, 0x65, 0x5f, 0x6f, 0x75, 0x74, 0x70, 0x75, 0x74, 0x5f, 0x30, 0x0a, 0x0f, 0x6f, 0x6e,
    0x6e, 0x78, 0x3a, 0x3a, 0x43, 0x6f, 0x6e, 0x76, 0x5f, 0x31, 0x30, 0x33, 0x31, 0x0a, 0x0f, 0x6f,
    0x6e, 0x6e, 0x78, 0x3a, 0x3a, 0x43, 0x6f, 0x6e, 0x76, 0x5f, 0x31, 0x30, 0x33, 0x32, 0x12, 0x26,
    0x2f, 0x65, 0x72, 0x62, 0x5f, 0x64, 0x65, 0x63, 0x2f, 0x63, 0x6f, 0x6e, 0x76, 0x74, 0x31, 0x2f,
    0x63, 0x6f, 0x6e, 0x76, 0x74, 0x31, 0x2e, 0x31, 0x2f, 0x43, 0x6f, 0x6e, 0x76, 0x5f, 0x6f, 0x75,
    0x74, 0x70, 0x75, 0x74, 0x5f, 0x30, 0x1a, 0x1d, 0x2f, 0x65, 0x72, 0x62, 0x5f, 0x64, 0x65, 0x63,
    0x2f, 0x63, 0x6f, 0x6e, 0x76, 0x74, 0x31, 0x2f, 0x63, 0x6f, 0x6e, 0x76, 0x74, 0x31, 0x2e, 0x31,
    0x2f, 0x43, 0x6f, 0x6e, 0x76, 0x22, 0x04, 0x43, 0x6f, 0x6e, 0x76, 0x2a, 0x12, 0x0a, 0x09, 0x64,
    0x69, 0x6c, 0x61, 0x74, 0x69, 0x6f, 0x6e, 0x73, 0x40, 0x01, 0x40, 0x01, 0xa0, 0x01, 0x07, 0x2a,
    0x0c, 0x0a, 0x05, 0x67, 0x72, 0x6f, 0x75, 0x70, 0x18, 0x01, 0xa0, 0x01, 0x02, 0x2a, 0x15, 0x0a,
    0x0c, 0x6b, 0x65, 0x72, 0x6e, 0x65, 0x6c, 0x5f, 0x73, 0x68, 0x61, 0x70, 0x65, 0x40, 0x01, 0x40,
    0x01, 0xa0, 0x01, 0x07, 0x2a, 0x11, 0x0a, 0x04, 0x70, 0x61, 0x64, 0x73, 0x40, 0x00, 0x40, 0x00,
    0x40, 0x00, 0x40, 0x00, 0xa0, 0x01, 0x07, 0x2a, 0x10, 0x0a, 0x07, 0x73, 0x74, 0x72, 0x69, 0x64,
    0x65, 0x73, 0x40, 0x01, 0x40, 0x01, 0xa0, 0x01, 0x07, 0x0a, 0x75, 0x0a, 0x26, 0x2f, 0x65, 0x72,
    0x62, 0x5f, 0x64, 0x65, 0x63, 0x2f, 0x63, 0x6f, 0x6e, 0x76, 0x74, 0x31, 0x2f, 0x63, 0x6f, 0x6e,
    0x76, 0x74, 0x31, 0x2e, 0x31, 0x2f, 0x43, 0x6f, 0x6e, 0x76, 0x5f, 0x6f, 0x75, 0x74, 0x70, 0x75,
    0x74, 0x5f, 0x30, 0x12, 0x26, 0x2f, 0x65, 0x72, 0x62, 0x5f, 0x64, 0x65, 0x63, 0x2f, 0x63, 0x6f,
    0x6e, 0x76, 0x74, 0x31, 0x2f, 0x63, 0x6f, 0x6e, 0x76, 0x74, 0x31, 0x2e, 0x33, 0x2f, 0x52, 0x65,
    0x6c, 0x75, 0x5f, 0x6f, 0x75, 0x74, 0x70, 0x75, 0x74, 0x5f, 0x30, 0x1a, 0x1d, 0x2f, 0x65, 0x72,
    0x62, 0x5f, 0x64, 0x65, 0x63, 0x2f, 0x63, 0x6f, 0x6e, 0x76, 0x74, 0x31, 0x2f, 0x63, 0x6f, 0x6e,
    0x76, 0x74, 0x31, 0x2e, 0x33, 0x2f, 0x52, 0x65, 0x6c, 0x75, 0x22, 0x04, 0x52, 0x65, 0x6c, 0x75,
    0x0a, 0xf7, 0x01, 0x0a, 0x28, 0x2f, 0x65, 0x6e, 0x63, 0x2f, 0x65, 0x72, 0x62, 0x5f, 0x63, 0x6f,
    0x6e, 0x76, 0x30, 0x2f, 0x65, 0x72, 0x62, 0x5f, 0x63, 0x6f, 0x6e, 0x76, 0x30, 0x2e, 0x33, 0x2f,
    0x52, 0x65, 0x6c, 0x75, 0x5f, 0x6f, 0x75, 0x74, 0x70, 0x75, 0x74, 0x5f, 0x30, 0x0a, 0x0f, 0x6f,
    0x6e, 0x6e, 0x78, 0x3a, 0x3a, 0x43, 0x6f, 0x6e, 0x76, 0x5f, 0x31, 0x30, 0x33, 0x34, 0x0a, 0x0f,
    0x6f, 0x6e, 0x6e, 0x78, 0x3a, 0x3a, 0x43, 0x6f, 0x6e, 0x76, 0x5f, 0x31, 0x30, 0x33, 0x35, 0x12,
    0x26, 0x2f, 0x65, 0x72, 0x62, 0x5f, 0x64, 0x65, 0x63, 0x2f, 0x63, 0x6f, 0x6e, 0x76, 0x30, 0x70,
    0x2f, 0x63, 0x6f, 0x6e, 0x76, 0x30, 0x70, 0x2e, 0x30, 0x2f, 0x43, 0x6f, 0x6e, 0x76, 0x5f, 0x6f,
    0x75, 0x74, 0x70, 0x75, 0x74, 0x5f, 0x30, 0x1a, 0x1d, 0x2f, 0x65, 0x72, 0x62, 0x5f, 0x64, 0x65,
    0x63, 0x2f, 0x63, 0x6f, 0x6e, 0x76, 0x30, 0x70, 0x2f, 0x63, 0x6f, 0x6e, 0x76, 0x30, 0x70, 0x2e,
    0x30, 0x2f, 0x43, 0x6f, 0x6e, 0x76, 0x22, 0x04, 0x43, 0x6f, 0x6e, 0x76, 0x2a, 0x12, 0x0a, 0x09,
    0x64, 0x69, 0x6c, 0x61, 0x74, 0x69, 0x6f, 0x6e, 0x73, 0x40, 0x01, 0x40, 0x01, 0xa0, 0x01, 0x07,
    0x2a, 0x0c, 0x0a, 0x05, 0x67, 0x72, 0x6f, 0x75, 0x70, 0x18, 0x40, 0xa0, 0x01, 0x02, 0x2a, 0x15,
    0x0a, 0x0c, 0x6b, 0x65, 0x72, 0x6e, 0x65, 0x6c, 0x5f, 0x73, 0x68, 0x61, 0x70, 0x65, 0x40, 0x01,
    0x40, 0x01, 0xa0, 0x01, 0x07, 0x2a, 0x11, 0x0a, 0x04, 0x70, 0x61, 0x64, 0x73, 0x40, 0x00, 0x40,
    0x00, 0x40, 0x00, 0x40, 0x00, 0xa0, 0x01, 0x07, 0x2a, 0x10, 0x0a, 0x07, 0x73, 0x74, 0x72, 0x69,
    0x64, 0x65, 0x73, 0x40, 0x01, 0x40, 0x01, 0xa0, 0x01, 0x07, 0x0a, 0x75, 0x0a, 0x26, 0x2f, 0x65,
    0x72, 0x62, 0x5f, 0x64, 0x65, 0x63, 0x2f, 0x63, 0x6f, 0x6e, 0x76, 0x30, 0x70, 0x2f, 0x63, 0x6f,
    0x6e, 0x76, 0x30, 0x70, 0x2e, 0x30, 0x2f, 0x43, 0x6f, 0x6e, 0x76, 0x5f, 0x6f, 0x75, 0x74, 0x70,
    0x75, 0x74, 0x5f, 0x30, 0x12, 0x26, 0x2f, 0x65, 0x72, 0x62, 0x5f, 0x64, 0x65, 0x63, 0x2f, 0x63,
    0x6f, 0x6e, 0x76, 0x30, 0x70, 0x2f, 0x63, 0x6f, 0x6e, 0x76, 0x30, 0x70, 0x2e, 0x32, 0x2f, 0x52,
    0x65, 0x6c, 0x75, 0x5f, 0x6f, 0x75, 0x74, 0x70, 0x75, 0x74, 0x5f, 0x30, 0x1a, 0x1d, 0x2f, 0x65,
    0x72, 0x62, 0x5f, 0x64, 0x65, 0x63, 0x2f, 0x63, 0x6f, 0x6e, 0x76, 0x30, 0x70, 0x2f, 0x63, 0x6f,
    0x6e, 0x76, 0x30, 0x70, 0x2e, 0x32, 0x2f, 0x52, 0x65, 0x6c, 0x75, 0x22, 0x04, 0x52, 0x65, 0x6c,
    0x75, 0x0a, 0x7e, 0x0a, 0x26, 0x2f, 0x65, 0x72, 0x62, 0x5f, 0x64, 0x65, 0x63, 0x2f, 0x63, 0x6f,
    0x6e, 0x76, 0x30, 0x70, 0x2f, 0x63, 0x6f, 0x6e, 0x76, 0x30, 0x70, 0x2e, 0x32, 0x2f, 0x52, 0x65,
    0x6c, 0x75, 0x5f, 0x6f, 0x75, 0x74, 0x70, 0x75, 0x74, 0x5f, 0x30, 0x0a, 0x26, 0x2f, 0x65, 0x72,
    0x62, 0x5f, 0x64, 0x65, 0x63, 0x2f, 0x63, 0x6f, 0x6e, 0x76, 0x74, 0x31, 0x2f, 0x63, 0x6f, 0x6e,
    0x76, 0x74, 0x31, 0x2e, 0x33, 0x2f, 0x52, 0x65, 0x6c, 0x75, 0x5f, 0x6f, 0x75, 0x74, 0x70, 0x75,
    0x74, 0x5f, 0x30, 0x12, 0x17, 0x2f, 0x65, 0x72, 0x62, 0x5f, 0x64, 0x65, 0x63, 0x2f, 0x41, 0x64,
    0x64, 0x5f, 0x33, 0x5f, 0x6f, 0x75, 0x74, 0x70, 0x75, 0x74, 0x5f, 0x30, 0x1a, 0x0e, 0x2f, 0x65,
    0x72, 0x62, 0x5f, 0x64, 0x65, 0x63, 0x2f, 0x41, 0x64, 0x64, 0x5f, 0x33, 0x22, 0x03, 0x41, 0x64,
    0x64, 0x0a, 0xf2, 0x01, 0x0a, 0x17, 0x2f, 0x65, 0x72, 0x62, 0x5f, 0x64, 0x65, 0x63, 0x2f, 0x41,
    0x64, 0x64, 0x5f, 0x33, 0x5f, 0x6f, 0x75, 0x74, 0x70, 0x75, 0x74, 0x5f, 0x30, 0x0a, 0x0f, 0x6f,
    0x6e, 0x6e, 0x78, 0x3a, 0x3a, 0x43, 0x6f, 0x6e, 0x76, 0x5f, 0x31, 0x30, 0x33, 0x37, 0x0a, 0x0f,
    0x6f, 0x6e, 0x6e, 0x78, 0x3a, 0x3a, 0x43, 0x6f, 0x6e, 0x76, 0x5f, 0x31, 0x30, 0x33, 0x38, 0x12,
    0x2c, 0x2f, 0x65, 0x72, 0x62, 0x5f, 0x64, 0x65, 0x63, 0x2f, 0x63, 0x6f, 0x6e, 0x76, 0x30, 0x5f,
    0x6f, 0x75, 0x74, 0x2f, 0x63, 0x6f, 0x6e, 0x76, 0x30, 0x5f, 0x6f, 0x75, 0x74, 0x2e, 0x30, 0x2f,
    0x43, 0x6f, 0x6e, 0x76, 0x5f, 0x6f, 0x75, 0x74, 0x70, 0x75, 0x74, 0x5f, 0x30, 0x1a, 0x23, 0x2f,
    0x65, 0x72, 0x62, 0x5f, 0x64, 0x65, 0x63, 0x2f, 0x63, 0x6f, 0x6e, 0x76, 0x30, 0x5f, 0x6f, 0x75,
    0x74, 0x2f, 0x63, 0x6f, 0x6e, 0x76, 0x30, 0x5f, 0x6f, 0x75, 0x74, 0x2e, 0x30, 0x2f, 0x43, 0x6f,
    0x6e, 0x76, 0x22, 0x04, 0x43, 0x6f, 0x6e, 0x76, 0x2a, 0x12, 0x0a, 0x09, 0x64, 0x69, 0x6c, 0x61,
    0x74, 0x69, 0x6f, 0x6e, 0x73, 0x40, 0x01, 0x40, 0x01, 0xa0, 0x01, 0x07, 0x2a, 0x0c, 0x0a, 0x05,
    0x67, 0x72, 0x6f, 0x75, 0x70, 0x18, 0x01, 0xa0, 0x01, 0x02, 0x2a, 0x15, 0x0a, 0x0c, 0x6b, 0x65,
    0x72, 0x6e, 0x65, 0x6c, 0x5f, 0x73, 0x68, 0x61, 0x70, 0x65, 0x40, 0x01, 0x40, 0x03, 0xa0, 0x01,
    0x07, 0x2a, 0x11, 0x0a, 0x04, 0x70, 0x61, 0x64, 0x73, 0x40, 0x00, 0x40, 0x01, 0x40, 0x00, 0x40,
    0x01, 0xa0, 0x01, 0x07, 0x2a, 0x10, 0x0a, 0x07, 0x73, 0x74, 0x72, 0x69, 0x64, 0x65, 0x73, 0x40,
    0x01, 0x40, 0x01, 0xa0, 0x01, 0x07, 0x0a, 0x69, 0x0a, 0x2c, 0x2f, 0x65, 0x72, 0x62, 0x5f, 0x64,
    0x65, 0x63, 0x2f, 0x63, 0x6f, 0x6e, 0x76, 0x30, 0x5f, 0x6f, 0x75, 0x74, 0x2f, 0x63, 0x6f, 0x6e,
    0x76, 0x30, 0x5f, 0x6f, 0x75, 0x74, 0x2e, 0x30, 0x2f, 0x43, 0x6f, 0x6e, 0x76, 0x5f, 0x6f, 0x75,
    0x74, 0x70, 0x75, 0x74, 0x5f, 0x30, 0x12, 0x08, 0x65, 0x72, 0x62, 0x5f, 0x6d, 0x61, 0x73, 0x6b,
    0x1a, 0x26, 0x2f, 0x65, 0x72, 0x62, 0x5f, 0x64, 0x65, 0x63, 0x2f, 0x63, 0x6f, 0x6e, 0x76, 0x30,
    0x5f, 0x6f, 0x75, 0x74, 0x2f, 0x63, 0x6f, 0x6e, 0x76, 0x30, 0x5f, 0x6f, 0x75, 0x74, 0x2e, 0x32,
    0x2f, 0x53, 0x69, 0x67, 0x6d, 0x6f, 0x69, 0x64, 0x22, 0x07, 0x53, 0x69, 0x67, 0x6d, 0x6f, 0x69,
    0x64, 0x0a, 0x62, 0x0a, 0x32, 0x2f, 0x65, 0x6e, 0x63, 0x2f, 0x65, 0x6d, 0x62, 0x5f, 0x67, 0x72,
    0x75, 0x2f, 0x6c, 0x69, 0x6e, 0x65, 0x61, 0x72, 0x5f, 0x6f, 0x75, 0x74, 0x2f, 0x6c, 0x69, 0x6e,
    0x65, 0x61, 0x72, 0x5f, 0x6f, 0x75, 0x74, 0x2e, 0x31, 0x2f, 0x52, 0x65, 0x6c, 0x75, 0x5f, 0x6f,
    0x75, 0x74, 0x70, 0x75, 0x74, 0x5f, 0x30, 0x12, 0x16, 0x2f, 0x64, 0x66, 0x5f, 0x64, 0x65, 0x63,
    0x2f, 0x53, 0x68, 0x61, 0x70, 0x65, 0x5f, 0x6f, 0x75, 0x74, 0x70, 0x75, 0x74, 0x5f, 0x30, 0x1a,
    0x0d, 0x2f, 0x64, 0x66, 0x5f, 0x64, 0x65, 0x63, 0x2f, 0x53, 0x68, 0x61, 0x70, 0x65, 0x22, 0x05,
    0x53, 0x68, 0x61, 0x70, 0x65, 0x0a, 0x51, 0x12, 0x19, 0x2f, 0x64, 0x66, 0x5f, 0x64, 0x65, 0x63,
    0x2f, 0x43, 0x6f, 0x6e, 0x73, 0x74, 0x61, 0x6e, 0x74, 0x5f, 0x6f, 0x75, 0x74, 0x70, 0x75, 0x74,
    0x5f, 0x30, 0x1a, 0x10, 0x2f, 0x64, 0x66, 0x5f, 0x64, 0x65, 0x63, 0x2f, 0x43, 0x6f, 0x6e, 0x73,
    0x74, 0x61, 0x6e, 0x74, 0x22, 0x08, 0x43, 0x6f, 0x6e, 0x73, 0x74, 0x61, 0x6e, 0x74, 0x2a, 0x18,
    0x0a, 0x05, 0x76, 0x61, 0x6c, 0x75, 0x65, 0x2a, 0x0c, 0x10, 0x07, 0x4a, 0x08, 0x00, 0x00, 0x00,
    0x00, 0x00, 0x00, 0x00, 0x00, 0xa0, 0x01, 0x04, 0x0a, 0x71, 0x0a, 0x16, 0x2f, 0x64, 0x66, 0x5f,
    0x64, 0x65, 0x63, 0x2f, 0x53, 0x68, 0x61, 0x70, 0x65, 0x5f, 0x6f, 0x75, 0x74, 0x70, 0x75, 0x74,
    0x5f, 0x30, 0x0a, 0x19, 0x2f, 0x64, 0x66, 0x5f, 0x64, 0x65, 0x63, 0x2f, 0x43, 0x6f, 0x6e, 0x73,
    0x74, 0x61, 0x6e, 0x74, 0x5f, 0x6f, 0x75, 0x74, 0x70, 0x75, 0x74, 0x5f, 0x30, 0x12, 0x17, 0x2f,
    0x64, 0x66, 0x5f, 0x64, 0x65, 0x63, 0x2f, 0x47, 0x61, 0x74, 0x68, 0x65, 0x72, 0x5f, 0x6f, 0x75,
    0x74, 0x70, 0x75, 0x74, 0x5f, 0x30, 0x1a, 0x0e, 0x2f, 0x64, 0x66, 0x5f, 0x64, 0x65, 0x63, 0x2f,
    0x47, 0x61, 0x74, 0x68, 0x65, 0x72, 0x22, 0x06, 0x47, 0x61, 0x74, 0x68, 0x65, 0x72, 0x2a, 0x0b,
    0x0a, 0x04, 0x61, 0x78, 0x69, 0x73, 0x18, 0x00, 0xa0, 0x01, 0x02, 0x0a, 0x66, 0x0a, 0x32, 0x2f,
    0x65, 0x6e, 0x63, 0x2f, 0x65, 0x6d, 0x62, 0x5f, 0x67, 0x72, 0x75, 0x2f, 0x6c, 0x69, 0x6e, 0x65,
    0x61, 0x72, 0x5f, 0x6f, 0x75, 0x74, 0x2f, 0x6c, 0x69, 0x6e, 0x65, 0x61, 0x72, 0x5f, 0x6f, 0x75,
    0x74, 0x2e, 0x31, 0x2f, 0x52, 0x65, 0x6c, 0x75, 0x5f, 0x6f, 0x75, 0x74, 0x70, 0x75, 0x74, 0x5f,
    0x30, 0x12, 0x18, 0x2f, 0x64, 0x66, 0x5f, 0x64, 0x65, 0x63, 0x2f, 0x53, 0x68, 0x61, 0x70, 0x65,
    0x5f, 0x31, 0x5f, 0x6f, 0x75, 0x74, 0x70, 0x75, 0x74, 0x5f, 0x30, 0x1a, 0x0f, 0x2f, 0x64, 0x66,
    0x5f, 0x64, 0x65, 0x63, 0x2f, 0x53, 0x68, 0x61, 0x70, 0x65, 0x5f, 0x31, 0x22, 0x05, 0x53, 0x68,
    0x61, 0x70, 0x65, 0x0a, 0x55, 0x12, 0x1b, 0x2f, 0x64, 0x66, 0x5f, 0x64, 0x65, 0x63, 0x2f, 0x43,
    0x6f, 0x6e, 0x73, 0x74, 0x61, 0x6e, 0x74, 0x5f, 0x31, 0x5f, 0x6f, 0x75, 0x74, 0x70, 0x75, 0x74,
    0x5f, 0x30, 0x1a, 0x12, 0x2f, 0x64, 0x66, 0x5f, 0x64, 0x65, 0x63, 0x2f, 0x43, 0x6f, 0x6e, 0x73,
    0x74, 0x61, 0x6e, 0x74, 0x5f, 0x31, 0x22, 0x08, 0x43, 0x6f, 0x6e, 0x73, 0x74, 0x61, 0x6e, 0x74,
    0x2a, 0x18, 0x0a, 0x05, 0x76, 0x61, 0x6c, 0x75, 0x65, 0x2a, 0x0c, 0x10, 0x07, 0x4a, 0x08, 0x01,
    0x00, 0x00, 0x00, 0x00, 0x00, 0x00, 0x00, 0xa0, 0x01, 0x04, 0x0a, 0x79, 0x0a, 0x18, 0x2f, 0x64,
    0x66, 0x5f, 0x64, 0x65, 0x63, 0x2f, 0x53, 0x68, 0x61, 0x70, 0x65, 0x5f, 0x31, 0x5f, 0x6f, 0x75,
    0x74, 0x70, 0x75, 0x74, 0x5f, 0x30, 0x0a, 0x1b, 0x2f, 0x64, 0x66, 0x5f, 0x64, 0x65, 0x63, 0x2f,
    0x43, 0x6f, 0x6e, 0x73, 0x74, 0x61, 0x6e, 0x74, 0x5f, 0x31, 0x5f, 0x6f, 0x75, 0x74, 0x70, 0x75,
    0x74, 0x5f, 0x30, 0x12, 0x19, 0x2f, 0x64, 0x66, 0x5f, 0x64, 0x65, 0x63, 0x2f, 0x47, 0x61, 0x74,
    0x68, 0x65, 0x72, 0x5f, 0x31, 0x5f, 0x6f, 0x75, 0x74, 0x70, 0x75, 0x74, 0x5f, 0x30, 0x1a, 0x10,
    0x2f, 0x64, 0x66, 0x5f, 0x64, 0x65, 0x63, 0x2f, 0x47, 0x61, 0x74, 0x68, 0x65, 0x72, 0x5f, 0x31,
    0x22, 0x06, 0x47, 0x61, 0x74, 0x68, 0x65, 0x72, 0x2a, 0x0b, 0x0a, 0x04, 0x61, 0x78, 0x69, 0x73,
    0x18, 0x00, 0xa0, 0x01, 0x02, 0x0a, 0x9c, 0x01, 0x0a, 0x32, 0x2f, 0x65, 0x6e, 0x63, 0x2f, 0x65,
    0x6d, 0x62, 0x5f, 0x67, 0x72, 0x75, 0x2f, 0x6c, 0x69, 0x6e, 0x65, 0x61, 0x72, 0x5f, 0x6f, 0x75,
    0x74, 0x2f, 0x6c, 0x69, 0x6e, 0x65, 0x61, 0x72, 0x5f, 0x6f, 0x75, 0x74, 0x2e, 0x31, 0x2f, 0x52,
    0x65, 0x6c, 0x75, 0x5f, 0x6f, 0x75, 0x74, 0x70, 0x75, 0x74, 0x5f, 0x30, 0x12, 0x33, 0x2f, 0x64,
    0x66, 0x5f, 0x64, 0x65, 0x63, 0x2f, 0x64, 0x66, 0x5f, 0x67, 0x72, 0x75, 0x2f, 0x6c, 0x69, 0x6e,
    0x65, 0x61, 0x72, 0x5f, 0x69, 0x6e, 0x2f, 0x6c, 0x69, 0x6e, 0x65, 0x61, 0x72, 0x5f, 0x69, 0x6e,
    0x2e, 0x30, 0x2f, 0x53, 0x68, 0x61, 0x70, 0x65, 0x5f, 0x6f, 0x75, 0x74, 0x70, 0x75, 0x74, 0x5f,
    0x30, 0x1a, 0x2a, 0x2f, 0x64, 0x66, 0x5f, 0x64, 0x65, 0x63, 0x2f, 0x64, 0x66, 0x5f, 0x67, 0x72,
    0x75, 0x2f, 0x6c, 0x69, 0x6e, 0x65, 0x61, 0x72, 0x5f, 0x69, 0x6e, 0x2f, 0x6c, 0x69, 0x6e, 0x65,
    0x61, 0x72, 0x5f, 0x69, 0x6e, 0x2e, 0x30, 0x2f, 0x53, 0x68, 0x61, 0x70, 0x65, 0x22, 0x05, 0x53,
    0x68, 0x61, 0x70, 0x65, 0x0a, 0x8b, 0x01, 0x12, 0x36, 0x2f, 0x64, 0x66, 0x5f, 0x64, 0x65, 0x63,
    0x2f, 0x64, 0x66, 0x5f, 0x67, 0x72, 0x75, 0x2f, 0x6c, 0x69, 0x6e, 0x65, 0x61, 0x72, 0x5f, 0x69,
    0x6e, 0x2f, 0x6c, 0x69, 0x6e, 0x65, 0x61, 0x72, 0x5f, 0x69, 0x6e, 0x2e, 0x30, 0x2f, 0x43, 0x6f,
    0x6e, 0x73, 0x74, 0x61, 0x6e, 0x74, 0x5f, 0x6f, 0x75, 0x74, 0x70, 0x75, 0x74, 0x5f, 0x30, 0x1a,
    0x2d, 0x2f, 0x64, 0x66, 0x5f, 0x64, 0x65, 0x63, 0x2f, 0x64, 0x66, 0x5f, 0x67, 0x72, 0x75, 0x2f,
    0x6c, 0x69, 0x6e, 0x65, 0x61, 0x72, 0x5f, 0x69, 0x6e, 0x2f, 0x6c, 0x69, 0x6e, 0x65, 0x61, 0x72,
    0x5f, 0x69, 0x6e, 0x2e, 0x30, 0x2f, 0x43, 0x6f, 0x6e, 0x73, 0x74, 0x61, 0x6e, 0x74, 0x22, 0x08,
    0x43, 0x6f, 0x6e, 0x73, 0x74, 0x61, 0x6e, 0x74, 0x2a, 0x18, 0x0a, 0x05, 0x76, 0x61, 0x6c, 0x75,
    0x65, 0x2a, 0x0c, 0x10, 0x07, 0x4a, 0x08, 0x00, 0x00, 0x00, 0x00, 0x00, 0x00, 0x00, 0x00, 0xa0,
    0x01, 0x04, 0x0a, 0xe5, 0x01, 0x0a, 0x33, 0x2f, 0x64, 0x66, 0x5f, 0x64, 0x65, 0x63, 0x2f, 0x64,
    0x66, 0x5f, 0x67, 0x72, 0x75, 0x2f, 0x6c, 0x69, 0x6e, 0x65, 0x61, 0x72, 0x5f, 0x69, 0x6e, 0x2f,
    0x6c, 0x69, 0x6e, 0x65, 0x61, 0x72, 0x5f, 0x69, 0x6e, 0x2e, 0x30, 0x2f, 0x53, 0x68, 0x61, 0x70,
    0x65, 0x5f, 0x6f, 0x75, 0x74, 0x70, 0x75, 0x74, 0x5f, 0x30, 0x0a, 0x36, 0x2f, 0x64, 0x66, 0x5f,
    0x64, 0x65, 0x63, 0x2f, 0x64, 0x66, 0x5f, 0x67, 0x72, 0x75, 0x2f, 0x6c, 0x69, 0x6e, 0x65, 0x61,
    0x72, 0x5f, 0x69, 0x6e, 0x2f, 0x6c, 0x69, 0x6e, 0x65, 0x61, 0x72, 0x5f, 0x69, 0x6e, 0x2e, 0x30,
    0x2f, 0x43, 0x6f, 0x6e, 0x73, 0x74, 0x61, 0x6e, 0x74, 0x5f, 0x6f, 0x75, 0x74, 0x70, 0x75, 0x74,
    0x5f, 0x30, 0x12, 0x34, 0x2f, 0x64, 0x66, 0x5f, 0x64, 0x65, 0x63, 0x2f, 0x64, 0x66, 0x5f, 0x67,
    0x72, 0x75, 0x2f, 0x6c, 0x69, 0x6e, 0x65, 0x61, 0x72, 0x5f, 0x69, 0x6e, 0x2f, 0x6c, 0x69, 0x6e,
    0x65, 0x61, 0x72, 0x5f, 0x69, 0x6e, 0x2e, 0x30, 0x2f, 0x47, 0x61, 0x74, 0x68, 0x65, 0x72, 0x5f,
    0x6f, 0x75, 0x74, 0x70, 0x75, 0x74, 0x5f, 0x30, 0x1a, 0x2b, 0x2f, 0x64, 0x66, 0x5f, 0x64, 0x65,
    0x63, 0x2f, 0x64, 0x66, 0x5f, 0x67, 0x72, 0x75, 0x2f, 0x6c, 0x69, 0x6e, 0x65, 0x61, 0x72, 0x5f,
    0x69, 0x6e, 0x2f, 0x6c, 0x69, 0x6e, 0x65, 0x61, 0x72, 0x5f, 0x69, 0x6e, 0x2e, 0x30, 0x2f, 0x47,
    0x61, 0x74, 0x68, 0x65, 0x72, 0x22, 0x06, 0x47, 0x61, 0x74, 0x68, 0x65, 0x72, 0x2a, 0x0b, 0x0a,
    0x04, 0x61, 0x78, 0x69, 0x73, 0x18, 0x00, 0xa0, 0x01, 0x02, 0x0a, 0xa0, 0x01, 0x0a, 0x32, 0x2f,
    0x65, 0x6e, 0x63, 0x2f, 0x65, 0x6d, 0x62, 0x5f, 0x67, 0x72, 0x75, 0x2f, 0x6c, 0x69, 0x6e, 0x65,
    0x61, 0x72, 0x5f, 0x6f, 0x75, 0x74, 0x2f, 0x6c, 0x69, 0x6e, 0x65, 0x61, 0x72, 0x5f, 0x6f, 0x75,
    0x74, 0x2e, 0x31, 0x2f, 0x52, 0x65, 0x6c, 0x75, 0x5f, 0x6f, 0x75, 0x74, 0x70, 0x75, 0x74, 0x5f,
    0x30, 0x12, 0x35, 0x2f, 0x64, 0x66, 0x5f, 0x64, 0x65, 0x63, 0x2f, 0x64, 0x66, 0x5f, 0x67, 0x72,
    0x75, 0x2f, 0x6c, 0x69, 0x6e, 0x65, 0x61, 0x72, 0x5f, 0x69, 0x6e, 0x2f, 0x6c, 0x69, 0x6e, 0x65,
    0x61, 0x72, 0x5f, 0x69, 0x6e, 0x2e, 0x30, 0x2f, 0x53, 0x68, 0x61, 0x70, 0x65, 0x5f, 0x31, 0x5f,
    0x6f, 0x75, 0x74, 0x70, 0x75, 0x74, 0x5f, 0x30, 0x1a, 0x2c, 0x2f, 0x64, 0x66, 0x5f, 0x64, 0x65,
    0x63, 0x2f, 0x64, 0x66, 0x5f, 0x67, 0x72, 0x75, 0x2f, 0x6c, 0x69, 0x6e, 0x65, 0x61, 0x72, 0x5f,
    0x69, 0x6e, 0x2f, 0x6c, 0x69, 0x6e, 0x65, 0x61, 0x72, 0x5f, 0x69, 0x6e, 0x2e, 0x30, 0x2f, 0x53,
    0x68, 0x61, 0x70, 0x65, 0x5f, 0x31, 0x22, 0x05, 0x53, 0x68, 0x61, 0x70, 0x65, 0x0a, 0x8f, 0x01,
    0x12, 0x38, 0x2f, 0x64, 0x66, 0x5f, 0x64, 0x65, 0x63, 0x2f, 0x64, 0x66, 0x5f, 0x67, 0x72, 0x75,
    0x2f, 0x6c, 0x69, 0x6e, 0x65, 0x61, 0x72, 0x5f, 0x69, 0x6e, 0x2f, 0x6c, 0x69, 0x6e, 0x65, 0x61,
    0x72, 0x5f, 0x69, 0x6e, 0x2e, 0x30, 0x2f, 0x43, 0x6f, 0x6e, 0x73, 0x74, 0x61, 0x6e, 0x74, 0x5f,
    0x31, 0x5f, 0x6f, 0x75, 0x74, 0x70, 0x75, 0x74, 0x5f, 0x30, 0x1a, 0x2f, 0x2f, 0x64, 0x66, 0x5f,
    0x64, 0x65, 0x63, 0x2f, 0x64, 0x66, 0x5f, 0x67, 0x72, 0x75, 0x2f, 0x6c, 0x69, 0x6e, 0x65, 0x61,
    0x72, 0x5f, 0x69, 0x6e, 0x2f, 0x6c, 0x69, 0x6e, 0x65, 0x61, 0x72, 0x5f, 0x69, 0x6e, 0x2e, 0x30,
    0x2f, 0x43, 0x6f, 0x6e, 0x73, 0x74, 0x61, 0x6e, 0x74, 0x5f, 0x31, 0x22, 0x08, 0x43, 0x6f, 0x6e,
    0x73, 0x74, 0x61, 0x6e, 0x74, 0x2a, 0x18, 0x0a, 0x05, 0x76, 0x61, 0x6c, 0x75, 0x65, 0x2a, 0x0c,
    0x10, 0x07, 0x4a, 0x08, 0x01, 0x00, 0x00, 0x00, 0x00, 0x00, 0x00, 0x00, 0xa0, 0x01, 0x04, 0x0a,
    0xed, 0x01, 0x0a, 0x35, 0x2f, 0x64, 0x66, 0x5f, 0x64, 0x65, 0x63, 0x2f, 0x64, 0x66, 0x5f, 0x67,
    0x72, 0x75, 0x2f, 0x6c, 0x69, 0x6e, 0x65, 0x61, 0x72, 0x5f, 0x69, 0x6e, 0x2f, 0x6c, 0x69, 0x6e,
    0x65, 0x61, 0x72, 0x5f, 0x69, 0x6e, 0x2e, 0x30, 0x2f, 0x53, 0x68, 0x61, 0x70, 0x65, 0x5f, 0x31,
    0x5f, 0x6f, 0x75, 0x74, 0x70, 0x75, 0x74, 0x5f, 0x30, 0x0a, 0x38, 0x2f, 0x64, 0x66, 0x5f, 0x64,
    0x65, 0x63, 0x2f, 0x64, 0x66, 0x5f, 0x67, 0x72, 0x75, 0x2f, 0x6c, 0x69, 0x6e, 0x65, 0x61, 0x72,
    0x5f, 0x69, 0x6e, 0x2f, 0x6c, 0x69, 0x6e, 0x65, 0x61, 0x72, 0x5f, 0x69, 0x6e, 0x2e, 0x30, 0x2f,
    0x43, 0x6f, 0x6e, 0x73, 0x74, 0x61, 0x6e, 0x74, 0x5f, 0x31, 0x5f, 0x6f, 0x75, 0x74, 0x70, 0x75,
    0x74, 0x5f, 0x30, 0x12, 0x36, 0x2f, 0x64, 0x66, 0x5f, 0x64, 0x65, 0x63, 0x2f, 0x64, 0x66, 0x5f,
    0x67, 0x72, 0x75, 0x2f, 0x6c, 0x69, 0x6e, 0x65, 0x61, 0x72, 0x5f, 0x69, 0x6e, 0x2f, 0x6c, 0x69,
    0x6e, 0x65, 0x61, 0x72, 0x5f, 0x69, 0x6e, 0x2e, 0x30, 0x2f, 0x47, 0x61, 0x74, 0x68, 0x65, 0x72,
    0x5f, 0x31, 0x5f, 0x6f, 0x75, 0x74, 0x70, 0x75, 0x74, 0x5f, 0x30, 0x1a, 0x2d, 0x2f, 0x64, 0x66,
    0x5f, 0x64, 0x65, 0x63, 0x2f, 0x64, 0x66, 0x5f, 0x67, 0x72, 0x75, 0x2f, 0x6c, 0x69, 0x6e, 0x65,
    0x61, 0x72, 0x5f, 0x69, 0x6e, 0x2f, 0x6c, 0x69, 0x6e, 0x65, 0x61, 0x72, 0x5f, 0x69, 0x6e, 0x2e,
    0x30, 0x2f, 0x47, 0x61, 0x74, 0x68, 0x65, 0x72, 0x5f, 0x31, 0x22, 0x06, 0x47, 0x61, 0x74, 0x68,
    0x65, 0x72, 0x2a, 0x0b, 0x0a, 0x04, 0x61, 0x78, 0x69, 0x73, 0x18, 0x00, 0xa0, 0x01, 0x02, 0x0a,
    0x49, 0x12, 0x13, 0x6f, 0x6e, 0x6e, 0x78, 0x3a, 0x3a, 0x55, 0x6e, 0x73, 0x71, 0x75, 0x65, 0x65,
    0x7a, 0x65, 0x5f, 0x37, 0x31, 0x34, 0x1a, 0x0c, 0x43, 0x6f, 0x6e, 0x73, 0x74, 0x61, 0x6e, 0x74,
    0x5f, 0x35, 0x31, 0x34, 0x22, 0x08, 0x43, 0x6f, 0x6e, 0x73, 0x74, 0x61, 0x6e, 0x74, 0x2a, 0x1a,
    0x0a, 0x05, 0x76, 0x61, 0x6c, 0x75, 0x65, 0x2a, 0x0e, 0x08, 0x01, 0x10, 0x07, 0x4a, 0x08, 0x00,
    0x00, 0x00, 0x00, 0x00, 0x00, 0x00, 0x00, 0xa0, 0x01, 0x04, 0x0a, 0xbf, 0x01, 0x0a, 0x34, 0x2f,
    0x64, 0x66, 0x5f, 0x64, 0x65, 0x63, 0x2f, 0x64, 0x66, 0x5f, 0x67, 0x72, 0x75, 0x2f, 0x6c, 0x69,
    0x6e, 0x65, 0x61, 0x72, 0x5f, 0x69, 0x6e, 0x2f, 0x6c, 0x69, 0x6e, 0x65, 0x61, 0x72, 0x5f, 0x69,
    0x6e, 0x2e, 0x30, 0x2f, 0x47, 0x61, 0x74, 0x68, 0x65, 0x72, 0x5f, 0x6f, 0x75, 0x74, 0x70, 0x75,
    0x74, 0x5f, 0x30, 0x0a, 0x13, 0x6f, 0x6e, 0x6e, 0x78, 0x3a, 0x3a, 0x55, 0x6e, 0x73, 0x71, 0x75,
    0x65, 0x65, 0x7a, 0x65, 0x5f, 0x37, 0x31, 0x34, 0x12, 0x37, 0x2f, 0x64, 0x66, 0x5f, 0x64, 0x65,
    0x63, 0x2f, 0x64, 0x66, 0x5f, 0x67, 0x72, 0x75, 0x2f, 0x6c, 0x69, 0x6e, 0x65, 0x61, 0x72, 0x5f,
    0x69, 0x6e, 0x2f, 0x6c, 0x69, 0x6e, 0x65, 0x61, 0x72, 0x5f, 0x69, 0x6e, 0x2e, 0x30, 0x2f, 0x55,
    0x6e, 0x73, 0x71, 0x75, 0x65, 0x65, 0x7a, 0x65, 0x5f, 0x6f, 0x75, 0x74, 0x70, 0x75, 0x74, 0x5f,
    0x30, 0x1a, 0x2e, 0x2f, 0x64, 0x66, 0x5f, 0x64, 0x65, 0x63, 0x2f, 0x64, 0x66, 0x5f, 0x67, 0x72,
    0x75, 0x2f, 0x6c, 0x69, 0x6e, 0x65, 0x61, 0x72, 0x5f, 0x69, 0x6e, 0x2f, 0x6c, 0x69, 0x6e, 0x65,
    0x61, 0x72, 0x5f, 0x69, 0x6e, 0x2e, 0x30, 0x2f, 0x55, 0x6e, 0x73, 0x71, 0x75, 0x65, 0x65, 0x7a,
    0x65, 0x22, 0x09, 0x55, 0x6e, 0x73, 0x71, 0x75, 0x65, 0x65, 0x7a, 0x65, 0x0a, 0x49, 0x12, 0x13,
    0x6f, 0x6e, 0x6e, 0x78, 0x3a, 0x3a, 0x55, 0x6e, 0x73, 0x71, 0x75, 0x65, 0x65, 0x7a, 0x65, 0x5f,
    0x37, 0x31, 0x36, 0x1a, 0x0c, 0x43, 0x6f, 0x6e, 0x73, 0x74, 0x61, 0x6e, 0x74, 0x5f, 0x35, 0x31,
    0x36, 0x22, 0x08, 0x43, 0x6f, 0x6e, 0x73, 0x74, 0x61, 0x6e, 0x74, 0x2a, 0x1a, 0x0a, 0x05, 0x76,
    0x61, 0x6c, 0x75, 0x65, 0x2a, 0x0e, 0x08, 0x01, 0x10, 0x07, 0x4a, 0x08, 0x00, 0x00, 0x00, 0x00,
    0x00, 0x00, 0x00, 0x00, 0xa0, 0x01, 0x04, 0x0a, 0xc5, 0x01, 0x0a, 0x36, 0x2f, 0x64, 0x66, 0x5f,
    0x64, 0x65, 0x63, 0x2f, 0x64, 0x66, 0x5f, 0x67, 0x72, 0x75, 0x2f, 0x6c, 0x69, 0x6e, 0x65, 0x61,
    0x72, 0x5f, 0x69, 0x6e, 0x2f, 0x6c, 0x69, 0x6e, 0x65, 0x61, 0x72, 0x5f, 0x69, 0x6e, 0x2e, 0x30,
    0x2f, 0x47, 0x61, 0x74, 0x68, 0x65, 0x72, 0x5f, 0x31, 0x5f, 0x6f, 0x75, 0x74, 0x70, 0x75, 0x74,
    0x5f, 0x30, 0x0a, 0x13, 0x6f, 0x6e, 0x6e, 0x78, 0x3a, 0x3a, 0x55, 0x6e, 0x73, 0x71, 0x75, 0x65,
    0x65, 0x7a, 0x65, 0x5f, 0x37, 0x31, 0x36, 0x12, 0x39, 0x2f, 0x64, 0x66, 0x5f, 0x64, 0x65, 0x63,
    0x2f, 0x64, 0x66, 0x5f, 0x67, 0x72, 0x75, 0x2f, 0x6c, 0x69, 0x6e, 0x65, 0x61, 0x72, 0x5f, 0x69,
    0x6e, 0x2f, 0x6c, 0x69, 0x6e, 0x65, 0x61, 0x72, 0x5f, 0x69, 0x6e, 0x2e, 0x30, 0x2f, 0x55, 0x6e,
    0x73, 0x71, 0x75, 0x65, 0x65, 0x7a, 0x65, 0x5f, 0x31, 0x5f, 0x6f, 0x75, 0x74, 0x70, 0x75, 0x74,
    0x5f, 0x30, 0x1a, 0x30, 0x2f, 0x64, 0x66, 0x5f, 0x64, 0x65, 0x63, 0x2f, 0x64, 0x66, 0x5f, 0x67,
    0x72, 0x75, 0x2f, 0x6c, 0x69, 0x6e, 0x65, 0x61, 0x72, 0x5f, 0x69, 0x6e, 0x2f, 0x6c, 0x69, 0x6e,
    0x65, 0x61, 0x72, 0x5f, 0x69, 0x6e, 0x2e, 0x30, 0x2f, 0x55, 0x6e, 0x73, 0x71, 0x75, 0x65, 0x65,
    0x7a, 0x65, 0x5f, 0x31, 0x22, 0x09, 0x55, 0x6e, 0x73, 0x71, 0x75, 0x65, 0x65, 0x7a, 0x65, 0x0a,
    0x91, 0x01, 0x12, 0x38, 0x2f, 0x64, 0x66, 0x5f, 0x64, 0x65, 0x63, 0x2f, 0x64, 0x66, 0x5f, 0x67,
    0x72, 0x75, 0x2f, 0x6c, 0x69, 0x6e, 0x65, 0x61, 0x72, 0x5f, 0x69, 0x6e, 0x2f, 0x6c, 0x69, 0x6e,
    0x65, 0x61, 0x72, 0x5f, 0x69, 0x6e, 0x2e, 0x30, 0x2f, 0x43, 0x6f, 0x6e, 0x73, 0x74, 0x61, 0x6e,
    0x74, 0x5f, 0x32, 0x5f, 0x6f, 0x75, 0x74, 0x70, 0x75, 0x74, 0x5f, 0x30, 0x1a, 0x2f, 0x2f, 0x64,
    0x66, 0x5f, 0x64, 0x65, 0x63, 0x2f, 0x64, 0x66, 0x5f, 0x67, 0x72, 0x75, 0x2f, 0x6c, 0x69, 0x6e,
    0x65, 0x61, 0x72, 0x5f, 0x69, 0x6e, 0x2f, 0x6c, 0x69, 0x6e, 0x65, 0x61, 0x72, 0x5f, 0x69, 0x6e,
    0x2e, 0x30, 0x2f, 0x43, 0x6f, 0x6e, 0x73, 0x74, 0x61, 0x6e, 0x74, 0x5f, 0x32, 0x22, 0x08, 0x43,
    0x6f, 0x6e, 0x73, 0x74, 0x61, 0x6e, 0x74, 0x2a, 0x1a, 0x0a, 0x05, 0x76, 0x61, 0x6c, 0x75, 0x65,
    0x2a, 0x0e, 0x08, 0x01, 0x10, 0x07, 0x4a, 0x08, 0x08, 0x00, 0x00, 0x00, 0x00, 0x00, 0x00, 0x00,
    0xa0, 0x01, 0x04, 0x0a, 0x91, 0x01, 0x12, 0x38, 0x2f, 0x64, 0x66, 0x5f, 0x64, 0x65, 0x63, 0x2f,
    0x64, 0x66, 0x5f, 0x67, 0x72, 0x75, 0x2f, 0x6c, 0x69, 0x6e, 0x65, 0x61, 0x72, 0x5f, 0x69, 0x6e,
    0x2f, 0x6c, 0x69, 0x6e, 0x65, 0x61, 0x72, 0x5f, 0x69, 0x6e, 0x2e, 0x30, 0x2f, 0x43, 0x6f, 0x6e,
    0x73, 0x74, 0x61, 0x6e, 0x74, 0x5f, 0x33, 0x5f, 0x6f, 0x75, 0x74, 0x70, 0x75, 0x74, 0x5f, 0x30,
    0x1a, 0x2f, 0x2f, 0x64, 0x66, 0x5f, 0x64, 0x65, 0x63, 0x2f, 0x64, 0x66, 0x5f, 0x67, 0x72, 0x75,
    0x2f, 0x6c, 0x69, 0x6e, 0x65, 0x61, 0x72, 0x5f, 0x69, 0x6e, 0x2f, 0x6c, 0x69, 0x6e, 0x65, 0x61,
    0x72, 0x5f, 0x69, 0x6e, 0x2e, 0x30, 0x2f, 0x43, 0x6f, 0x6e, 0x73, 0x74, 0x61, 0x6e, 0x74, 0x5f,
    0x33, 0x22, 0x08, 0x43, 0x6f, 0x6e, 0x73, 0x74, 0x61, 0x6e, 0x74, 0x2a, 0x1a, 0x0a, 0x05, 0x76,
    0x61, 0x6c, 0x75, 0x65, 0x2a, 0x0e, 0x08, 0x01, 0x10, 0x07, 0x4a, 0x08, 0x40, 0x00, 0x00, 0x00,
    0x00, 0x00, 0x00, 0x00, 0xa0, 0x01, 0x04, 0x0a, 0xe0, 0x02, 0x0a, 0x37, 0x2f, 0x64, 0x66, 0x5f,
    0x64, 0x65, 0x63, 0x2f, 0x64, 0x66, 0x5f, 0x67, 0x72, 0x75, 0x2f, 0x6c, 0x69, 0x6e, 0x65, 0x61,
    0x72, 0x5f, 0x69, 0x6e, 0x2f, 0x6c, 0x69, 0x6e, 0x65, 0x61, 0x72, 0x5f, 0x69, 0x6e, 0x2e, 0x30,
    0x2f, 0x55, 0x6e, 0x73, 0x71, 0x75, 0x65, 0x65, 0x7a, 0x65, 0x5f, 0x6f, 0x75, 0x74, 0x70, 0x75,
    0x74, 0x5f, 0x30, 0x0a, 0x39, 0x2f, 0x64, 0x66, 0x5f, 0x64, 0x65, 0x63, 0x2f, 0x64, 0x66, 0x5f,
    0x67, 0x72, 0x75, 0x2f, 0x6c, 0x69, 0x6e, 0x65, 0x61, 0x72, 0x5f, 0x69, 0x6e, 0x2f, 0x6c, 0x69,
    0x6e, 0x65, 0x61, 0x72, 0x5f, 0x69, 0x6e, 0x2e, 0x30, 0x2f, 0x55, 0x6e, 0x73, 0x71, 0x75, 0x65,
    0x65, 0x7a, 0x65, 0x5f, 0x31, 0x5f, 0x6f, 0x75, 0x74, 0x70, 0x75, 0x74, 0x5f, 0x30, 0x0a, 0x38,
    0x2f, 0x64, 0x66, 0x5f, 0x64, 0x65, 0x63, 0x2f, 0x64, 0x66, 0x5f, 0x67, 0x72, 0x75, 0x2f, 0x6c,
    0x69, 0x6e, 0x65, 0x61, 0x72, 0x5f, 0x69, 0x6e, 0x2f, 0x6c, 0x69, 0x6e, 0x65, 0x61, 0x72, 0x5f,
    0x69, 0x6e, 0x2e, 0x30, 0x2f, 0x43, 0x6f, 0x6e, 0x73, 0x74, 0x61, 0x6e, 0x74, 0x5f, 0x32, 0x5f,
    0x6f, 0x75, 0x74, 0x70, 0x75, 0x74, 0x5f, 0x30, 0x0a, 0x38, 0x2f, 0x64, 0x66, 0x5f, 0x64, 0x65,
    0x63, 0x2f, 0x64, 0x66, 0x5f, 0x67, 0x72, 0x75, 0x2f, 0x6c, 0x69, 0x6e, 0x65, 0x61, 0x72, 0x5f,
    0x69, 0x6e, 0x2f, 0x6c, 0x69, 0x6e, 0x65, 0x61, 0x72, 0x5f, 0x69, 0x6e, 0x2e, 0x30, 0x2f, 0x43,
    0x6f, 0x6e, 0x73, 0x74, 0x61, 0x6e, 0x74, 0x5f, 0x33, 0x5f, 0x6f, 0x75, 0x74, 0x70, 0x75, 0x74,
    0x5f, 0x30, 0x12, 0x34, 0x2f, 0x64, 0x66, 0x5f, 0x64, 0x65, 0x63, 0x2f, 0x64, 0x66, 0x5f, 0x67,
    0x72, 0x75, 0x2f, 0x6c, 0x69, 0x6e, 0x65, 0x61, 0x72, 0x5f, 0x69, 0x6e, 0x2f, 0x6c, 0x69, 0x6e,
    0x65, 0x61, 0x72, 0x5f, 0x69, 0x6e, 0x2e, 0x30, 0x2f, 0x43, 0x6f, 0x6e, 0x63, 0x61, 0x74, 0x5f,
    0x6f, 0x75, 0x74, 0x70, 0x75, 0x74, 0x5f, 0x30, 0x1a, 0x2b, 0x2f, 0x64, 0x66, 0x5f, 0x64, 0x65,
    0x63, 0x2f, 0x64, 0x66, 0x5f, 0x67, 0x72, 0x75, 0x2f, 0x6c, 0x69, 0x6e, 0x65, 0x61, 0x72, 0x5f,
    0x69, 0x6e, 0x2f, 0x6c, 0x69, 0x6e, 0x65, 0x61, 0x72, 0x5f, 0x69, 0x6e, 0x2e, 0x30, 0x2f, 0x43,
    0x6f, 0x6e, 0x63, 0x61, 0x74, 0x22, 0x06, 0x43, 0x6f, 0x6e, 0x63, 0x61, 0x74, 0x2a, 0x0b, 0x0a,
    0x04, 0x61, 0x78, 0x69, 0x73, 0x18, 0x00, 0xa0, 0x01, 0x02, 0x0a, 0xea, 0x01, 0x0a, 0x32, 0x2f,
    0x65, 0x6e, 0x63, 0x2f, 0x65, 0x6d, 0x62, 0x5f, 0x67, 0x72, 0x75, 0x2f, 0x6c, 0x69, 0x6e, 0x65,
    0x61, 0x72, 0x5f, 0x6f, 0x75, 0x74, 0x2f, 0x6c, 0x69, 0x6e, 0x65, 0x61, 0x72, 0x5f, 0x6f, 0x75,
    0x74, 0x2e, 0x31, 0x2f, 0x52, 0x65, 0x6c, 0x75, 0x5f, 0x6f, 0x75, 0x74, 0x70, 0x75, 0x74, 0x5f,
    0x30, 0x0a, 0x34, 0x2f, 0x64, 0x66, 0x5f, 0x64, 0x65, 0x63, 0x2f, 0x64, 0x66, 0x5f, 0x67, 0x72,
    0x75, 0x2f, 0x6c, 0x69, 0x6e, 0x65, 0x61, 0x72, 0x5f, 0x69, 0x6e, 0x2f, 0x6c, 0x69, 0x6e, 0x65,
    0x61, 0x72, 0x5f, 0x69, 0x6e, 0x2e, 0x30, 0x2f, 0x43, 0x6f, 0x6e, 0x63, 0x61, 0x74, 0x5f, 0x6f,
    0x75, 0x74, 0x70, 0x75, 0x74, 0x5f, 0x30, 0x12, 0x35, 0x2f, 0x64, 0x66, 0x5f, 0x64, 0x65, 0x63,
    0x2f, 0x64, 0x66, 0x5f, 0x67, 0x72, 0x75, 0x2f, 0x6c, 0x69, 0x6e, 0x65, 0x61, 0x72, 0x5f, 0x69,
    0x6e, 0x2f, 0x6c, 0x69, 0x6e, 0x65, 0x61, 0x72, 0x5f, 0x69, 0x6e, 0x2e, 0x30, 0x2f, 0x52, 0x65,
    0x73, 0x68, 0x61, 0x70, 0x65, 0x5f, 0x6f, 0x75, 0x74, 0x70, 0x75, 0x74, 0x5f, 0x30, 0x1a, 0x2c,
    0x2f, 0x64, 0x66, 0x5f, 0x64, 0x65, 0x63, 0x2f, 0x64, 0x66, 0x5f, 0x67, 0x72, 0x75, 0x2f, 0x6c,
    0x69, 0x6e, 0x65, 0x61, 0x72, 0x5f, 0x69, 0x6e, 0x2f, 0x6c, 0x69, 0x6e, 0x65, 0x61, 0x72, 0x5f,
    0x69, 0x6e, 0x2e, 0x30, 0x2f, 0x52, 0x65, 0x73, 0x68, 0x61, 0x70, 0x65, 0x22, 0x07, 0x52, 0x65,
    0x73, 0x68, 0x61, 0x70, 0x65, 0x2a, 0x10, 0x0a, 0x09, 0x61, 0x6c, 0x6c, 0x6f, 0x77, 0x7a, 0x65,
    0x72, 0x6f, 0x18, 0x00, 0xa0, 0x01, 0x02, 0x0a, 0xe3, 0x01, 0x0a, 0x35, 0x2f, 0x64, 0x66, 0x5f,
    0x64, 0x65, 0x63, 0x2f, 0x64, 0x66, 0x5f, 0x67, 0x72, 0x75, 0x2f, 0x6c, 0x69, 0x6e, 0x65, 0x61,
    0x72, 0x5f, 0x69, 0x6e, 0x2f, 0x6c, 0x69, 0x6e, 0x65, 0x61, 0x72, 0x5f, 0x69, 0x6e, 0x2e, 0x30,
    0x2f, 0x52, 0x65, 0x73, 0x68, 0x61, 0x70, 0x65, 0x5f, 0x6f, 0x75, 0x74, 0x70, 0x75, 0x74, 0x5f,
    0x30, 0x0a, 0x20, 0x64, 0x66, 0x5f, 0x64, 0x65, 0x63, 0x2e, 0x64, 0x66, 0x5f, 0x67, 0x72, 0x75,
    0x2e, 0x6c, 0x69, 0x6e, 0x65, 0x61, 0x72, 0x5f, 0x69, 0x6e, 0x2e, 0x30, 0x2e, 0x77, 0x65, 0x69,
    0x67, 0x68, 0x74, 0x12, 0x34, 0x2f, 0x64, 0x66, 0x5f, 0x64, 0x65, 0x63, 0x2f, 0x64, 0x66, 0x5f,
    0x67, 0x72, 0x75, 0x2f, 0x6c, 0x69, 0x6e, 0x65, 0x61, 0x72, 0x5f, 0x69, 0x6e, 0x2f, 0x6c, 0x69,
    0x6e, 0x65, 0x61, 0x72, 0x5f, 0x69, 0x6e, 0x2e, 0x30, 0x2f, 0x45, 0x69, 0x6e, 0x73, 0x75, 0x6d,
    0x5f, 0x6f, 0x75, 0x74, 0x70, 0x75, 0x74, 0x5f, 0x30, 0x1a, 0x2b, 0x2f, 0x64, 0x66, 0x5f, 0x64,
    0x65, 0x63, 0x2f, 0x64, 0x66, 0x5f, 0x67, 0x72, 0x75, 0x2f, 0x6c, 0x69, 0x6e, 0x65, 0x61, 0x72,
    0x5f, 0x69, 0x6e, 0x2f, 0x6c, 0x69, 0x6e, 0x65, 0x61, 0x72, 0x5f, 0x69, 0x6e, 0x2e, 0x30, 0x2f,
    0x45, 0x69, 0x6e, 0x73, 0x75, 0x6d, 0x22, 0x06, 0x45, 0x69, 0x6e, 0x73, 0x75, 0x6d, 0x2a, 0x1d,
    0x0a, 0x08, 0x65, 0x71, 0x75, 0x61, 0x74, 0x69, 0x6f, 0x6e, 0x22, 0x0e, 0x62, 0x74, 0x67, 0x69,
    0x2c, 0x67, 0x69, 0x68, 0x2d, 0x3e, 0x62, 0x74, 0x67, 0x68, 0xa0, 0x01, 0x03, 0x0a, 0xa2, 0x01,
    0x0a, 0x34, 0x2f, 0x64, 0x66, 0x5f, 0x64, 0x65, 0x63, 0x2f, 0x64, 0x66, 0x5f, 0x67, 0x72, 0x75,
    0x2f, 0x6c, 0x69, 0x6e, 0x65, 0x61, 0x72, 0x5f, 0x69, 0x6e, 0x2f, 0x6c, 0x69, 0x6e, 0x65, 0x61,
    0x72, 0x5f, 0x69, 0x6e, 0x2e, 0x30, 0x2f, 0x45, 0x69, 0x6e, 0x73, 0x75, 0x6d, 0x5f, 0x6f, 0x75,
    0x74, 0x70, 0x75, 0x74, 0x5f, 0x30, 0x12, 0x35, 0x2f, 0x64, 0x66, 0x5f, 0x64, 0x65, 0x63, 0x2f,
    0x64, 0x66, 0x5f, 0x67, 0x72, 0x75, 0x2f, 0x6c, 0x69, 0x6e, 0x65, 0x61, 0x72, 0x5f, 0x69, 0x6e,
    0x2f, 0x6c, 0x69, 0x6e, 0x65, 0x61, 0x72, 0x5f, 0x69, 0x6e, 0x2e, 0x30, 0x2f, 0x53, 0x68, 0x61,
    0x70, 0x65, 0x5f, 0x32, 0x5f, 0x6f, 0x75, 0x74, 0x70, 0x75, 0x74, 0x5f, 0x30, 0x1a, 0x2c, 0x2f,
    0x64, 0x66, 0x5f, 0x64, 0x65, 0x63, 0x2f, 0x64, 0x66, 0x5f, 0x67, 0x72, 0x75, 0x2f, 0x6c, 0x69,
    0x6e, 0x65, 0x61, 0x72, 0x5f, 0x69, 0x6e, 0x2f, 0x6c, 0x69, 0x6e, 0x65, 0x61, 0x72, 0x5f, 0x69,
    0x6e, 0x2e, 0x30, 0x2f, 0x53, 0x68, 0x61, 0x70, 0x65, 0x5f, 0x32, 0x22, 0x05, 0x53, 0x68, 0x61,
    0x70, 0x65, 0x0a, 0x91, 0x01, 0x12, 0x38, 0x2f, 0x64, 0x66, 0x5f, 0x64, 0x65, 0x63, 0x2f, 0x64,
    0x66, 0x5f, 0x67, 0x72, 0x75, 0x2f, 0x6c, 0x69, 0x6e, 0x65, 0x61, 0x72, 0x5f, 0x69, 0x6e, 0x2f,
    0x6c, 0x69, 0x6e, 0x65, 0x61, 0x72, 0x5f, 0x69, 0x6e, 0x2e, 0x30, 0x2f, 0x43, 0x6f, 0x6e, 0x73,
    0x74, 0x61, 0x6e, 0x74, 0x5f, 0x34, 0x5f, 0x6f, 0x75, 0x74, 0x70, 0x75, 0x74, 0x5f, 0x30, 0x1a,
    0x2f, 0x2f, 0x64, 0x66, 0x5f, 0x64, 0x65, 0x63, 0x2f, 0x64, 0x66, 0x5f, 0x67, 0x72, 0x75, 0x2f,
    0x6c, 0x69, 0x6e, 0x65, 0x61, 0x72, 0x5f, 0x69, 0x6e, 0x2f, 0x6c, 0x69, 0x6e, 0x65, 0x61, 0x72,
    0x5f, 0x69, 0x6e, 0x2e, 0x30, 0x2f, 0x43, 0x6f, 0x6e, 0x73, 0x74, 0x61, 0x6e, 0x74, 0x5f, 0x34,
    0x22, 0x08, 0x43, 0x6f, 0x6e, 0x73, 0x74, 0x61, 0x6e, 0x74, 0x2a, 0x1a, 0x0a, 0x05, 0x76, 0x61,
    0x6c, 0x75, 0x65, 0x2a, 0x0e, 0x08, 0x01, 0x10, 0x07, 0x4a, 0x08, 0x00, 0x00, 0x00, 0x00, 0x00,
    0x00, 0x00, 0x00, 0xa0, 0x01, 0x04, 0x0a, 0x91, 0x01, 0x12, 0x38, 0x2f, 0x64, 0x66, 0x5f, 0x64,
    0x65, 0x63, 0x2f, 0x64, 0x66, 0x5f, 0x67, 0x72, 0x75, 0x2f, 0x6c, 0x69, 0x6e, 0x65, 0x61, 0x72,
    0x5f, 0x69, 0x6e, 0x2f, 0x6c, 0x69, 0x6e, 0x65, 0x61, 0x72, 0x5f, 0x69, 0x6e, 0x2e, 0x30, 0x2f,
    0x43, 0x6f, 0x6e, 0x73, 0x74, 0x61, 0x6e, 0x74, 0x5f, 0x35, 0x5f, 0x6f, 0x75, 0x74, 0x70, 0x75,
    0x74, 0x5f, 0x30, 0x1a, 0x2f, 0x2f, 0x64, 0x66, 0x5f, 0x64, 0x65, 0x63, 0x2f, 0x64, 0x66, 0x5f,
    0x67, 0x72, 0x75, 0x2f, 0x6c, 0x69, 0x6e, 0x65, 0x61, 0x72, 0x5f, 0x69, 0x6e, 0x2f, 0x6c, 0x69,
    0x6e, 0x65, 0x61, 0x72, 0x5f, 0x69, 0x6e, 0x2e, 0x30, 0x2f, 0x43, 0x6f, 0x6e, 0x73, 0x74, 0x61,
    0x6e, 0x74, 0x5f, 0x35, 0x22, 0x08, 0x43, 0x6f, 0x6e, 0x73, 0x74, 0x61, 0x6e, 0x74, 0x2a, 0x1a,
    0x0a, 0x05, 0x76, 0x61, 0x6c, 0x75, 0x65, 0x2a, 0x0e, 0x08, 0x01, 0x10, 0x07, 0x4a, 0x08, 0x00,
    0x00, 0x00, 0x00, 0x00, 0x00, 0x00, 0x00, 0xa0, 0x01, 0x04, 0x0a, 0x91, 0x01, 0x12, 0x38, 0x2f,
    0x64, 0x66, 0x5f, 0x64, 0x65, 0x63, 0x2f, 0x64, 0x66, 0x5f, 0x67, 0x72, 0x75, 0x2f, 0x6c, 0x69,
    0x6e, 0x65, 0x61, 0x72, 0x5f, 0x69, 0x6e, 0x2f, 0x6c, 0x69, 0x6e, 0x65, 0x61, 0x72, 0x5f, 0x69,
    0x6e, 0x2e, 0x30, 0x2f, 0x43, 0x6f, 0x6e, 0x73, 0x74, 0x61, 0x6e, 0x74, 0x5f, 0x36, 0x5f, 0x6f,
    0x75, 0x74, 0x70, 0x75, 0x74, 0x5f, 0x30, 0x1a, 0x2f, 0x2f, 0x64, 0x66, 0x5f, 0x64, 0x65, 0x63,
    0x2f, 0x64, 0x66, 0x5f, 0x67, 0x72, 0x75, 0x2f, 0x6c, 0x69, 0x6e, 0x65, 0x61, 0x72, 0x5f, 0x69,
    0x6e, 0x2f, 0x6c, 0x69, 0x6e, 0x65, 0x61, 0x72, 0x5f, 0x69, 0x6e, 0x2e, 0x30, 0x2f, 0x43, 0x6f,
    0x6e, 0x73, 0x74, 0x61, 0x6e, 0x74, 0x5f, 0x36, 0x22, 0x08, 0x43, 0x6f, 0x6e, 0x73, 0x74, 0x61,
    0x6e, 0x74, 0x2a, 0x1a, 0x0a, 0x05, 0x76, 0x61, 0x6c, 0x75, 0x65, 0x2a, 0x0e, 0x08, 0x01, 0x10,
    0x07, 0x4a, 0x08, 0x02, 0x00, 0x00, 0x00, 0x00, 0x00, 0x00, 0x00, 0xa0, 0x01, 0x04, 0x0a, 0xcd,
    0x02, 0x0a, 0x35, 0x2f, 0x64, 0x66, 0x5f, 0x64, 0x65, 0x63, 0x2f, 0x64, 0x66, 0x5f, 0x67, 0x72,
    0x75, 0x2f, 0x6c, 0x69, 0x6e, 0x65, 0x61, 0x72, 0x5f, 0x69, 0x6e, 0x2f, 0x6c, 0x69, 0x6e, 0x65,
    0x61, 0x72, 0x5f, 0x69, 0x6e, 0x2e, 0x30, 0x2f, 0x53, 0x68, 0x61, 0x70, 0x65, 0x5f, 0x32, 0x5f,
    0x6f, 0x75, 0x74, 0x70, 0x75, 0x74, 0x5f, 0x30, 0x0a, 0x38, 0x2f, 0x64, 0x66, 0x5f, 0x64, 0x65,
    0x63, 0x2f, 0x64, 0x66, 0x5f, 0x67, 0x72, 0x75, 0x2f, 0x6c, 0x69, 0x6e, 0x65, 0x61, 0x72, 0x5f,
    0x69, 0x6e, 0x2f, 0x6c, 0x69, 0x6e, 0x65, 0x61, 0x72, 0x5f, 0x69, 0x6e, 0x2e, 0x30, 0x2f, 0x43,
    0x6f, 0x6e, 0x73, 0x74, 0x61, 0x6e, 0x74, 0x5f, 0x35, 0x5f, 0x6f, 0x75, 0x74, 0x70, 0x75, 0x74,
    0x5f, 0x30, 0x0a, 0x38, 0x2f, 0x64, 0x66, 0x5f, 0x64, 0x65, 0x63, 0x2f, 0x64, 0x66, 0x5f, 0x67,
    0x72, 0x75, 0x2f, 0x6c, 0x69, 0x6e, 0x65, 0x61, 0x72, 0x5f, 0x69, 0x6e, 0x2f, 0x6c, 0x69, 0x6e,
    0x65, 0x61, 0x72, 0x5f, 0x69, 0x6e, 0x2e, 0x30, 0x2f, 0x43, 0x6f, 0x6e, 0x73, 0x74, 0x61, 0x6e,
    0x74, 0x5f, 0x36, 0x5f, 0x6f, 0x75, 0x74, 0x70, 0x75, 0x74, 0x5f, 0x30, 0x0a, 0x38, 0x2f, 0x64,
    0x66, 0x5f, 0x64, 0x65, 0x63, 0x2f, 0x64, 0x66, 0x5f, 0x67, 0x72, 0x75, 0x2f, 0x6c, 0x69, 0x6e,
    0x65, 0x61, 0x72, 0x5f, 0x69, 0x6e, 0x2f, 0x6c, 0x69, 0x6e, 0x65, 0x61, 0x72, 0x5f, 0x69, 0x6e,
    0x2e, 0x30, 0x2f, 0x43, 0x6f, 0x6e, 0x73, 0x74, 0x61, 0x6e, 0x74, 0x5f, 0x34, 0x5f, 0x6f, 0x75,
    0x74, 0x70, 0x75, 0x74, 0x5f, 0x30, 0x12, 0x33, 0x2f, 0x64, 0x66, 0x5f, 0x64, 0x65, 0x63, 0x2f,
    0x64, 0x66, 0x5f, 0x67, 0x72, 0x75, 0x2f, 0x6c, 0x69, 0x6e, 0x65, 0x61, 0x72, 0x5f, 0x69, 0x6e,
    0x2f, 0x6c, 0x69, 0x6e, 0x65, 0x61, 0x72, 0x5f, 0x69, 0x6e, 0x2e, 0x30, 0x2f, 0x53, 0x6c, 0x69,
    0x63, 0x65, 0x5f, 0x6f, 0x75, 0x74, 0x70, 0x75, 0x74, 0x5f, 0x30, 0x1a, 0x2a, 0x2f, 0x64, 0x66,
    0x5f, 0x64, 0x65, 0x63, 0x2f, 0x64, 0x66, 0x5f, 0x67, 0x72, 0x75, 0x2f, 0x6c, 0x69, 0x6e, 0x65,
    0x61, 0x72, 0x5f, 0x69, 0x6e, 0x2f, 0x6c, 0x69, 0x6e, 0x65, 0x61, 0x72, 0x5f, 0x69, 0x6e, 0x2e,
    0x30, 0x2f, 0x53, 0x6c, 0x69, 0x63, 0x65, 0x22, 0x05, 0x53, 0x6c, 0x69, 0x63, 0x65, 0x0a, 0x91,
    0x01, 0x12, 0x38, 0x2f, 0x64, 0x66, 0x5f, 0x64, 0x65, 0x63, 0x2f, 0x64, 0x66, 0x5f, 0x67, 0x72,
    0x75, 0x2f, 0x6c, 0x69, 0x6e, 0x65, 0x61, 0x72, 0x5f, 0x69, 0x6e, 0x2f, 0x6c, 0x69, 0x6e, 0x65,
    0x61, 0x72, 0x5f, 0x69, 0x6e, 0x2e, 0x30, 0x2f, 0x43, 0x6f, 0x6e, 0x73, 0x74, 0x61, 0x6e, 0x74,
    0x5f, 0x37, 0x5f, 0x6f, 0x75, 0x74, 0x70, 0x75, 0x74, 0x5f, 0x30, 0x1a, 0x2f, 0x2f, 0x64, 0x66,
    0x5f, 0x64, 0x65, 0x63, 0x2f, 0x64, 0x66, 0x5f, 0x67, 0x72, 0x75, 0x2f, 0x6c, 0x69, 0x6e, 0x65,
    0x61, 0x72, 0x5f, 0x69, 0x6e, 0x2f, 0x6c, 0x69, 0x6e, 0x65, 0x61, 0x72, 0x5f, 0x69, 0x6e, 0x2e,
    0x30, 0x2f, 0x43, 0x6f, 0x6e, 0x73, 0x74, 0x61, 0x6e, 0x74, 0x5f, 0x37, 0x22, 0x08, 0x43, 0x6f,
    0x6e, 0x73, 0x74, 0x61, 0x6e, 0x74, 0x2a, 0x1a, 0x0a, 0x05, 0x76, 0x61, 0x6c, 0x75, 0x65, 0x2a,
    0x0e, 0x08, 0x01, 0x10, 0x07, 0x4a, 0x08, 0xff, 0xff, 0xff, 0xff, 0xff, 0xff, 0xff, 0xff, 0xa0,
    0x01, 0x04, 0x0a, 0xeb, 0x01, 0x0a, 0x33, 0x2f, 0x64, 0x66, 0x5f, 0x64, 0x65, 0x63, 0x2f, 0x64,
    0x66, 0x5f, 0x67, 0x72, 0x75, 0x2f, 0x6c, 0x69, 0x6e, 0x65, 0x61, 0x72, 0x5f, 0x69, 0x6e, 0x2f,
    0x6c, 0x69, 0x6e, 0x65, 0x61, 0x72, 0x5f, 0x69, 0x6e, 0x2e, 0x30, 0x2f, 0x53, 0x6c, 0x69, 0x63,
    0x65, 0x5f, 0x6f, 0x75, 0x74, 0x70, 0x75, 0x74, 0x5f, 0x30, 0x0a, 0x38, 0x2f, 0x64, 0x66, 0x5f,
    0x64, 0x65, 0x63, 0x2f, 0x64, 0x66, 0x5f, 0x67, 0x72, 0x75, 0x2f, 0x6c, 0x69, 0x6e, 0x65, 0x61,
    0x72, 0x5f, 0x69, 0x6e, 0x2f, 0x6c, 0x69, 0x6e, 0x65, 0x61, 0x72, 0x5f, 0x69, 0x6e, 0x2e, 0x30,
    0x2f, 0x43, 0x6f, 0x6e, 0x73, 0x74, 0x61, 0x6e, 0x74, 0x5f, 0x37, 0x5f, 0x6f, 0x75, 0x74, 0x70,
    0x75, 0x74, 0x5f, 0x30, 0x12, 0x36, 0x2f, 0x64, 0x66, 0x5f, 0x64, 0x65, 0x63, 0x2f, 0x64, 0x66,
    0x5f, 0x67, 0x72, 0x75, 0x2f, 0x6c, 0x69, 0x6e, 0x65, 0x61, 0x72, 0x5f, 0x69, 0x6e, 0x2f, 0x6c,
    0x69, 0x6e, 0x65, 0x61, 0x72, 0x5f, 0x69, 0x6e, 0x2e, 0x30, 0x2f, 0x43, 0x6f, 0x6e, 0x63, 0x61,
    0x74, 0x5f, 0x31, 0x5f, 0x6f, 0x75, 0x74, 0x70, 0x75, 0x74, 0x5f, 0x30, 0x1a, 0x2d, 0x2f, 0x64,
    0x66, 0x5f, 0x64, 0x65, 0x63, 0x2f, 0x64, 0x66, 0x5f, 0x67, 0x72, 0x75, 0x2f, 0x6c, 0x69, 0x6e,
    0x65, 0x61, 0x72, 0x5f, 0x69, 0x6e, 0x2f, 0x6c, 0x69, 0x6e, 0x65, 0x61, 0x72, 0x5f, 0x69, 0x6e,
    0x2e, 0x30, 0x2f, 0x43, 0x6f, 0x6e, 0x63, 0x61, 0x74, 0x5f, 0x31, 0x22, 0x06, 0x43, 0x6f, 0x6e,
    0x63, 0x61, 0x74, 0x2a, 0x0b, 0x0a, 0x04, 0x61, 0x78, 0x69, 0x73, 0x18, 0x00, 0xa0, 0x01, 0x02,
    0x0a, 0xf2, 0x01, 0x0a, 0x34, 0x2f, 0x64, 0x66, 0x5f, 0x64, 0x65, 0x63, 0x2f, 0x64, 0x66, 0x5f,
    0x67, 0x72, 0x75, 0x2f, 0x6c, 0x69, 0x6e, 0x65, 0x61, 0x72, 0x5f, 0x69, 0x6e, 0x2f, 0x6c, 0x69,
    0x6e, 0x65, 0x61, 0x72, 0x5f, 0x69, 0x6e, 0x2e, 0x30, 0x2f, 0x45, 0x69, 0x6e, 0x73, 0x75, 0x6d,
    0x5f, 0x6f, 0x75, 0x74, 0x70, 0x75, 0x74, 0x5f, 0x30, 0x0a, 0x36, 0x2f, 0x64, 0x66, 0x5f, 0x64,
    0x65, 0x63, 0x2f, 0x64, 0x66, 0x5f, 0x67, 0x72, 0x75, 0x2f, 0x6c, 0x69, 0x6e, 0x65, 0x61, 0x72,
    0x5f, 0x69, 0x6e, 0x2f, 0x6c, 0x69, 0x6e, 0x65, 0x61, 0x72, 0x5f, 0x69, 0x6e, 0x2e, 0x30, 0x2f,
    0x43, 0x6f, 0x6e, 0x63, 0x61, 0x74, 0x5f, 0x31, 0x5f, 0x6f, 0x75, 0x74, 0x70, 0x75, 0x74, 0x5f,
    0x30, 0x12, 0x37, 0x2f, 0x64, 0x66, 0x5f, 0x64, 0x65, 0x63, 0x2f, 0x64, 0x66, 0x5f, 0x67, 0x72,
    0x75, 0x2f, 0x6c, 0x69, 0x6e, 0x65, 0x61, 0x72, 0x5f, 0x69, 0x6e, 0x2f, 0x6c, 0x69, 0x6e, 0x65,
    0x61, 0x72, 0x5f, 0x69, 0x6e, 0x2e, 0x30, 0x2f, 0x52, 0x65, 0x73, 0x68, 0x61, 0x70, 0x65, 0x5f,
    0x31, 0x5f, 0x6f, 0x75, 0x74, 0x70, 0x75, 0x74, 0x5f, 0x30, 0x1a, 0x2e, 0x2f, 0x64, 0x66, 0x5f,
    0x64, 0x65, 0x63, 0x2f, 0x64, 0x66, 0x5f, 0x67, 0x72, 0x75, 0x2f, 0x6c, 0x69, 0x6e, 0x65, 0x61,
    0x72, 0x5f, 0x69, 0x6e, 0x2f, 0x6c, 0x69, 0x6e, 0x65, 0x61, 0x72, 0x5f, 0x69, 0x6e, 0x2e, 0x30,
    0x2f, 0x52, 0x65, 0x73, 0x68, 0x61, 0x70, 0x65, 0x5f, 0x31, 0x22, 0x07, 0x52, 0x65, 0x73, 0x68,
    0x61, 0x70, 0x65, 0x2a, 0x10, 0x0a, 0x09, 0x61, 0x6c, 0x6c, 0x6f, 0x77, 0x7a, 0x65, 0x72, 0x6f,
    0x18, 0x00, 0xa0, 0x01, 0x02, 0x0a, 0x9e, 0x01, 0x0a, 0x37, 0x2f, 0x64, 0x66, 0x5f, 0x64, 0x65,
    0x63, 0x2f, 0x64, 0x66, 0x5f, 0x67, 0x72, 0x75, 0x2f, 0x6c, 0x69, 0x6e, 0x65, 0x61, 0x72, 0x5f,
    0x69, 0x6e, 0x2f, 0x6c, 0x69, 0x6e, 0x65, 0x61, 0x72, 0x5f, 0x69, 0x6e, 0x2e, 0x30, 0x2f, 0x52,
    0x65, 0x73, 0x68, 0x61, 0x70, 0x65, 0x5f, 0x31, 0x5f, 0x6f, 0x75, 0x74, 0x70, 0x75, 0x74, 0x5f,
    0x30, 0x12, 0x32, 0x2f, 0x64, 0x66, 0x5f, 0x64, 0x65, 0x63, 0x2f, 0x64, 0x66, 0x5f, 0x67, 0x72,
    0x75, 0x2f, 0x6c, 0x69, 0x6e, 0x65, 0x61, 0x72, 0x5f, 0x69, 0x6e, 0x2f, 0x6c, 0x69, 0x6e, 0x65,
    0x61, 0x72, 0x5f, 0x69, 0x6e, 0x2e, 0x31, 0x2f, 0x52, 0x65, 0x6c, 0x75, 0x5f, 0x6f, 0x75, 0x74,
    0x70, 0x75, 0x74, 0x5f, 0x30, 0x1a, 0x29, 0x2f, 0x64, 0x66, 0x5f, 0x64, 0x65, 0x63, 0x2f, 0x64,
    0x66, 0x5f, 0x67, 0x72, 0x75, 0x2f, 0x6c, 0x69, 0x6e, 0x65, 0x61, 0x72, 0x5f, 0x69, 0x6e, 0x2f,
    0x6c, 0x69, 0x6e, 0x65, 0x61, 0x72, 0x5f, 0x69, 0x6e, 0x2e, 0x31, 0x2f, 0x52, 0x65, 0x6c, 0x75,
    0x22, 0x04, 0x52, 0x65, 0x6c, 0x75, 0x0a, 0x95, 0x01, 0x0a, 0x32, 0x2f, 0x64, 0x66, 0x5f, 0x64,
    0x65, 0x63, 0x2f, 0x64, 0x66, 0x5f, 0x67, 0x72, 0x75, 0x2f, 0x6c, 0x69, 0x6e, 0x65, 0x61, 0x72,
    0x5f, 0x69, 0x6e, 0x2f, 0x6c, 0x69, 0x6e, 0x65, 0x61, 0x72, 0x5f, 0x69, 0x6e, 0x2e, 0x31, 0x2f,
    0x52, 0x65, 0x6c, 0x75, 0x5f, 0x6f, 0x75, 0x74, 0x70, 0x75, 0x74, 0x5f, 0x30, 0x12, 0x25, 0x2f,
    0x64, 0x66, 0x5f, 0x64, 0x65, 0x63, 0x2f, 0x64, 0x66, 0x5f, 0x67, 0x72, 0x75, 0x2f, 0x67, 0x72,
    0x75, 0x2f, 0x54, 0x72, 0x61, 0x6e, 0x73, 0x70, 0x6f, 0x73, 0x65, 0x5f, 0x6f, 0x75, 0x74, 0x70,
    0x75, 0x74, 0x5f, 0x30, 0x1a, 0x1c, 0x2f, 0x64, 0x66, 0x5f, 0x64, 0x65, 0x63, 0x2f, 0x64, 0x66,
    0x5f, 0x67, 0x72, 0x75, 0x2f, 0x67, 0x72, 0x75, 0x2f, 0x54, 0x72, 0x61, 0x6e, 0x73, 0x70, 0x6f,
    0x73, 0x65, 0x22, 0x09, 0x54, 0x72, 0x61, 0x6e, 0x73, 0x70, 0x6f, 0x73, 0x65, 0x2a, 0x0f, 0x0a,
    0x04, 0x70, 0x65, 0x72, 0x6d, 0x40, 0x01, 0x40, 0x00, 0x40, 0x02, 0xa0, 0x01, 0x07, 0x0a, 0xed,
    0x01, 0x0a, 0x25, 0x2f, 0x64, 0x66, 0x5f, 0x64, 0x65, 0x63, 0x2f, 0x64, 0x66, 0x5f, 0x67, 0x72,
    0x75, 0x2f, 0x67, 0x72, 0x75, 0x2f, 0x54, 0x72, 0x61, 0x6e, 0x73, 0x70, 0x6f, 0x73, 0x65, 0x5f,
    0x6f, 0x75, 0x74, 0x70, 0x75, 0x74, 0x5f, 0x30, 0x0a, 0x0e, 0x6f, 0x6e, 0x6e, 0x78, 0x3a, 0x3a,
    0x47, 0x52, 0x55, 0x5f, 0x31, 0x31, 0x36, 0x36, 0x0a, 0x0e, 0x6f, 0x6e, 0x6e, 0x78, 0x3a, 0x3a,
    0x47, 0x52, 0x55, 0x5f, 0x31, 0x31, 0x36, 0x37, 0x0a, 0x0e, 0x6f, 0x6e, 0x6e, 0x78, 0x3a, 0x3a,
    0x47, 0x52, 0x55, 0x5f, 0x31, 0x31, 0x36, 0x38, 0x0a, 0x00, 0x0a, 0x02, 0x68, 0x33, 0x12, 0x1f,
    0x2f, 0x64, 0x66, 0x5f, 0x64, 0x65, 0x63, 0x2f, 0x64, 0x66, 0x5f, 0x67, 0x72, 0x75, 0x2f, 0x67,
    0x72, 0x75, 0x2f, 0x47, 0x52, 0x55, 0x5f, 0x6f, 0x75, 0x74, 0x70, 0x75, 0x74, 0x5f, 0x30, 0x12,
    0x1f, 0x2f, 0x64, 0x66, 0x5f, 0x64, 0x65, 0x63, 0x2f, 0x64, 0x66, 0x5f, 0x67, 0x72, 0x75, 0x2f,
    0x67, 0x72, 0x75, 0x2f, 0x47, 0x52, 0x55, 0x5f, 0x6f, 0x75, 0x74, 0x70, 0x75, 0x74, 0x5f, 0x31,
    0x1a, 0x16, 0x2f, 0x64, 0x66, 0x5f, 0x64, 0x65, 0x63, 0x2f, 0x64, 0x66, 0x5f, 0x67, 0x72, 0x75,
    0x2f, 0x67, 0x72, 0x75, 0x2f, 0x47, 0x52, 0x55, 0x22, 0x03, 0x47, 0x52, 0x55, 0x2a, 0x13, 0x0a,
    0x0b, 0x68, 0x69, 0x64, 0x64, 0x65, 0x6e, 0x5f, 0x73, 0x69, 0x7a, 0x65, 0x18, 0x80, 0x02, 0xa0,
    0x01, 0x02, 0x2a, 0x1a, 0x0a, 0x13, 0x6c, 0x69, 0x6e, 0x65, 0x61, 0x72, 0x5f, 0x62, 0x65, 0x66,
    0x6f, 0x72, 0x65, 0x5f, 0x72, 0x65, 0x73, 0x65, 0x74, 0x18, 0x01, 0xa0, 0x01, 0x02, 0x0a, 0x6d,
    0x12, 0x26, 0x2f, 0x64, 0x66, 0x5f, 0x64, 0x65, 0x63, 0x2f, 0x64, 0x66, 0x5f, 0x67, 0x72, 0x75,
    0x2f, 0x67, 0x72, 0x75, 0x2f, 0x43, 0x6f, 0x6e, 0x73, 0x74, 0x61, 0x6e, 0x74, 0x5f, 0x36, 0x5f,
    0x6f, 0x75, 0x74, 0x70, 0x75, 0x74, 0x5f, 0x30, 0x1a, 0x1d, 0x2f, 0x64, 0x66, 0x5f, 0x64, 0x65,
    0x63, 0x2f, 0x64, 0x66, 0x5f, 0x67, 0x72, 0x75, 0x2f, 0x67, 0x72, 0x75, 0x2f, 0x43, 0x6f, 0x6e,
    0x73, 0x74, 0x61, 0x6e, 0x74, 0x5f, 0x36, 0x22, 0x08, 0x43, 0x6f, 0x6e, 0x73, 0x74, 0x61, 0x6e,
    0x74, 0x2a, 0x1a, 0x0a, 0x05, 0x76, 0x61, 0x6c, 0x75, 0x65, 0x2a, 0x0e, 0x08, 0x01, 0x10, 0x07,
    0x4a, 0x08, 0x01, 0x00, 0x00, 0x00, 0x00, 0x00, 0x00, 0x00, 0xa0, 0x01, 0x04, 0x0a, 0x93, 0x01,
    0x0a, 0x1f, 0x2f, 0x64, 0x66, 0x5f, 0x64, 0x65, 0x63, 0x2f, 0x64, 0x66, 0x5f, 0x67, 0x72, 0x75,
    0x2f, 0x67, 0x72, 0x75, 0x2f, 0x47, 0x52, 0x55, 0x5f, 0x6f, 0x75, 0x74, 0x70, 0x75, 0x74, 0x5f,
    0x30, 0x0a, 0x26, 0x2f, 0x64, 0x66, 0x5f, 0x64, 0x65, 0x63, 0x2f, 0x64, 0x66, 0x5f, 0x67, 0x72,
    0x75, 0x2f, 0x67, 0x72, 0x75, 0x2f, 0x43, 0x6f, 0x6e, 0x73, 0x74, 0x61, 0x6e, 0x74, 0x5f, 0x36,
    0x5f, 0x6f, 0x75, 0x74, 0x70, 0x75, 0x74, 0x5f, 0x30, 0x12, 0x23, 0x2f, 0x64, 0x66, 0x5f, 0x64,
    0x65, 0x63, 0x2f, 0x64, 0x66, 0x5f, 0x67, 0x72, 0x75, 0x2f, 0x67, 0x72, 0x75, 0x2f, 0x53, 0x71,
    0x75, 0x65, 0x65, 0x7a, 0x65, 0x5f, 0x6f, 0x75, 0x74, 0x70, 0x75, 0x74, 0x5f, 0x30, 0x1a, 0x1a,
    0x2f, 0x64, 0x66, 0x5f, 0x64, 0x65, 0x63, 0x2f, 0x64, 0x66, 0x5f, 0x67, 0x72, 0x75, 0x2f, 0x67,
    0x72, 0x75, 0x2f, 0x53, 0x71, 0x75, 0x65, 0x65, 0x7a, 0x65, 0x22, 0x07, 0x53, 0x71, 0x75, 0x65,
    0x65, 0x7a, 0x65, 0x0a, 0xf1, 0x01, 0x0a, 0x23, 0x2f, 0x64, 0x66, 0x5f, 0x64, 0x65, 0x63, 0x2f,
    0x64, 0x66, 0x5f, 0x67, 0x72, 0x75, 0x2f, 0x67, 0x72, 0x75, 0x2f, 0x53, 0x71, 0x75, 0x65, 0x65,
    0x7a, 0x65, 0x5f, 0x6f, 0x75, 0x74, 0x70, 0x75, 0x74, 0x5f, 0x30, 0x0a, 0x0e, 0x6f, 0x6e, 0x6e,
    0x78, 0x3a, 0x3a, 0x47, 0x52, 0x55, 0x5f, 0x31, 0x31, 0x38, 0x36, 0x0a, 0x0e, 0x6f, 0x6e, 0x6e,
    0x78, 0x3a, 0x3a, 0x47, 0x52, 0x55, 0x5f, 0x31, 0x31, 0x38, 0x37, 0x0a, 0x0e, 0x6f, 0x6e, 0x6e,
    0x78, 0x3a, 0x3a, 0x47, 0x52, 0x55, 0x5f, 0x31, 0x31, 0x38, 0x38, 0x0a, 0x00, 0x0a, 0x02, 0x68,
    0x34, 0x12, 0x21, 0x2f, 0x64, 0x66, 0x5f, 0x64, 0x65, 0x63, 0x2f, 0x64, 0x66, 0x5f, 0x67, 0x72,
    0x75, 0x2f, 0x67, 0x72, 0x75, 0x2f, 0x47, 0x52, 0x55, 0x5f, 0x31, 0x5f, 0x6f, 0x75, 0x74, 0x70,
    0x75, 0x74, 0x5f, 0x30, 0x12, 0x21, 0x2f, 0x64, 0x66, 0x5f, 0x64, 0x65, 0x63, 0x2f, 0x64, 0x66,
    0x5f, 0x67, 0x72, 0x75, 0x2f, 0x67, 0x72, 0x75, 0x2f, 0x47, 0x52, 0x55, 0x5f, 0x31, 0x5f, 0x6f,
    0x75, 0x74, 0x70, 0x75, 0x74, 0x5f, 0x31, 0x1a, 0x18, 0x2f, 0x64, 0x66, 0x5f, 0x64, 0x65, 0x63,
    0x2f, 0x64, 0x66, 0x5f, 0x67, 0x72, 0x75, 0x2f, 0x67, 0x72, 0x75, 0x2f, 0x47, 0x52, 0x55, 0x5f,
    0x31, 0x22, 0x03, 0x47, 0x52, 0x55, 0x2a, 0x13, 0x0a, 0x0b, 0x68, 0x69, 0x64, 0x64, 0x65, 0x6e,
    0x5f, 0x73, 0x69, 0x7a, 0x65, 0x18, 0x80, 0x02, 0xa0, 0x01, 0x02, 0x2a, 0x1a, 0x0a, 0x13, 0x6c,
    0x69, 0x6e, 0x65, 0x61, 0x72, 0x5f, 0x62, 0x65, 0x66, 0x6f, 0x72, 0x65, 0x5f, 0x72, 0x65, 0x73,
    0x65, 0x74, 0x18, 0x01, 0xa0, 0x01, 0x02, 0x0a, 0x6f, 0x12, 0x27, 0x2f, 0x64, 0x66, 0x5f, 0x64,
    0x65, 0x63, 0x2f, 0x64, 0x66, 0x5f, 0x67, 0x72, 0x75, 0x2f, 0x67, 0x72, 0x75, 0x2f, 0x43, 0x6f,
    0x6e, 0x73, 0x74, 0x61, 0x6e, 0x74, 0x5f, 0x31, 0x30, 0x5f, 0x6f, 0x75, 0x74, 0x70, 0x75, 0x74,
    0x5f, 0x30, 0x1a, 0x1e, 0x2f, 0x64, 0x66, 0x5f, 0x64, 0x65, 0x63, 0x2f, 0x64, 0x66, 0x5f, 0x67,
    0x72, 0x75, 0x2f, 0x67, 0x72, 0x75, 0x2f, 0x43, 0x6f, 0x6e, 0x73, 0x74, 0x61, 0x6e, 0x74, 0x5f,
    0x31, 0x30, 0x22, 0x08, 0x43, 0x6f, 0x6e, 0x73, 0x74, 0x61, 0x6e, 0x74, 0x2a, 0x1a, 0x0a, 0x05,
    0x76, 0x61, 0x6c, 0x75, 0x65, 0x2a, 0x0e, 0x08, 0x01, 0x10, 0x07, 0x4a, 0x08, 0x01, 0x00, 0x00,
    0x00, 0x00, 0x00, 0x00, 0x00, 0xa0, 0x01, 0x04, 0x0a, 0x9a, 0x01, 0x0a, 0x21, 0x2f, 0x64, 0x66,
    0x5f, 0x64, 0x65, 0x63, 0x2f, 0x64, 0x66, 0x5f, 0x67, 0x72, 0x75, 0x2f, 0x67, 0x72, 0x75, 0x2f,
    0x47, 0x52, 0x55, 0x5f, 0x31, 0x5f, 0x6f, 0x75, 0x74, 0x70, 0x75, 0x74, 0x5f, 0x30, 0x0a, 0x27,
    0x2f, 0x64, 0x66, 0x5f, 0x64, 0x65, 0x63, 0x2f, 0x64, 0x66, 0x5f, 0x67, 0x72, 0x75, 0x2f, 0x67,
    0x72, 0x75, 0x2f, 0x43, 0x6f, 0x6e, 0x73, 0x74, 0x61, 0x6e, 0x74, 0x5f, 0x31, 0x30, 0x5f, 0x6f,
    0x75, 0x74, 0x70, 0x75, 0x74, 0x5f, 0x30, 0x12, 0x25, 0x2f, 0x64, 0x66, 0x5f, 0x64, 0x65, 0x63,
    0x2f, 0x64, 0x66, 0x5f, 0x67, 0x72, 0x75, 0x2f, 0x67, 0x72, 0x75, 0x2f, 0x53, 0x71, 0x75, 0x65,
    0x65, 0x7a, 0x65, 0x5f, 0x31, 0x5f, 0x6f, 0x75, 0x74, 0x70, 0x75, 0x74, 0x5f, 0x30, 0x1a, 0x1c,
    0x2f, 0x64, 0x66, 0x5f, 0x64, 0x65, 0x63, 0x2f, 0x64, 0x66, 0x5f, 0x67, 0x72, 0x75, 0x2f, 0x67,
    0x72, 0x75, 0x2f, 0x53, 0x71, 0x75, 0x65, 0x65, 0x7a, 0x65, 0x5f, 0x31, 0x22, 0x07, 0x53, 0x71,
    0x75, 0x65, 0x65, 0x7a, 0x65, 0x0a, 0x8c, 0x01, 0x0a, 0x25, 0x2f, 0x64, 0x66, 0x5f, 0x64, 0x65,
    0x63, 0x2f, 0x64, 0x66, 0x5f, 0x67, 0x72, 0x75, 0x2f, 0x67, 0x72, 0x75, 0x2f, 0x53, 0x71, 0x75,
    0x65, 0x65, 0x7a, 0x65, 0x5f, 0x31, 0x5f, 0x6f, 0x75, 0x74, 0x70, 0x75, 0x74, 0x5f, 0x30, 0x12,
    0x27, 0x2f, 0x64, 0x66, 0x5f, 0x64, 0x65, 0x63, 0x2f, 0x64, 0x66, 0x5f, 0x67, 0x72, 0x75, 0x2f,
    0x67, 0x72, 0x75, 0x2f, 0x54, 0x72, 0x61, 0x6e, 0x73, 0x70, 0x6f, 0x73, 0x65, 0x5f, 0x31, 0x5f,
    0x6f, 0x75, 0x74, 0x70, 0x75, 0x74, 0x5f, 0x30, 0x1a, 0x1e, 0x2f, 0x64, 0x66, 0x5f, 0x64, 0x65,
    0x63, 0x2f, 0x64, 0x66, 0x5f, 0x67, 0x72, 0x75, 0x2f, 0x67, 0x72, 0x75, 0x2f, 0x54, 0x72, 0x61,
    0x6e, 0x73, 0x70, 0x6f, 0x73, 0x65, 0x5f, 0x31, 0x22, 0x09, 0x54, 0x72, 0x61, 0x6e, 0x73, 0x70,
    0x6f, 0x73, 0x65, 0x2a, 0x0f, 0x0a, 0x04, 0x70, 0x65, 0x72, 0x6d, 0x40, 0x01, 0x40, 0x00, 0x40,
    0x02, 0xa0, 0x01, 0x07, 0x0a, 0x72, 0x0a, 0x32, 0x2f, 0x65, 0x6e, 0x63, 0x2f, 0x65, 0x6d, 0x62,
    0x5f, 0x67, 0x72, 0x75, 0x2f, 0x6c, 0x69, 0x6e, 0x65, 0x61, 0x72, 0x5f, 0x6f, 0x75, 0x74, 0x2f,
    0x6c, 0x69, 0x6e, 0x65, 0x61, 0x72, 0x5f, 0x6f, 0x75, 0x74, 0x2e, 0x31, 0x2f, 0x52, 0x65, 0x6c,
    0x75, 0x5f, 0x6f, 0x75, 0x74, 0x70, 0x75, 0x74, 0x5f, 0x30, 0x12, 0x1e, 0x2f, 0x64, 0x66, 0x5f,
    0x64, 0x65, 0x63, 0x2f, 0x64, 0x66, 0x5f, 0x73, 0x6b, 0x69, 0x70, 0x2f, 0x53, 0x68, 0x61, 0x70,
    0x65, 0x5f, 0x6f, 0x75, 0x74, 0x70, 0x75, 0x74, 0x5f, 0x30, 0x1a, 0x15, 0x2f, 0x64, 0x66, 0x5f,
    0x64, 0x65, 0x63, 0x2f, 0x64, 0x66, 0x5f, 0x73, 0x6b, 0x69, 0x70, 0x2f, 0x53, 0x68, 0x61, 0x70,
    0x65, 0x22, 0x05, 0x53, 0x68, 0x61, 0x70, 0x65, 0x0a, 0x61, 0x12, 0x21, 0x2f, 0x64, 0x66, 0x5f,
    0x64, 0x65, 0x63, 0x2f, 0x64, 0x66, 0x5f, 0x73, 0x6b, 0x69, 0x70, 0x2f, 0x43, 0x6f, 0x6e, 0x73,
    0x74, 0x61, 0x6e, 0x74, 0x5f, 0x6f, 0x75, 0x74, 0x70, 0x75, 0x74, 0x5f, 0x30, 0x1a, 0x18, 0x2f,
    0x64, 0x66, 0x5f, 0x64, 0x65, 0x63, 0x2f, 0x64, 0x66, 0x5f, 0x73, 0x6b, 0x69, 0x70, 0x2f, 0x43,
    0x6f, 0x6e, 0x73, 0x74, 0x61, 0x6e, 0x74, 0x22, 0x08, 0x43, 0x6f, 0x6e, 0x73, 0x74, 0x61, 0x6e,
    0x74, 0x2a, 0x18, 0x0a, 0x05, 0x76, 0x61, 0x6c, 0x75, 0x65, 0x2a, 0x0c, 0x10, 0x07, 0x4a, 0x08,
    0x00, 0x00, 0x00, 0x00, 0x00, 0x00, 0x00, 0x00, 0xa0, 0x01, 0x04, 0x0a, 0x91, 0x01, 0x0a, 0x1e,
    0x2f, 0x64, 0x66, 0x5f, 0x64, 0x65, 0x63, 0x2f, 0x64, 0x66, 0x5f, 0x73, 0x6b, 0x69, 0x70, 0x2f,
    0x53, 0x68, 0x61, 0x70, 0x65, 0x5f, 0x6f, 0x75, 0x74, 0x70, 0x75, 0x74, 0x5f, 0x30, 0x0a, 0x21,
    0x2f, 0x64, 0x66, 0x5f, 0x64, 0x65, 0x63, 0x2f, 0x64, 0x66, 0x5f, 0x73, 0x6b, 0x69, 0x70, 0x2f,
    0x43, 0x6f, 0x6e, 0x73, 0x74, 0x61, 0x6e, 0x74, 0x5f, 0x6f, 0x75, 0x74, 0x70, 0x75, 0x74, 0x5f,
    0x30, 0x12, 0x1f, 0x2f, 0x64, 0x66, 0x5f, 0x64, 0x65, 0x63, 0x2f, 0x64, 0x66, 0x5f, 0x73, 0x6b,
    0x69, 0x70, 0x2f, 0x47, 0x61, 0x74, 0x68, 0x65, 0x72, 0x5f, 0x6f, 0x75, 0x74, 0x70, 0x75, 0x74,
    0x5f, 0x30, 0x1a, 0x16, 0x2f, 0x64, 0x66, 0x5f, 0x64, 0x65, 0x63, 0x2f, 0x64, 0x66, 0x5f, 0x73,
    0x6b, 0x69, 0x70, 0x2f, 0x47, 0x61, 0x74, 0x68, 0x65, 0x72, 0x22, 0x06, 0x47, 0x61, 0x74, 0x68,
    0x65, 0x72, 0x2a, 0x0b, 0x0a, 0x04, 0x61, 0x78, 0x69, 0x73, 0x18, 0x00, 0xa0, 0x01, 0x02, 0x0a,
    0x76, 0x0a, 0x32, 0x2f, 0x65, 0x6e, 0x63, 0x2f, 0x65, 0x6d, 0x62, 0x5f, 0x67, 0x72, 0x75, 0x2f,
    0x6c, 0x69, 0x6e, 0x65, 0x61, 0x72, 0x5f, 0x6f, 0x75, 0x74, 0x2f, 0x6c, 0x69, 0x6e, 0x65, 0x61,
    0x72, 0x5f, 0x6f, 0x75, 0x74, 0x2e, 0x31, 0x2f, 0x52, 0x65, 0x6c, 0x75, 0x5f, 0x6f, 0x75, 0x74,
    0x70, 0x75, 0x74, 0x5f, 0x30, 0x12, 0x20, 0x2f, 0x64, 0x66, 0x5f, 0x64, 0x65, 0x63, 0x2f, 0x64,
    0x66, 0x5f, 0x73, 0x6b, 0x69, 0x70, 0x2f, 0x53, 0x68, 0x61, 0x70, 0x65, 0x5f, 0x31, 0x5f, 0x6f,
    0x75, 0x74, 0x70, 0x75, 0x74, 0x5f, 0x30, 0x1a, 0x17, 0x2f, 0x64, 0x66, 0x5f, 0x64, 0x65, 0x63,
    0x2f, 0x64, 0x66, 0x5f, 0x73, 0x6b, 0x69, 0x70, 0x2f, 0x53, 0x68, 0x61, 0x70, 0x65, 0x5f, 0x31,
    0x22, 0x05, 0x53, 0x68, 0x61, 0x70, 0x65, 0x0a, 0x65, 0x12, 0x23, 0x2f, 0x64, 0x66, 0x5f, 0x64,
    0x65, 0x63, 0x2f, 0x64, 0x66, 0x5f, 0x73, 0x6b, 0x69, 0x70, 0x2f, 0x43, 0x6f, 0x6e, 0x73, 0x74,
    0x61, 0x6e, 0x74, 0x5f, 0x31, 0x5f, 0x6f, 0x75, 0x74, 0x70, 0x75, 0x74, 0x5f, 0x30, 0x1a, 0x1a,
    0x2f, 0x64, 0x66, 0x5f, 0x64, 0x65, 0x63, 0x2f, 0x64, 0x66, 0x5f, 0x73, 0x6b, 0x69, 0x70, 0x2f,
    0x43, 0x6f, 0x6e, 0x73, 0x74, 0x61, 0x6e, 0x74, 0x5f, 0x31, 0x22, 0x08, 0x43, 0x6f, 0x6e, 0x73,
    0x74, 0x61, 0x6e, 0x74, 0x2a, 0x18, 0x0a, 0x05, 0x76, 0x61, 0x6c, 0x75, 0x65, 0x2a, 0x0c, 0x10,
    0x07, 0x4a, 0x08, 0x01, 0x00, 0x00, 0x00, 0x00, 0x00, 0x00, 0x00, 0xa0, 0x01, 0x04, 0x0a, 0x99,
    0x01, 0x0a, 0x20, 0x2f, 0x64, 0x66, 0x5f, 0x64, 0x65, 0x63, 0x2f, 0x64, 0x66, 0x5f, 0x73, 0x6b,
    0x69, 0x70, 0x2f, 0x53, 0x68, 0x61, 0x70, 0x65, 0x5f, 0x31, 0x5f, 0x6f, 0x75, 0x74, 0x70, 0x75,
    0x74, 0x5f, 0x30, 0x0a, 0x23, 0x2f, 0x64, 0x66, 0x5f, 0x64, 0x65, 0x63, 0x2f, 0x64, 0x66, 0x5f,
    0x73, 0x6b, 0x69, 0x70, 0x2f, 0x43, 0x6f, 0x6e, 0x73, 0x74, 0x61, 0x6e, 0x74, 0x5f, 0x31, 0x5f,
    0x6f, 0x75, 0x74, 0x70, 0x75, 0x74, 0x5f, 0x30, 0x12, 0x21, 0x2f, 0x64, 0x66, 0x5f, 0x64, 0x65,
    0x63, 0x2f, 0x64, 0x66, 0x5f, 0x73, 0x6b, 0x69, 0x70, 0x2f, 0x47, 0x61, 0x74, 0x68, 0x65, 0x72,
    0x5f, 0x31, 0x5f, 0x6f, 0x75, 0x74, 0x70, 0x75, 0x74, 0x5f, 0x30, 0x1a, 0x18, 0x2f, 0x64, 0x66,
    0x5f, 0x64, 0x65, 0x63, 0x2f, 0x64, 0x66, 0x5f, 0x73, 0x6b, 0x69, 0x70, 0x2f, 0x47, 0x61, 0x74,
    0x68, 0x65, 0x72, 0x5f, 0x31, 0x22, 0x06, 0x47, 0x61, 0x74, 0x68, 0x65, 0x72, 0x2a, 0x0b, 0x0a,
    0x04, 0x61, 0x78, 0x69, 0x73, 0x18, 0x00, 0xa0, 0x01, 0x02, 0x0a, 0x49, 0x12, 0x13, 0x6f, 0x6e,
    0x6e, 0x78, 0x3a, 0x3a, 0x55, 0x6e, 0x73, 0x71, 0x75, 0x65, 0x65, 0x7a, 0x65, 0x5f, 0x38, 0x38,
    0x38, 0x1a, 0x0c, 0x43, 0x6f, 0x6e, 0x73, 0x74, 0x61, 0x6e, 0x74, 0x5f, 0x35, 0x36, 0x33, 0x22,
    0x08, 0x43, 0x6f, 0x6e, 0x73, 0x74, 0x61, 0x6e, 0x74, 0x2a, 0x1a, 0x0a, 0x05, 0x76, 0x61, 0x6c,
    0x75, 0x65, 0x2a, 0x0e, 0x08, 0x01, 0x10, 0x07, 0x4a, 0x08, 0x00, 0x00, 0x00, 0x00, 0x00, 0x00,
    0x00, 0x00, 0xa0, 0x01, 0x04, 0x0a, 0x80, 0x01, 0x0a, 0x1f, 0x2f, 0x64, 0x66, 0x5f, 0x64, 0x65,
    0x63, 0x2f, 0x64, 0x66, 0x5f, 0x73, 0x6b, 0x69, 0x70, 0x2f, 0x47, 0x61, 0x74, 0x68, 0x65, 0x72,
    0x5f, 0x6f, 0x75, 0x74, 0x70, 0x75, 0x74, 0x5f, 0x30, 0x0a, 0x13, 0x6f, 0x6e, 0x6e, 0x78, 0x3a,
    0x3a, 0x55, 0x6e, 0x73, 0x71, 0x75, 0x65, 0x65, 0x7a, 0x65, 0x5f, 0x38, 0x38, 0x38, 0x12, 0x22,
    0x2f, 0x64, 0x66, 0x5f, 0x64, 0x65, 0x63, 0x2f, 0x64, 0x66, 0x5f, 0x73, 0x6b, 0x69, 0x70, 0x2f,
    0x55, 0x6e, 0x73, 0x71, 0x75, 0x65, 0x65, 0x7a, 0x65, 0x5f, 0x6f, 0x75, 0x74, 0x70, 0x75, 0x74,
    0x5f, 0x30, 0x1a, 0x19, 0x2f, 0x64, 0x66, 0x5f, 0x64, 0x65, 0x63, 0x2f, 0x64, 0x66, 0x5f, 0x73,
    0x6b, 0x69, 0x70, 0x2f, 0x55, 0x6e, 0x73, 0x71, 0x75, 0x65, 0x65, 0x7a, 0x65, 0x22, 0x09, 0x55,
    0x6e, 0x73, 0x71, 0x75, 0x65, 0x65, 0x7a, 0x65, 0x0a, 0x49, 0x12, 0x13, 0x6f, 0x6e, 0x6e, 0x78,
    0x3a, 0x3a, 0x55, 0x6e, 0x73, 0x71, 0x75, 0x65, 0x65, 0x7a, 0x65, 0x5f, 0x38, 0x39, 0x30, 0x1a,
    0x0c, 0x43, 0x6f, 0x6e, 0x73, 0x74, 0x61, 0x6e, 0x74, 0x5f, 0x35, 0x36, 0x35, 0x22, 0x08, 0x43,
    0x6f, 0x6e, 0x73, 0x74, 0x61, 0x6e, 0x74, 0x2a, 0x1a, 0x0a, 0x05, 0x76, 0x61, 0x6c, 0x75, 0x65,
    0x2a, 0x0e, 0x08, 0x01, 0x10, 0x07, 0x4a, 0x08, 0x00, 0x00, 0x00, 0x00, 0x00, 0x00, 0x00, 0x00,
    0xa0, 0x01, 0x04, 0x0a, 0x86, 0x01, 0x0a, 0x21, 0x2f, 0x64, 0x66, 0x5f, 0x64, 0x65, 0x63, 0x2f,
    0x64, 0x66, 0x5f, 0x73, 0x6b, 0x69, 0x70, 0x2f, 0x47, 0x61, 0x74, 0x68, 0x65, 0x72, 0x5f, 0x31,
    0x5f, 0x6f, 0x75, 0x74, 0x70, 0x75, 0x74, 0x5f, 0x30, 0x0a, 0x13, 0x6f, 0x6e, 0x6e, 0x78, 0x3a,
    0x3a, 0x55, 0x6e, 0x73, 0x71, 0x75, 0x65, 0x65, 0x7a, 0x65, 0x5f, 0x38, 0x39, 0x30, 0x12, 0x24,
    0x2f, 0x64, 0x66, 0x5f, 0x64, 0x65, 0x63, 0x2f, 0x64, 0x66, 0x5f, 0x73, 0x6b, 0x69, 0x70, 0x2f,
    0x55, 0x6e, 0x73, 0x71, 0x75, 0x65, 0x65, 0x7a, 0x65, 0x5f, 0x31, 0x5f, 0x6f, 0x75, 0x74, 0x70,
    0x75, 0x74, 0x5f, 0x30, 0x1a, 0x1b, 0x2f, 0x64, 0x66, 0x5f, 0x64, 0x65, 0x63, 0x2f, 0x64, 0x66,
    0x5f, 0x73, 0x6b, 0x69, 0x70, 0x2f, 0x55, 0x6e, 0x73, 0x71, 0x75, 0x65, 0x65, 0x7a, 0x65, 0x5f,
    0x31, 0x22, 0x09, 0x55, 0x6e, 0x73, 0x71, 0x75, 0x65, 0x65, 0x7a, 0x65, 0x0a, 0x67, 0x12, 0x23,
    0x2f, 0x64, 0x66, 0x5f, 0x64, 0x65, 0x63, 0x2f, 0x64, 0x66, 0x5f, 0x73, 0x6b, 0x69, 0x70, 0x2f,
    0x43, 0x6f, 0x6e, 0x73, 0x74, 0x61, 0x6e, 0x74, 0x5f, 0x32, 0x5f, 0x6f, 0x75, 0x74, 0x70, 0x75,
    0x74, 0x5f, 0x30, 0x1a, 0x1a, 0x2f, 0x64, 0x66, 0x5f, 0x64, 0x65, 0x63, 0x2f, 0x64, 0x66, 0x5f,
    0x73, 0x6b, 0x69, 0x70, 0x2f, 0x43, 0x6f, 0x6e, 0x73, 0x74, 0x61, 0x6e, 0x74, 0x5f, 0x32, 0x22,
    0x08, 0x43, 0x6f, 0x6e, 0x73, 0x74, 0x61, 0x6e, 0x74, 0x2a, 0x1a, 0x0a, 0x05, 0x76, 0x61, 0x6c,
    0x75, 0x65, 0x2a, 0x0e, 0x08, 0x01, 0x10, 0x07, 0x4a, 0x08, 0x10, 0x00, 0x00, 0x00, 0x00, 0x00,
    0x00, 0x00, 0xa0, 0x01, 0x04, 0x0a, 0x67, 0x12, 0x23, 0x2f, 0x64, 0x66, 0x5f, 0x64, 0x65, 0x63,
    0x2f, 0x64, 0x66, 0x5f, 0x73, 0x6b, 0x69, 0x70, 0x2f, 0x43, 0x6f, 0x6e, 0x73, 0x74, 0x61, 0x6e,
    0x74, 0x5f, 0x33, 0x5f, 0x6f, 0x75, 0x74, 0x70, 0x75, 0x74, 0x5f, 0x30, 0x1a, 0x1a, 0x2f, 0x64,
    0x66, 0x5f, 0x64, 0x65, 0x63, 0x2f, 0x64, 0x66, 0x5f, 0x73, 0x6b, 0x69, 0x70, 0x2f, 0x43, 0x6f,
    0x6e, 0x73, 0x74, 0x61, 0x6e, 0x74, 0x5f, 0x33, 0x22, 0x08, 0x43, 0x6f, 0x6e, 0x73, 0x74, 0x61,
    0x6e, 0x74, 0x2a, 0x1a, 0x0a, 0x05, 0x76, 0x61, 0x6c, 0x75, 0x65, 0x2a, 0x0e, 0x08, 0x01, 0x10,
    0x07, 0x4a, 0x08, 0x20, 0x00, 0x00, 0x00, 0x00, 0x00, 0x00, 0x00, 0xa0, 0x01, 0x04, 0x0a, 0xe2,
    0x01, 0x0a, 0x22, 0x2f, 0x64, 0x66, 0x5f, 0x64, 0x65, 0x63, 0x2f, 0x64, 0x66, 0x5f, 0x73, 0x6b,
    0x69, 0x70, 0x2f, 0x55, 0x6e, 0x73, 0x71, 0x75, 0x65, 0x65, 0x7a, 0x65, 0x5f, 0x6f, 0x75, 0x74,
    0x70, 0x75, 0x74, 0x5f, 0x30, 0x0a, 0x24, 0x2f, 0x64, 0x66, 0x5f, 0x64, 0x65, 0x63, 0x2f, 0x64,
    0x66, 0x5f, 0x73, 0x6b, 0x69, 0x70, 0x2f, 0x55, 0x6e, 0x73, 0x71, 0x75, 0x65, 0x65, 0x7a, 0x65,
    0x5f, 0x31, 0x5f, 0x6f, 0x75, 0x74, 0x70, 0x75, 0x74, 0x5f, 0x30, 0x0a, 0x23, 0x2f, 0x64, 0x66,
    0x5f, 0x64, 0x65, 0x63, 0x2f, 0x64, 0x66, 0x5f, 0x73, 0x6b, 0x69, 0x70, 0x2f, 0x43, 0x6f, 0x6e,
    0x73, 0x74, 0x61, 0x6e, 0x74, 0x5f, 0x32, 0x5f, 0x6f, 0x75, 0x74, 0x70, 0x75, 0x74, 0x5f, 0x30,
    0x0a, 0x23, 0x2f, 0x64, 0x66, 0x5f, 0x64, 0x65, 0x63, 0x2f, 0x64, 0x66, 0x5f, 0x73, 0x6b, 0x69,
    0x70, 0x2f, 0x43, 0x6f, 0x6e, 0x73, 0x74, 0x61, 0x6e, 0x74, 0x5f, 0x33, 0x5f, 0x6f, 0x75, 0x74,
    0x70, 0x75, 0x74, 0x5f, 0x30, 0x12, 0x1f, 0x2f, 0x64, 0x66, 0x5f, 0x64, 0x65, 0x63, 0x2f, 0x64,
    0x66, 0x5f, 0x73, 0x6b, 0x69, 0x70, 0x2f, 0x43, 0x6f, 0x6e, 0x63, 0x61, 0x74, 0x5f, 0x6f, 0x75,
    0x74, 0x70, 0x75, 0x74, 0x5f, 0x30, 0x1a, 0x16, 0x2f, 0x64, 0x66, 0x5f, 0x64, 0x65, 0x63, 0x2f,
    0x64, 0x66, 0x5f, 0x73, 0x6b, 0x69, 0x70, 0x2f, 0x43, 0x6f, 0x6e, 0x63, 0x61, 0x74, 0x22, 0x06,
    0x43, 0x6f, 0x6e, 0x63, 0x61, 0x74, 0x2a, 0x0b, 0x0a, 0x04, 0x61, 0x78, 0x69, 0x73, 0x18, 0x00,
    0xa0, 0x01, 0x02, 0x0a, 0xab, 0x01, 0x0a, 0x32, 0x2f, 0x65, 0x6e, 0x63, 0x2f, 0x65, 0x6d, 0x62,
    0x5f, 0x67, 0x72, 0x75, 0x2f, 0x6c, 0x69, 0x6e, 0x65, 0x61, 0x72, 0x5f, 0x6f, 0x75, 0x74, 0x2f,
    0x6c, 0x69, 0x6e, 0x65, 0x61, 0x72, 0x5f, 0x6f, 0x75, 0x74, 0x2e, 0x31, 0x2f, 0x52, 0x65, 0x6c,
    0x75, 0x5f, 0x6f, 0x75, 0x74, 0x70, 0x75, 0x74, 0x5f, 0x30, 0x0a, 0x1f, 0x2f, 0x64, 0x66, 0x5f,
    0x64, 0x65, 0x63, 0x2f, 0x64, 0x66, 0x5f, 0x73, 0x6b, 0x69, 0x70, 0x2f, 0x43, 0x6f, 0x6e, 0x63,
    0x61, 0x74, 0x5f, 0x6f, 0x75, 0x74, 0x70, 0x75, 0x74, 0x5f, 0x30, 0x12, 0x20, 0x2f, 0x64, 0x66,
    0x5f, 0x64, 0x65, 0x63, 0x2f, 0x64, 0x66, 0x5f, 0x73, 0x6b, 0x69, 0x70, 0x2f, 0x52, 0x65, 0x73,
    0x68, 0x61, 0x70, 0x65, 0x5f, 0x6f, 0x75, 0x74, 0x70, 0x75, 0x74, 0x5f, 0x30, 0x1a, 0x17, 0x2f,
    0x64, 0x66, 0x5f, 0x64, 0x65, 0x63, 0x2f, 0x64, 0x66, 0x5f, 0x73, 0x6b, 0x69, 0x70, 0x2f, 0x52,
    0x65, 0x73, 0x68, 0x61, 0x70, 0x65, 0x22, 0x07, 0x52, 0x65, 0x73, 0x68, 0x61, 0x70, 0x65, 0x2a,
    0x10, 0x0a, 0x09, 0x61, 0x6c, 0x6c, 0x6f, 0x77, 0x7a, 0x65, 0x72, 0x6f, 0x18, 0x00, 0xa0, 0x01,
    0x02, 0x0a, 0x99, 0x01, 0x0a, 0x20, 0x2f, 0x64, 0x66, 0x5f, 0x64, 0x65, 0x63, 0x2f, 0x64, 0x66,
    0x5f, 0x73, 0x6b, 0x69, 0x70, 0x2f, 0x52, 0x65, 0x73, 0x68, 0x61, 0x70, 0x65, 0x5f, 0x6f, 0x75,
    0x74, 0x70, 0x75, 0x74, 0x5f, 0x30, 0x0a, 0x15, 0x64, 0x66, 0x5f, 0x64, 0x65, 0x63, 0x2e, 0x64,
    0x66, 0x5f, 0x73, 0x6b, 0x69, 0x70, 0x2e, 0x77, 0x65, 0x69, 0x67, 0x68, 0x74, 0x12, 0x1f, 0x2f,
    0x64, 0x66, 0x5f, 0x64, 0x65, 0x63, 0x2f, 0x64, 0x66, 0x5f, 0x73, 0x6b, 0x69, 0x70, 0x2f, 0x45,
    0x69, 0x6e, 0x73, 0x75, 0x6d, 0x5f, 0x6f, 0x75, 0x74, 0x70, 0x75, 0x74, 0x5f, 0x30, 0x1a, 0x16,
    0x2f, 0x64, 0x66, 0x5f, 0x64, 0x65, 0x63, 0x2f, 0x64, 0x66, 0x5f, 0x73, 0x6b, 0x69, 0x70, 0x2f,
    0x45, 0x69, 0x6e, 0x73, 0x75, 0x6d, 0x22, 0x06, 0x45, 0x69, 0x6e, 0x73, 0x75, 0x6d, 0x2a, 0x1d,
    0x0a, 0x08, 0x65, 0x71, 0x75, 0x61, 0x74, 0x69, 0x6f, 0x6e, 0x22, 0x0e, 0x62, 0x74, 0x67, 0x69,
    0x2c, 0x67, 0x69, 0x68, 0x2d, 0x3e, 0x62, 0x74, 0x67, 0x68, 0xa0, 0x01, 0x03, 0x0a, 0x63, 0x0a,
    0x1f, 0x2f, 0x64, 0x66, 0x5f, 0x64, 0x65, 0x63, 0x2f, 0x64, 0x66, 0x5f, 0x73, 0x6b, 0x69, 0x70,
    0x2f, 0x45, 0x69, 0x6e, 0x73, 0x75, 0x6d, 0x5f, 0x6f, 0x75, 0x74, 0x70, 0x75, 0x74, 0x5f, 0x30,
    0x12, 0x20, 0x2f, 0x64, 0x66, 0x5f, 0x64, 0x65, 0x63, 0x2f, 0x64, 0x66, 0x5f, 0x73, 0x6b, 0x69,
    0x70, 0x2f, 0x53, 0x68, 0x61, 0x70, 0x65, 0x5f, 0x32, 0x5f, 0x6f, 0x75, 0x74, 0x70, 0x75, 0x74,
    0x5f, 0x30, 0x1a, 0x17, 0x2f, 0x64, 0x66, 0x5f, 0x64, 0x65, 0x63, 0x2f, 0x64, 0x66, 0x5f, 0x73,
    0x6b, 0x69, 0x70, 0x2f, 0x53, 0x68, 0x61, 0x70, 0x65, 0x5f, 0x32, 0x22, 0x05, 0x53, 0x68, 0x61,
    0x70, 0x65, 0x0a, 0x67, 0x12, 0x23, 0x2f, 0x64, 0x66, 0x5f, 0x64, 0x65, 0x63, 0x2f, 0x64, 0x66,
    0x5f, 0x73, 0x6b, 0x69, 0x70, 0x2f, 0x43, 0x6f, 0x6e, 0x73, 0x74, 0x61, 0x6e, 0x74, 0x5f, 0x34,
    0x5f, 0x6f, 0x75, 0x74, 0x70, 0x75, 0x74, 0x5f, 0x30, 0x1a, 0x1a, 0x2f, 0x64, 0x66, 0x5f, 0x64,
    0x65, 0x63, 0x2f, 0x64, 0x66, 0x5f, 0x73, 0x6b, 0x69, 0x70, 0x2f, 0x43, 0x6f, 0x6e, 0x73, 0x74,
    0x61, 0x6e, 0x74, 0x5f, 0x34, 0x22, 0x08, 0x43, 0x6f, 0x6e, 0x73, 0x74, 0x61, 0x6e, 0x74, 0x2a,
    0x1a, 0x0a, 0x05, 0x76, 0x61, 0x6c, 0x75, 0x65, 0x2a, 0x0e, 0x08, 0x01, 0x10, 0x07, 0x4a, 0x08,
    0x00, 0x00, 0x00, 0x00, 0x00, 0x00, 0x00, 0x00, 0xa0, 0x01, 0x04, 0x0a, 0x67, 0x12, 0x23, 0x2f,
    0x64, 0x66, 0x5f, 0x64, 0x65, 0x63, 0x2f, 0x64, 0x66, 0x5f, 0x73, 0x6b, 0x69, 0x70, 0x2f, 0x43,
    0x6f, 0x6e, 0x73, 0x74, 0x61, 0x6e, 0x74, 0x5f, 0x35, 0x5f, 0x6f, 0x75, 0x74, 0x70, 0x75, 0x74,
    0x5f, 0x30, 0x1a, 0x1a, 0x2f, 0x64, 0x66, 0x5f, 0x64, 0x65, 0x63, 0x2f, 0x64, 0x66, 0x5f, 0x73,
    0x6b, 0x69, 0x70, 0x2f, 0x43, 0x6f, 0x6e, 0x73, 0x74, 0x61, 0x6e, 0x74, 0x5f, 0x35, 0x22, 0x08,
    0x43, 0x6f, 0x6e, 0x73, 0x74, 0x61, 0x6e, 0x74, 0x2a, 0x1a, 0x0a, 0x05, 0x76, 0x61, 0x6c, 0x75,
    0x65, 0x2a, 0x0e, 0x08, 0x01, 0x10, 0x07, 0x4a, 0x08, 0x00, 0x00, 0x00, 0x00, 0x00, 0x00, 0x00,
    0x00, 0xa0, 0x01, 0x04, 0x0a, 0x67, 0x12, 0x23, 0x2f, 0x64, 0x66, 0x5f, 0x64, 0x65, 0x63, 0x2f,
    0x64, 0x66, 0x5f, 0x73, 0x6b, 0x69, 0x70, 0x2f, 0x43, 0x6f, 0x6e, 0x73, 0x74, 0x61, 0x6e, 0x74,
    0x5f, 0x36, 0x5f, 0x6f, 0x75, 0x74, 0x70, 0x75, 0x74, 0x5f, 0x30, 0x1a, 0x1a, 0x2f, 0x64, 0x66,
    0x5f, 0x64, 0x65, 0x63, 0x2f, 0x64, 0x66, 0x5f, 0x73, 0x6b, 0x69, 0x70, 0x2f, 0x43, 0x6f, 0x6e,
    0x73, 0x74, 0x61, 0x6e, 0x74, 0x5f, 0x36, 0x22, 0x08, 0x43, 0x6f, 0x6e, 0x73, 0x74, 0x61, 0x6e,
    0x74, 0x2a, 0x1a, 0x0a, 0x05, 0x76, 0x61, 0x6c, 0x75, 0x65, 0x2a, 0x0e, 0x08, 0x01, 0x10, 0x07,
    0x4a, 0x08, 0x02, 0x00, 0x00, 0x00, 0x00, 0x00, 0x00, 0x00, 0xa0, 0x01, 0x04, 0x0a, 0xcf, 0x01,
    0x0a, 0x20, 0x2f, 0x64, 0x66, 0x5f, 0x64, 0x65, 0x63, 0x2f, 0x64, 0x66, 0x5f, 0x73, 0x6b, 0x69,
    0x70, 0x2f, 0x53, 0x68, 0x61, 0x70, 0x65, 0x5f, 0x32, 0x5f, 0x6f, 0x75, 0x74, 0x70, 0x75, 0x74,
    0x5f, 0x30, 0x0a, 0x23, 0x2f, 0x64, 0x66, 0x5f, 0x64, 0x65, 0x63, 0x2f, 0x64, 0x66, 0x5f, 0x73,
    0x6b, 0x69, 0x70, 0x2f, 0x43, 0x6f, 0x6e, 0x73, 0x74, 0x61, 0x6e, 0x74, 0x5f, 0x35, 0x5f, 0x6f,
    0x75, 0x74, 0x70, 0x75, 0x74, 0x5f, 0x30, 0x0a, 0x23, 0x2f, 0x64, 0x66, 0x5f, 0x64, 0x65, 0x63,
    0x2f, 0x64, 0x66, 0x5f, 0x73, 0x6b, 0x69, 0x70, 0x2f, 0x43, 0x6f, 0x6e, 0x73, 0x74, 0x61, 0x6e,
    0x74, 0x5f, 0x36, 0x5f, 0x6f, 0x75, 0x74, 0x70, 0x75, 0x74, 0x5f, 0x30, 0x0a, 0x23, 0x2f, 0x64,
    0x66, 0x5f, 0x64, 0x65, 0x63, 0x2f, 0x64, 0x66, 0x5f, 0x73, 0x6b, 0x69, 0x70, 0x2f, 0x43, 0x6f,
    0x6e, 0x73, 0x74, 0x61, 0x6e, 0x74, 0x5f, 0x34, 0x5f, 0x6f, 0x75, 0x74, 0x70, 0x75, 0x74, 0x5f,
    0x30, 0x12, 0x1e, 0x2f, 0x64, 0x66, 0x5f, 0x64, 0x65, 0x63, 0x2f, 0x64, 0x66, 0x5f, 0x73, 0x6b,
    0x69, 0x70, 0x2f, 0x53, 0x6c, 0x69, 0x63, 0x65, 0x5f, 0x6f, 0x75, 0x74, 0x70, 0x75, 0x74, 0x5f,
    0x30, 0x1a, 0x15, 0x2f, 0x64, 0x66, 0x5f, 0x64, 0x65, 0x63, 0x2f, 0x64, 0x66, 0x5f, 0x73, 0x6b,
    0x69, 0x70, 0x2f, 0x53, 0x6c, 0x69, 0x63, 0x65, 0x22, 0x05, 0x53, 0x6c, 0x69, 0x63, 0x65, 0x0a,
    0x67, 0x12, 0x23, 0x2f, 0x64, 0x66, 0x5f, 0x64, 0x65, 0x63, 0x2f, 0x64, 0x66, 0x5f, 0x73, 0x6b,
    0x69, 0x70, 0x2f, 0x43, 0x6f, 0x6e, 0x73, 0x74, 0x61, 0x6e, 0x74, 0x5f, 0x37, 0x5f, 0x6f, 0x75,
    0x74, 0x70, 0x75, 0x74, 0x5f, 0x30, 0x1a, 0x1a, 0x2f, 0x64, 0x66, 0x5f, 0x64, 0x65, 0x63, 0x2f,
    0x64, 0x66, 0x5f, 0x73, 0x6b, 0x69, 0x70, 0x2f, 0x43, 0x6f, 0x6e, 0x73, 0x74, 0x61, 0x6e, 0x74,
    0x5f, 0x37, 0x22, 0x08, 0x43, 0x6f, 0x6e, 0x73, 0x74, 0x61, 0x6e, 0x74, 0x2a, 0x1a, 0x0a, 0x05,
    0x76, 0x61, 0x6c, 0x75, 0x65, 0x2a, 0x0e, 0x08, 0x01, 0x10, 0x07, 0x4a, 0x08, 0xff, 0xff, 0xff,
    0xff, 0xff, 0xff, 0xff, 0xff, 0xa0, 0x01, 0x04, 0x0a, 0x97, 0x01, 0x0a, 0x1e, 0x2f, 0x64, 0x66,
    0x5f, 0x64, 0x65, 0x63, 0x2f, 0x64, 0x66, 0x5f, 0x73, 0x6b, 0x69, 0x70, 0x2f, 0x53, 0x6c, 0x69,
    0x63, 0x65, 0x5f, 0x6f, 0x75, 0x74, 0x70, 0x75, 0x74, 0x5f, 0x30, 0x0a, 0x23, 0x2f, 0x64, 0x66,
    0x5f, 0x64, 0x65, 0x63, 0x2f, 0x64, 0x66, 0x5f, 0x73, 0x6b, 0x69, 0x70, 0x2f, 0x43, 0x6f, 0x6e,
    0x73, 0x74, 0x61, 0x6e, 0x74, 0x5f, 0x37, 0x5f, 0x6f, 0x75, 0x74, 0x70, 0x75, 0x74, 0x5f, 0x30,
    0x12, 0x21, 0x2f, 0x64, 0x66, 0x5f, 0x64, 0x65, 0x63, 0x2f, 0x64, 0x66, 0x5f, 0x73, 0x6b, 0x69,
    0x70, 0x2f, 0x43, 0x6f, 0x6e, 0x63, 0x61, 0x74, 0x5f, 0x31, 0x5f, 0x6f, 0x75, 0x74, 0x70, 0x75,
    0x74, 0x5f, 0x30, 0x1a, 0x18, 0x2f, 0x64, 0x66, 0x5f, 0x64, 0x65, 0x63, 0x2f, 0x64, 0x66, 0x5f,
    0x73, 0x6b, 0x69, 0x70, 0x2f, 0x43, 0x6f, 0x6e, 0x63, 0x61, 0x74, 0x5f, 0x31, 0x22, 0x06, 0x43,
    0x6f, 0x6e, 0x63, 0x61, 0x74, 0x2a, 0x0b, 0x0a, 0x04, 0x61, 0x78, 0x69, 0x73, 0x18, 0x00, 0xa0,
    0x01, 0x02, 0x0a, 0x9e, 0x01, 0x0a, 0x1f, 0x2f, 0x64, 0x66, 0x5f, 0x64, 0x65, 0x63, 0x2f, 0x64,
    0x66, 0x5f, 0x73, 0x6b, 0x69, 0x70, 0x2f, 0x45, 0x69, 0x6e, 0x73, 0x75, 0x6d, 0x5f, 0x6f, 0x75,
    0x74, 0x70, 0x75, 0x74, 0x5f, 0x30, 0x0a, 0x21, 0x2f, 0x64, 0x66, 0x5f, 0x64, 0x65, 0x63, 0x2f,
    0x64, 0x66, 0x5f, 0x73, 0x6b, 0x69, 0x70, 0x2f, 0x43, 0x6f, 0x6e, 0x63, 0x61, 0x74, 0x5f, 0x31,
    0x5f, 0x6f, 0x75, 0x74, 0x70, 0x75, 0x74, 0x5f, 0x30, 0x12, 0x22, 0x2f, 0x64, 0x66, 0x5f, 0x64,
    0x65, 0x63, 0x2f, 0x64, 0x66, 0x5f, 0x73, 0x6b, 0x69, 0x70, 0x2f, 0x52, 0x65, 0x73, 0x68, 0x61,
    0x70, 0x65, 0x5f, 0x31, 0x5f, 0x6f, 0x75, 0x74, 0x70, 0x75, 0x74, 0x5f, 0x30, 0x1a, 0x19, 0x2f,
    0x64, 0x66, 0x5f, 0x64, 0x65, 0x63, 0x2f, 0x64, 0x66, 0x5f, 0x73, 0x6b, 0x69, 0x70, 0x2f, 0x52,
    0x65, 0x73, 0x68, 0x61, 0x70, 0x65, 0x5f, 0x31, 0x22, 0x07, 0x52, 0x65, 0x73, 0x68, 0x61, 0x70,
    0x65, 0x2a, 0x10, 0x0a, 0x09, 0x61, 0x6c, 0x6c, 0x6f, 0x77, 0x7a, 0x65, 0x72, 0x6f, 0x18, 0x00,
    0xa0, 0x01, 0x02, 0x0a, 0x75, 0x0a, 0x27, 0x2f, 0x64, 0x66, 0x5f, 0x64, 0x65, 0x63, 0x2f, 0x64,
    0x66, 0x5f, 0x67, 0x72, 0x75, 0x2f, 0x67, 0x72, 0x75, 0x2f, 0x54, 0x72, 0x61, 0x6e, 0x73, 0x70,
    0x6f, 0x73, 0x65, 0x5f, 0x31, 0x5f, 0x6f, 0x75, 0x74, 0x70, 0x75, 0x74, 0x5f, 0x30, 0x0a, 0x22,
    0x2f, 0x64, 0x66, 0x5f, 0x64, 0x65, 0x63, 0x2f, 0x64, 0x66, 0x5f, 0x73, 0x6b, 0x69, 0x70, 0x2f,
    0x52, 0x65, 0x73, 0x68, 0x61, 0x70, 0x65, 0x5f, 0x31, 0x5f, 0x6f, 0x75, 0x74, 0x70, 0x75, 0x74,
    0x5f, 0x30, 0x12, 0x14, 0x2f, 0x64, 0x66, 0x5f, 0x64, 0x65, 0x63, 0x2f, 0x41, 0x64, 0x64, 0x5f,
    0x6f, 0x75, 0x74, 0x70, 0x75, 0x74, 0x5f, 0x30, 0x1a, 0x0b, 0x2f, 0x64, 0x66, 0x5f, 0x64, 0x65,
    0x63, 0x2f, 0x41, 0x64, 0x64, 0x22, 0x03, 0x41, 0x64, 0x64, 0x0a, 0x71, 0x0a, 0x08, 0x64, 0x66,
    0x5f, 0x63, 0x61, 0x63, 0x68, 0x65, 0x0a, 0x26, 0x2f, 0x65, 0x6e, 0x63, 0x2f, 0x64, 0x66, 0x5f,
    0x63, 0x6f, 0x6e, 0x76, 0x30, 0x2f, 0x64, 0x66, 0x5f, 0x63, 0x6f, 0x6e, 0x76, 0x30, 0x2e, 0x34,
    0x2f, 0x52, 0x65, 0x6c, 0x75, 0x5f, 0x6f, 0x75, 0x74, 0x70, 0x75, 0x74, 0x5f, 0x30, 0x12, 0x28,
    0x2f, 0x64, 0x66, 0x5f, 0x64, 0x65, 0x63, 0x2f, 0x64, 0x66, 0x5f, 0x63, 0x6f, 0x6e, 0x76, 0x70,
    0x2f, 0x64, 0x66, 0x5f, 0x63, 0x6f, 0x6e, 0x76, 0x70, 0x2e, 0x30, 0x2f, 0x50, 0x61, 0x64, 0x5f,
    0x6f, 0x75, 0x74, 0x70, 0x75, 0x74, 0x5f, 0x30, 0x22, 0x06, 0x43, 0x6f, 0x6e, 0x63, 0x61, 0x74,
    0x2a, 0x0b, 0x0a, 0x04, 0x61, 0x78, 0x69, 0x73, 0x18, 0x02, 0xa0, 0x01, 0x02, 0x0a, 0xf5, 0x01,
    0x0a, 0x28, 0x2f, 0x64, 0x66, 0x5f, 0x64, 0x65, 0x63, 0x2f, 0x64, 0x66, 0x5f, 0x63, 0x6f, 0x6e,
    0x76, 0x70, 0x2f, 0x64, 0x66, 0x5f, 0x63, 0x6f, 0x6e, 0x76, 0x70, 0x2e, 0x30, 0x2f, 0x50, 0x61,
    0x64, 0x5f, 0x6f, 0x75, 0x74, 0x70, 0x75, 0x74, 0x5f, 0x30, 0x0a, 0x18, 0x64, 0x66, 0x5f, 0x64,
    0x65, 0x63, 0x2e, 0x64, 0x66, 0x5f, 0x63, 0x6f, 0x6e, 0x76, 0x70, 0x2e, 0x31, 0x2e, 0x77, 0x65,
    0x69, 0x67, 0x68, 0x74, 0x12, 0x29, 0x2f, 0x64, 0x66, 0x5f, 0x64, 0x65, 0x63, 0x2f, 0x64, 0x66,
    0x5f, 0x63, 0x6f, 0x6e, 0x76, 0x70, 0x2f, 0x64, 0x66, 0x5f, 0x63, 0x6f, 0x6e, 0x76, 0x70, 0x2e,
    0x31, 0x2f, 0x43, 0x6f, 0x6e, 0x76, 0x5f, 0x6f, 0x75, 0x74, 0x70, 0x75, 0x74, 0x5f, 0x30, 0x1a,
    0x20, 0x2f, 0x64, 0x66, 0x5f, 0x64, 0x65, 0x63, 0x2f, 0x64, 0x66, 0x5f, 0x63, 0x6f, 0x6e, 0x76,
    0x70, 0x2f, 0x64, 0x66, 0x5f, 0x63, 0x6f, 0x6e, 0x76, 0x70, 0x2e, 0x31, 0x2f, 0x43, 0x6f, 0x6e,
    0x76, 0x22, 0x04, 0x43, 0x6f, 0x6e, 0x76, 0x2a, 0x12, 0x0a, 0x09, 0x64, 0x69, 0x6c, 0x61, 0x74,
    0x69, 0x6f, 0x6e, 0x73, 0x40, 0x01, 0x40, 0x01, 0xa0, 0x01, 0x07, 0x2a, 0x0c, 0x0a, 0x05, 0x67,
    0x72, 0x6f, 0x75, 0x70, 0x18, 0x02, 0xa0, 0x01, 0x02, 0x2a, 0x15, 0x0a, 0x0c, 0x6b, 0x65, 0x72,
    0x6e, 0x65, 0x6c, 0x5f, 0x73, 0x68, 0x61, 0x70, 0x65, 0x40, 0x05, 0x40, 0x01, 0xa0, 0x01, 0x07,
    0x2a, 0x11, 0x0a, 0x04, 0x70, 0x61, 0x64, 0x73, 0x40, 0x00, 0x40, 0x00, 0x40, 0x00, 0x40, 0x00,
    0xa0, 0x01, 0x07, 0x2a, 0x10, 0x0a, 0x07, 0x73, 0x74, 0x72, 0x69, 0x64, 0x65, 0x73, 0x40, 0x01,
    0x40, 0x01, 0xa0, 0x01, 0x07, 0x0a, 0xfe, 0x01, 0x0a, 0x29, 0x2f, 0x64, 0x66, 0x5f, 0x64, 0x65,
    0x63, 0x2f, 0x64, 0x66, 0x5f, 0x63, 0x6f, 0x6e, 0x76, 0x70, 0x2f, 0x64, 0x66, 0x5f, 0x63, 0x6f,
    0x6e, 0x76, 0x70, 0x2e, 0x31, 0x2f, 0x43, 0x6f, 0x6e, 0x76, 0x5f, 0x6f, 0x75, 0x74, 0x70, 0x75,
    0x74, 0x5f, 0x30, 0x0a, 0x0f, 0x6f, 0x6e, 0x6e, 0x78, 0x3a, 0x3a, 0x43, 0x6f, 0x6e, 0x76, 0x5f,
    0x31, 0x30, 0x34, 0x30, 0x0a, 0x0f, 0x6f, 0x6e, 0x6e, 0x78, 0x3a, 0x3a, 0x43, 0x6f, 0x6e, 0x76,
    0x5f, 0x31, 0x30, 0x34, 0x31, 0x12, 0x29, 0x2f, 0x64, 0x66, 0x5f, 0x64, 0x65, 0x63, 0x2f, 0x64,
    0x66, 0x5f, 0x63, 0x6f, 0x6e, 0x76, 0x70, 0x2f, 0x64, 0x66, 0x5f, 0x63, 0x6f, 0x6e, 0x76, 0x70,
    0x2e, 0x32, 0x2f, 0x43, 0x6f, 0x6e, 0x76, 0x5f, 0x6f, 0x75, 0x74, 0x70, 0x75, 0x74, 0x5f, 0x30,
    0x1a, 0x20, 0x2f, 0x64, 0x66, 0x5f, 0x64, 0x65, 0x63, 0x2f, 0x64, 0x66, 0x5f, 0x63, 0x6f, 0x6e,
    0x76, 0x70, 0x2f, 0x64, 0x66, 0x5f, 0x63, 0x6f, 0x6e, 0x76, 0x70, 0x2e, 0x32, 0x2f, 0x43, 0x6f,
    0x6e, 0x76, 0x22, 0x04, 0x43, 0x6f, 0x6e, 0x76, 0x2a, 0x12, 0x0a, 0x09, 0x64, 0x69, 0x6c, 0x61,
    0x74, 0x69, 0x6f, 0x6e, 0x73, 0x40, 0x01, 0x40, 0x01, 0xa0, 0x01, 0x07, 0x2a, 0x0c, 0x0a, 0x05,
    0x67, 0x72, 0x6f, 0x75, 0x70, 0x18, 0x01, 0xa0, 0x01, 0x02, 0x2a, 0x15, 0x0a, 0x0c, 0x6b, 0x65,
    0x72, 0x6e, 0x65, 0x6c, 0x5f, 0x73, 0x68, 0x61, 0x70, 0x65, 0x40, 0x01, 0x40, 0x01, 0xa0, 0x01,
    0x07, 0x2a, 0x11, 0x0a, 0x04, 0x70, 0x61, 0x64, 0x73, 0x40, 0x00, 0x40, 0x00, 0x40, 0x00, 0x40,
    0x00, 0xa0, 0x01, 0x07, 0x2a, 0x10, 0x0a, 0x07, 0x73, 0x74, 0x72, 0x69, 0x64, 0x65, 0x73, 0x40,
    0x01, 0x40, 0x01, 0xa0, 0x01, 0x07, 0x0a, 0x7e, 0x0a, 0x29, 0x2f, 0x64, 0x66, 0x5f, 0x64, 0x65,
    0x63, 0x2f, 0x64, 0x66, 0x5f, 0x63, 0x6f, 0x6e, 0x76, 0x70, 0x2f, 0x64, 0x66, 0x5f, 0x63, 0x6f,
    0x6e, 0x76, 0x70, 0x2e, 0x32, 0x2f, 0x43, 0x6f, 0x6e, 0x76, 0x5f, 0x6f, 0x75, 0x74, 0x70, 0x75,
    0x74, 0x5f, 0x30, 0x12, 0x29, 0x2f, 0x64, 0x66, 0x5f, 0x64, 0x65, 0x63, 0x2f, 0x64, 0x66, 0x5f,
    0x63, 0x6f, 0x6e, 0x76, 0x70, 0x2f, 0x64, 0x66, 0x5f, 0x63, 0x6f, 0x6e, 0x76, 0x70, 0x2e, 0x34,
    0x2f, 0x52, 0x65, 0x6c, 0x75, 0x5f, 0x6f, 0x75, 0x74, 0x70, 0x75, 0x74, 0x5f, 0x30, 0x1a, 0x20,
    0x2f, 0x64, 0x66, 0x5f, 0x64, 0x65, 0x63, 0x2f, 0x64, 0x66, 0x5f, 0x63, 0x6f, 0x6e, 0x76, 0x70,
    0x2f, 0x64, 0x66, 0x5f, 0x63, 0x6f, 0x6e, 0x76, 0x70, 0x2e, 0x34, 0x2f, 0x52, 0x65, 0x6c, 0x75,
    0x22, 0x04, 0x52, 0x65, 0x6c, 0x75, 0x0a, 0x78, 0x0a, 0x29, 0x2f, 0x64, 0x66, 0x5f, 0x64, 0x65,
    0x63, 0x2f, 0x64, 0x66, 0x5f, 0x63, 0x6f, 0x6e, 0x76, 0x70, 0x2f, 0x64, 0x66, 0x5f, 0x63, 0x6f,
    0x6e, 0x76, 0x70, 0x2e, 0x34, 0x2f, 0x52, 0x65, 0x6c, 0x75, 0x5f, 0x6f, 0x75, 0x74, 0x70, 0x75,
    0x74, 0x5f, 0x30, 0x12, 0x1a, 0x2f, 0x64, 0x66, 0x5f, 0x64, 0x65, 0x63, 0x2f, 0x54, 0x72, 0x61,
    0x6e, 0x73, 0x70, 0x6f, 0x73, 0x65, 0x5f, 0x6f, 0x75, 0x74, 0x70, 0x75, 0x74, 0x5f, 0x30, 0x1a,
    0x11, 0x2f, 0x64, 0x66, 0x5f, 0x64, 0x65, 0x63, 0x2f, 0x54, 0x72, 0x61, 0x6e, 0x73, 0x70, 0x6f,
    0x73, 0x65, 0x22, 0x09, 0x54, 0x72, 0x61, 0x6e, 0x73, 0x70, 0x6f, 0x73, 0x65, 0x2a, 0x11, 0x0a,
    0x04, 0x70, 0x65, 0x72, 0x6d, 0x40, 0x00, 0x40, 0x02, 0x40, 0x03, 0x40, 0x01, 0xa0, 0x01, 0x07,
    0x0a, 0x64, 0x0a, 0x14, 0x2f, 0x64, 0x66, 0x5f, 0x64, 0x65, 0x63, 0x2f, 0x41, 0x64, 0x64, 0x5f,
    0x6f, 0x75, 0x74, 0x70, 0x75, 0x74, 0x5f, 0x30, 0x12, 0x26, 0x2f, 0x64, 0x66, 0x5f, 0x64, 0x65,
    0x63, 0x2f, 0x64, 0x66, 0x5f, 0x6f, 0x75, 0x74, 0x2f, 0x64, 0x66, 0x5f, 0x6f, 0x75, 0x74, 0x2e,
    0x30, 0x2f, 0x53, 0x68, 0x61, 0x70, 0x65, 0x5f, 0x6f, 0x75, 0x74, 0x70, 0x75, 0x74, 0x5f, 0x30,
    0x1a, 0x1d, 0x2f, 0x64, 0x66, 0x5f, 0x64, 0x65, 0x63, 0x2f, 0x64, 0x66, 0x5f, 0x6f, 0x75, 0x74,
    0x2f, 0x64, 0x66, 0x5f, 0x6f, 0x75, 0x74, 0x2e, 0x30, 0x2f, 0x53, 0x68, 0x61, 0x70, 0x65, 0x22,
    0x05, 0x53, 0x68, 0x61, 0x70, 0x65, 0x0a, 0x71, 0x12, 0x29, 0x2f, 0x64, 0x66, 0x5f, 0x64, 0x65,
    0x63, 0x2f, 0x64, 0x66, 0x5f, 0x6f, 0x75, 0x74, 0x2f, 0x64, 0x66, 0x5f, 0x6f, 0x75, 0x74, 0x2e,
    0x30, 0x2f, 0x43, 0x6f, 0x6e, 0x73, 0x74, 0x61, 0x6e, 0x74, 0x5f, 0x6f, 0x75, 0x74, 0x70, 0x75,
    0x74, 0x5f, 0x30, 0x1a, 0x20, 0x2f, 0x64, 0x66, 0x5f, 0x64, 0x65, 0x63, 0x2f, 0x64, 0x66, 0x5f,
    0x6f, 0x75, 0x74, 0x2f, 0x64, 0x66, 0x5f, 0x6f, 0x75, 0x74, 0x2e, 0x30, 0x2f, 0x43, 0x6f, 0x6e,
    0x73, 0x74, 0x61, 0x6e, 0x74, 0x22, 0x08, 0x43, 0x6f, 0x6e, 0x73, 0x74, 0x61, 0x6e, 0x74, 0x2a,
    0x18, 0x0a, 0x05, 0x76, 0x61, 0x6c, 0x75, 0x65, 0x2a, 0x0c, 0x10, 0x07, 0x4a, 0x08, 0x00, 0x00,
    0x00, 0x00, 0x00, 0x00, 0x00, 0x00, 0xa0, 0x01, 0x04, 0x0a, 0xb1, 0x01, 0x0a, 0x26, 0x2f, 0x64,
    0x66, 0x5f, 0x64, 0x65, 0x63, 0x2f, 0x64, 0x66, 0x5f, 0x6f, 0x75, 0x74, 0x2f, 0x64, 0x66, 0x5f,
    0x6f, 0x75, 0x74, 0x2e, 0x30, 0x2f, 0x53, 0x68, 0x61, 0x70, 0x65, 0x5f, 0x6f, 0x75, 0x74, 0x70,
    0x75, 0x74, 0x5f, 0x30, 0x0a, 0x29, 0x2f, 0x64, 0x66, 0x5f, 0x64, 0x65, 0x63, 0x2f, 0x64, 0x66,
    0x5f, 0x6f, 0x75, 0x74, 0x2f, 0x64, 0x66, 0x5f, 0x6f, 0x75, 0x74, 0x2e, 0x30, 0x2f, 0x43, 0x6f,
    0x6e, 0x73, 0x74, 0x61, 0x6e, 0x74, 0x5f, 0x6f, 0x75, 0x74, 0x70, 0x75, 0x74, 0x5f, 0x30, 0x12,
    0x27, 0x2f, 0x64, 0x66, 0x5f, 0x64, 0x65, 0x63, 0x2f, 0x64, 0x66, 0x5f, 0x6f, 0x75, 0x74, 0x2f,
    0x64, 0x66, 0x5f, 0x6f, 0x75, 0x74, 0x2e, 0x30, 0x2f, 0x47, 0x61, 0x74, 0x68, 0x65, 0x72, 0x5f,
    0x6f, 0x75, 0x74, 0x70, 0x75, 0x74, 0x5f, 0x30, 0x1a, 0x1e, 0x2f, 0x64, 0x66, 0x5f, 0x64, 0x65,
    0x63, 0x2f, 0x64, 0x66, 0x5f, 0x6f, 0x75, 0x74, 0x2f, 0x64, 0x66, 0x5f, 0x6f, 0x75, 0x74, 0x2e,
    0x30, 0x2f, 0x47, 0x61, 0x74, 0x68, 0x65, 0x72, 0x22, 0x06, 0x47, 0x61, 0x74, 0x68, 0x65, 0x72,
    0x2a, 0x0b, 0x0a, 0x04, 0x61, 0x78, 0x69, 0x73, 0x18, 0x00, 0xa0, 0x01, 0x02, 0x0a, 0x68, 0x0a,
    0x14, 0x2f, 0x64, 0x66, 0x5f, 0x64, 0x65, 0x63, 0x2f, 0x41, 0x64, 0x64, 0x5f, 0x6f, 0x75, 0x74,
    0x70, 0x75, 0x74, 0x5f, 0x30, 0x12, 0x28, 0x2f, 0x64, 0x66, 0x5f, 0x64, 0x65, 0x63, 0x2f, 0x64,
    0x66, 0x5f, 0x6f, 0x75, 0x74, 0x2f, 0x64, 0x66, 0x5f, 0x6f, 0x75, 0x74, 0x2e, 0x30, 0x2f, 0x53,
    0x68, 0x61, 0x70, 0x65, 0x5f, 0x31, 0x5f, 0x6f, 0x75, 0x74, 0x70, 0x75, 0x74, 0x5f, 0x30, 0x1a,
    0x1f, 0x2f, 0x64, 0x66, 0x5f, 0x64, 0x65, 0x63, 0x2f, 0x64, 0x66, 0x5f, 0x6f, 0x75, 0x74, 0x2f,
    0x64, 0x66, 0x5f, 0x6f, 0x75, 0x74, 0x2e, 0x30, 0x2f, 0x53, 0x68, 0x61, 0x70, 0x65, 0x5f, 0x31,
    0x22, 0x05, 0x53, 0x68, 0x61, 0x70, 0x65, 0x0a, 0x75, 0x12, 0x2b, 0x2f, 0x64, 0x66, 0x5f, 0x64,
    0x65, 0x63, 0x2f, 0x64, 0x66, 0x5f, 0x6f, 0x75, 0x74, 0x2f, 0x64, 0x66, 0x5f, 0x6f, 0x75, 0x74,
    0x2e, 0x30, 0x2f, 0x43, 0x6f, 0x6e, 0x73, 0x74, 0x61, 0x6e, 0x74, 0x5f, 0x31, 0x5f, 0x6f, 0x75,
    0x74, 0x70, 0x75, 0x74, 0x5f, 0x30, 0x1a, 0x22, 0x2f, 0x64, 0x66, 0x5f, 0x64, 0x65, 0x63, 0x2f,
    0x64, 0x66, 0x5f, 0x6f, 0x75, 0x74, 0x2f, 0x64, 0x66, 0x5f, 0x6f, 0x75, 0x74, 0x2e, 0x30, 0x2f,
    0x43, 0x6f, 0x6e, 0x73, 0x74, 0x61, 0x6e, 0x74, 0x5f, 0x31, 0x22, 0x08, 0x43, 0x6f, 0x6e, 0x73,
    0x74, 0x61, 0x6e, 0x74, 0x2a, 0x18, 0x0a, 0x05, 0x76, 0x61, 0x6c, 0x75, 0x65, 0x2a, 0x0c, 0x10,
    0x07, 0x4a, 0x08, 0x01, 0x00, 0x00, 0x00, 0x00, 0x00, 0x00, 0x00, 0xa0, 0x01, 0x04, 0x0a, 0xb9,
    0x01, 0x0a, 0x28, 0x2f, 0x64, 0x66, 0x5f, 0x64, 0x65, 0x63, 0x2f, 0x64, 0x66, 0x5f, 0x6f, 0x75,
    0x74, 0x2f, 0x64, 0x66, 0x5f, 0x6f, 0x75, 0x74, 0x2e, 0x30, 0x2f, 0x53, 0x68, 0x61, 0x70, 0x65,
    0x5f, 0x31, 0x5f, 0x6f, 0x75, 0x74, 0x70, 0x75, 0x74, 0x5f, 0x30, 0x0a, 0x2b, 0x2f, 0x64, 0x66,
    0x5f, 0x64, 0x65, 0x63, 0x2f, 0x64, 0x66, 0x5f, 0x6f, 0x75, 0x74, 0x2f, 0x64, 0x66, 0x5f, 0x6f,
    0x75, 0x74, 0x2e, 0x30, 0x2f, 0x43, 0x6f, 0x6e, 0x73, 0x74, 0x61, 0x6e, 0x74, 0x5f, 0x31, 0x5f,
    0x6f, 0x75, 0x74, 0x70, 0x75, 0x74, 0x5f, 0x30, 0x12, 0x29, 0x2f, 0x64, 0x66, 0x5f, 0x64, 0x65,
    0x63, 0x2f, 0x64, 0x66, 0x5f, 0x6f, 0x75, 0x74, 0x2f, 0x64, 0x66, 0x5f, 0x6f, 0x75, 0x74, 0x2e,
    0x30, 0x2f, 0x47, 0x61, 0x74, 0x68, 0x65, 0x72, 0x5f, 0x31, 0x5f, 0x6f, 0x75, 0x74, 0x70, 0x75,
    0x74, 0x5f, 0x30, 0x1a, 0x20, 0x2f, 0x64, 0x66, 0x5f, 0x64, 0x65, 0x63, 0x2f, 0x64, 0x66, 0x5f,
    0x6f, 0x75, 0x74, 0x2f, 0x64, 0x66, 0x5f, 0x6f, 0x75, 0x74, 0x2e, 0x30, 0x2f, 0x47, 0x61, 0x74,
    0x68, 0x65, 0x72, 0x5f, 0x31, 0x22, 0x06, 0x47, 0x61, 0x74, 0x68, 0x65, 0x72, 0x2a, 0x0b, 0x0a,
    0x04, 0x61, 0x78, 0x69, 0x73, 0x18, 0x00, 0xa0, 0x01, 0x02, 0x0a, 0x49, 0x12, 0x13, 0x6f, 0x6e,
    0x6e, 0x78, 0x3a, 0x3a, 0x55, 0x6e, 0x73, 0x71, 0x75, 0x65, 0x65, 0x7a, 0x65, 0x5f, 0x39, 0x34,
    0x33, 0x1a, 0x0c, 0x43, 0x6f, 0x6e, 0x73, 0x74, 0x61, 0x6e, 0x74, 0x5f, 0x36, 0x30, 0x38, 0x22,
    0x08, 0x43, 0x6f, 0x6e, 0x73, 0x74, 0x61, 0x6e, 0x74, 0x2a, 0x1a, 0x0a, 0x05, 0x76, 0x61, 0x6c,
    0x75, 0x65, 0x2a, 0x0e, 0x08, 0x01, 0x10, 0x07, 0x4a, 0x08, 0x00, 0x00, 0x00, 0x00, 0x00, 0x00,
    0x00, 0x00, 0xa0, 0x01, 0x04, 0x0a, 0x98, 0x01, 0x0a, 0x27, 0x2f, 0x64, 0x66, 0x5f, 0x64, 0x65,
    0x63, 0x2f, 0x64, 0x66, 0x5f, 0x6f, 0x75, 0x74, 0x2f, 0x64, 0x66, 0x5f, 0x6f, 0x75, 0x74, 0x2e,
    0x30, 0x2f, 0x47, 0x61, 0x74, 0x68, 0x65, 0x72, 0x5f, 0x6f, 0x75, 0x74, 0x70, 0x75, 0x74, 0x5f,
    0x30, 0x0a, 0x13, 0x6f, 0x6e, 0x6e, 0x78, 0x3a, 0x3a, 0x55, 0x6e, 0x73, 0x71, 0x75, 0x65, 0x65,
    0x7a, 0x65, 0x5f, 0x39, 0x34, 0x33, 0x12, 0x2a, 0x2f, 0x64, 0x66, 0x5f, 0x64, 0x65, 0x63, 0x2f,
    0x64, 0x66, 0x5f, 0x6f, 0x75, 0x74, 0x2f, 0x64, 0x66, 0x5f, 0x6f, 0x75, 0x74, 0x2e, 0x30, 0x2f,
    0x55, 0x6e, 0x73, 0x71, 0x75, 0x65, 0x65, 0x7a, 0x65, 0x5f, 0x6f, 0x75, 0x74, 0x70, 0x75, 0x74,
    0x5f, 0x30, 0x1a, 0x21, 0x2f, 0x64, 0x66, 0x5f, 0x64, 0x65, 0x63, 0x2f, 0x64, 0x66, 0x5f, 0x6f,
    0x75, 0x74, 0x2f, 0x64, 0x66, 0x5f, 0x6f, 0x75, 0x74, 0x2e, 0x30, 0x2f, 0x55, 0x6e, 0x73, 0x71,
    0x75, 0x65, 0x65, 0x7a, 0x65, 0x22, 0x09, 0x55, 0x6e, 0x73, 0x71, 0x75, 0x65, 0x65, 0x7a, 0x65,
    0x0a, 0x49, 0x12, 0x13, 0x6f, 0x6e, 0x6e, 0x78, 0x3a, 0x3a, 0x55, 0x6e, 0x73, 0x71, 0x75, 0x65,
    0x65, 0x7a, 0x65, 0x5f, 0x39, 0x34, 0x35, 0x1a, 0x0c, 0x43, 0x6f, 0x6e, 0x73, 0x74, 0x61, 0x6e,
    0x74, 0x5f, 0x36, 0x31, 0x30, 0x22, 0x08, 0x43, 0x6f, 0x6e, 0x73, 0x74, 0x61, 0x6e, 0x74, 0x2a,
    0x1a, 0x0a, 0x05, 0x76, 0x61, 0x6c, 0x75, 0x65, 0x2a, 0x0e, 0x08, 0x01, 0x10, 0x07, 0x4a, 0x08,
    0x00, 0x00, 0x00, 0x00, 0x00, 0x00, 0x00, 0x00, 0xa0, 0x01, 0x04, 0x0a, 0x9e, 0x01, 0x0a, 0x29,
    0x2f, 0x64, 0x66, 0x5f, 0x64, 0x65, 0x63, 0x2f, 0x64, 0x66, 0x5f, 0x6f, 0x75, 0x74, 0x2f, 0x64,
    0x66, 0x5f, 0x6f, 0x75, 0x74, 0x2e, 0x30, 0x2f, 0x47, 0x61, 0x74, 0x68, 0x65, 0x72, 0x5f, 0x31,
    0x5f, 0x6f, 0x75, 0x74, 0x70, 0x75, 0x74, 0x5f, 0x30, 0x0a, 0x13, 0x6f, 0x6e, 0x6e, 0x78, 0x3a,
    0x3a, 0x55, 0x6e, 0x73, 0x71, 0x75, 0x65, 0x65, 0x7a, 0x65, 0x5f, 0x39, 0x34, 0x35, 0x12, 0x2c,
    0x2f, 0x64, 0x66, 0x5f, 0x64, 0x65, 0x63, 0x2f, 0x64, 0x66, 0x5f, 0x6f, 0x75, 0x74, 0x2f, 0x64,
    0x66, 0x5f, 0x6f, 0x75, 0x74, 0x2e, 0x30, 0x2f, 0x55, 0x6e, 0x73, 0x71, 0x75, 0x65, 0x65, 0x7a,
    0x65, 0x5f, 0x31, 0x5f, 0x6f, 0x75, 0x74, 0x70, 0x75, 0x74, 0x5f, 0x30, 0x1a, 0x23, 0x2f, 0x64,
    0x66, 0x5f, 0x64, 0x65, 0x63, 0x2f, 0x64, 0x66, 0x5f, 0x6f, 0x75, 0x74, 0x2f, 0x64, 0x66, 0x5f,
    0x6f, 0x75, 0x74, 0x2e, 0x30, 0x2f, 0x55, 0x6e, 0x73, 0x71, 0x75, 0x65, 0x65, 0x7a, 0x65, 0x5f,
    0x31, 0x22, 0x09, 0x55, 0x6e, 0x73, 0x71, 0x75, 0x65, 0x65, 0x7a, 0x65, 0x0a, 0x77, 0x12, 0x2b,
    0x2f, 0x64, 0x66, 0x5f, 0x64, 0x65, 0x63, 0x2f, 0x64, 0x66, 0x5f, 0x6f, 0x75, 0x74, 0x2f, 0x64,
    0x66, 0x5f, 0x6f, 0x75, 0x74, 0x2e, 0x30, 0x2f, 0x43, 0x6f, 0x6e, 0x73, 0x74, 0x61, 0x6e, 0x74,
    0x5f, 0x32, 0x5f, 0x6f, 0x75, 0x74, 0x70, 0x75, 0x74, 0x5f, 0x30, 0x1a, 0x22, 0x2f, 0x64, 0x66,
    0x5f, 0x64, 0x65, 0x63, 0x2f, 0x64, 0x66, 0x5f, 0x6f, 0x75, 0x74, 0x2f, 0x64, 0x66, 0x5f, 0x6f,
    0x75, 0x74, 0x2e, 0x30, 0x2f, 0x43, 0x6f, 0x6e, 0x73, 0x74, 0x61, 0x6e, 0x74, 0x5f, 0x32, 0x22,
    0x08, 0x43, 0x6f, 0x6e, 0x73, 0x74, 0x61, 0x6e, 0x74, 0x2a, 0x1a, 0x0a, 0x05, 0x76, 0x61, 0x6c,
    0x75, 0x65, 0x2a, 0x0e, 0x08, 0x01, 0x10, 0x07, 0x4a, 0x08, 0x10, 0x00, 0x00, 0x00, 0x00, 0x00,
    0x00, 0x00, 0xa0, 0x01, 0x04, 0x0a, 0x77, 0x12, 0x2b, 0x2f, 0x64, 0x66, 0x5f, 0x64, 0x65, 0x63,
    0x2f, 0x64, 0x66, 0x5f, 0x6f, 0x75, 0x74, 0x2f, 0x64, 0x66, 0x5f, 0x6f, 0x75, 0x74, 0x2e, 0x30,
    0x2f, 0x43, 0x6f, 0x6e, 0x73, 0x74, 0x61, 0x6e, 0x74, 0x5f, 0x33, 0x5f, 0x6f, 0x75, 0x74, 0x70,
    0x75, 0x74, 0x5f, 0x30, 0x1a, 0x22, 0x2f, 0x64, 0x66, 0x5f, 0x64, 0x65, 0x63, 0x2f, 0x64, 0x66,
    0x5f, 0x6f, 0x75, 0x74, 0x2f, 0x64, 0x66, 0x5f, 0x6f, 0x75, 0x74, 0x2e, 0x30, 0x2f, 0x43, 0x6f,
    0x6e, 0x73, 0x74, 0x61, 0x6e, 0x74, 0x5f, 0x33, 0x22, 0x08, 0x43, 0x6f, 0x6e, 0x73, 0x74, 0x61,
    0x6e, 0x74, 0x2a, 0x1a, 0x0a, 0x05, 0x76, 0x61, 0x6c, 0x75, 0x65, 0x2a, 0x0e, 0x08, 0x01, 0x10,
    0x07, 0x4a, 0x08, 0x10, 0x00, 0x00, 0x00, 0x00, 0x00, 0x00, 0x00, 0xa0, 0x01, 0x04, 0x0a, 0x92,
    0x02, 0x0a, 0x2a, 0x2f, 0x64, 0x66, 0x5f, 0x64, 0x65, 0x63, 0x2f, 0x64, 0x66, 0x5f, 0x6f, 0x75,
    0x74, 0x2f, 0x64, 0x66, 0x5f, 0x6f, 0x75, 0x74, 0x2e, 0x30, 0x2f, 0x55, 0x6e, 0x73, 0x71, 0x75,
    0x65, 0x65, 0x7a, 0x65, 0x5f, 0x6f, 0x75, 0x74, 0x70, 0x75, 0x74, 0x5f, 0x30, 0x0a, 0x2c, 0x2f,
    0x64, 0x66, 0x5f, 0x64, 0x65, 0x63, 0x2f, 0x64, 0x66, 0x5f, 0x6f, 0x75, 0x74, 0x2f, 0x64, 0x66,
    0x5f, 0x6f, 0x75, 0x74, 0x2e, 0x30, 0x2f, 0x55, 0x6e, 0x73, 0x71, 0x75, 0x65, 0x65, 0x7a, 0x65,
    0x5f, 0x31, 0x5f, 0x6f, 0x75, 0x74, 0x70, 0x75, 0x74, 0x5f, 0x30, 0x0a, 0x2b, 0x2f, 0x64, 0x66,
    0x5f, 0x64, 0x65, 0x63, 0x2f, 0x64, 0x66, 0x5f, 0x6f, 0x75, 0x74, 0x2f, 0x64, 0x66, 0x5f, 0x6f,
    0x75, 0x74, 0x2e, 0x30, 0x2f, 0x43, 0x6f, 0x6e, 0x73, 0x74, 0x61, 0x6e, 0x74, 0x5f, 0x32, 0x5f,
    0x6f, 0x75, 0x74, 0x70, 0x75, 0x74, 0x5f, 0x30, 0x0a, 0x2b, 0x2f, 0x64, 0x66, 0x5f, 0x64, 0x65,
    0x63, 0x2f, 0x64, 0x66, 0x5f, 0x6f, 0x75, 0x74, 0x2f, 0x64, 0x66, 0x5f, 0x6f, 0x75, 0x74, 0x2e,
    0x30, 0x2f, 0x43, 0x6f, 0x6e, 0x73, 0x74, 0x61, 0x6e, 0x74, 0x5f, 0x33, 0x5f, 0x6f, 0x75, 0x74,
    0x70, 0x75, 0x74, 0x5f, 0x30, 0x12, 0x27, 0x2f, 0x64, 0x66, 0x5f, 0x64, 0x65, 0x63, 0x2f, 0x64,
    0x66, 0x5f, 0x6f, 0x75, 0x74, 0x2f, 0x64, 0x66, 0x5f, 0x6f, 0x75, 0x74, 0x2e, 0x30, 0x2f, 0x43,
    0x6f, 0x6e, 0x63, 0x61, 0x74, 0x5f, 0x6f, 0x75, 0x74, 0x70, 0x75, 0x74, 0x5f, 0x30, 0x1a, 0x1e,
    0x2f, 0x64, 0x66, 0x5f, 0x64, 0x65, 0x63, 0x2f, 0x64, 0x66, 0x5f, 0x6f, 0x75, 0x74, 0x2f, 0x64,
    0x66, 0x5f, 0x6f, 0x75, 0x74, 0x2e, 0x30, 0x2f, 0x43, 0x6f, 0x6e, 0x63, 0x61, 0x74, 0x22, 0x06,
    0x43, 0x6f, 0x6e, 0x63, 0x61, 0x74, 0x2a, 0x0b, 0x0a, 0x04, 0x61, 0x78, 0x69, 0x73, 0x18, 0x00,
    0xa0, 0x01, 0x02, 0x0a, 0xa5, 0x01, 0x0a, 0x14, 0x2f, 0x64, 0x66, 0x5f, 0x64, 0x65, 0x63, 0x2f,
    0x41, 0x64, 0x64, 0x5f, 0x6f, 0x75, 0x74, 0x70, 0x75, 0x74, 0x5f, 0x30, 0x0a, 0x27, 0x2f, 0x64,
    0x66, 0x5f, 0x64, 0x65, 0x63, 0x2f, 0x64, 0x66, 0x5f, 0x6f, 0x75, 0x74, 0x2f, 0x64, 0x66, 0x5f,
    0x6f, 0x75, 0x74, 0x2e, 0x30, 0x2f, 0x43, 0x6f, 0x6e, 0x63, 0x61, 0x74, 0x5f, 0x6f, 0x75, 0x74,
    0x70, 0x75, 0x74, 0x5f, 0x30, 0x12, 0x28, 0x2f, 0x64, 0x66, 0x5f, 0x64, 0x65, 0x63, 0x2f, 0x64,
    0x66, 0x5f, 0x6f, 0x75, 0x74, 0x2f, 0x64, 0x66, 0x5f, 0x6f, 0x75, 0x74, 0x2e, 0x30, 0x2f, 0x52,
    0x65, 0x73, 0x68, 0x61, 0x70, 0x65, 0x5f, 0x6f, 0x75, 0x74, 0x70, 0x75, 0x74, 0x5f, 0x30, 0x1a,
    0x1f, 0x2f, 0x64, 0x66, 0x5f, 0x64, 0x65, 0x63, 0x2f, 0x64, 0x66, 0x5f, 0x6f, 0x75, 0x74, 0x2f,
    0x64, 0x66, 0x5f, 0x6f, 0x75, 0x74, 0x2e, 0x30, 0x2f, 0x52, 0x65, 0x73, 0x68, 0x61, 0x70, 0x65,
    0x22, 0x07, 0x52, 0x65, 0x73, 0x68, 0x61, 0x70, 0x65, 0x2a, 0x10, 0x0a, 0x09, 0x61, 0x6c, 0x6c,
    0x6f, 0x77, 0x7a, 0x65, 0x72, 0x6f, 0x18, 0x00, 0xa0, 0x01, 0x02, 0x0a, 0xb2, 0x01, 0x0a, 0x28,
    0x2f, 0x64, 0x66, 0x5f, 0x64, 0x65, 0x63, 0x2f, 0x64, 0x66, 0x5f, 0x6f, 0x75, 0x74, 0x2f, 0x64,
    0x66, 0x5f, 0x6f, 0x75, 0x74, 0x2e, 0x30, 0x2f, 0x52, 0x65, 0x73, 0x68, 0x61, 0x70, 0x65, 0x5f,
    0x6f, 0x75, 0x74, 0x70, 0x75, 0x74, 0x5f, 0x30, 0x0a, 0x16, 0x64, 0x66, 0x5f, 0x64, 0x65, 0x63,
    0x2e, 0x64, 0x66, 0x5f, 0x6f, 0x75, 0x74, 0x2e, 0x30, 0x2e, 0x77, 0x65, 0x69, 0x67, 0x68, 0x74,
    0x12, 0x27, 0x2f, 0x64, 0x66, 0x5f, 0x64, 0x65, 0x63, 0x2f, 0x64, 0x66, 0x5f, 0x6f, 0x75, 0x74,
    0x2f, 0x64, 0x66, 0x5f, 0x6f, 0x75, 0x74, 0x2e, 0x30, 0x2f, 0x45, 0x69, 0x6e, 0x73, 0x75, 0x6d,
    0x5f, 0x6f, 0x75, 0x74, 0x70, 0x75, 0x74, 0x5f, 0x30, 0x1a, 0x1e, 0x2f, 0x64, 0x66, 0x5f, 0x64,
    0x65, 0x63, 0x2f, 0x64, 0x66, 0x5f, 0x6f, 0x75, 0x74, 0x2f, 0x64, 0x66, 0x5f, 0x6f, 0x75, 0x74,
    0x2e, 0x30, 0x2f, 0x45, 0x69, 0x6e, 0x73, 0x75, 0x6d, 0x22, 0x06, 0x45, 0x69, 0x6e, 0x73, 0x75,
    0x6d, 0x2a, 0x1d, 0x0a, 0x08, 0x65, 0x71, 0x75, 0x61, 0x74, 0x69, 0x6f, 0x6e, 0x22, 0x0e, 0x62,
    0x74, 0x67, 0x69, 0x2c, 0x67, 0x69, 0x68, 0x2d, 0x3e, 0x62, 0x74, 0x67, 0x68, 0xa0, 0x01, 0x03,
    0x0a, 0x7b, 0x0a, 0x27, 0x2f, 0x64, 0x66, 0x5f, 0x64, 0x65, 0x63, 0x2f, 0x64, 0x66, 0x5f, 0x6f,
    0x75, 0x74, 0x2f, 0x64, 0x66, 0x5f, 0x6f, 0x75, 0x74, 0x2e, 0x30, 0x2f, 0x45, 0x69, 0x6e, 0x73,
    0x75, 0x6d, 0x5f, 0x6f, 0x75, 0x74, 0x70, 0x75, 0x74, 0x5f, 0x30, 0x12, 0x28, 0x2f, 0x64, 0x66,
    0x5f, 0x64, 0x65, 0x63, 0x2f, 0x64, 0x66, 0x5f, 0x6f, 0x75, 0x74, 0x2f, 0x64, 0x66, 0x5f, 0x6f,
    0x75, 0x74, 0x2e, 0x30, 0x2f, 0x53, 0x68, 0x61, 0x70, 0x65, 0x5f, 0x32, 0x5f, 0x6f, 0x75, 0x74,
    0x70, 0x75, 0x74, 0x5f, 0x30, 0x1a, 0x1f, 0x2f, 0x64, 0x66, 0x5f, 0x64, 0x65, 0x63, 0x2f, 0x64,
    0x66, 0x5f, 0x6f, 0x75, 0x74, 0x2f, 0x64, 0x66, 0x5f, 0x6f, 0x75, 0x74, 0x2e, 0x30, 0x2f, 0x53,
    0x68, 0x61, 0x70, 0x65, 0x5f, 0x32, 0x22, 0x05, 0x53, 0x68, 0x61, 0x70, 0x65, 0x0a, 0x77, 0x12,
    0x2b, 0x2f, 0x64, 0x66, 0x5f, 0x64, 0x65, 0x63, 0x2f, 0x64, 0x66, 0x5f, 0x6f, 0x75, 0x74, 0x2f,
    0x64, 0x66, 0x5f, 0x6f, 0x75, 0x74, 0x2e, 0x30, 0x2f, 0x43, 0x6f, 0x6e, 0x73, 0x74, 0x61, 0x6e,
    0x74, 0x5f, 0x34, 0x5f, 0x6f, 0x75, 0x74, 0x70, 0x75, 0x74, 0x5f, 0x30, 0x1a, 0x22, 0x2f, 0x64,
    0x66, 0x5f, 0x64, 0x65, 0x63, 0x2f, 0x64, 0x66, 0x5f, 0x6f, 0x75, 0x74, 0x2f, 0x64, 0x66, 0x5f,
    0x6f, 0x75, 0x74, 0x2e, 0x30, 0x2f, 0x43, 0x6f, 0x6e, 0x73, 0x74, 0x61, 0x6e, 0x74, 0x5f, 0x34,
    0x22, 0x08, 0x43, 0x6f, 0x6e, 0x73, 0x74, 0x61, 0x6e, 0x74, 0x2a, 0x1a, 0x0a, 0x05, 0x76, 0x61,
    0x6c, 0x75, 0x65, 0x2a, 0x0e, 0x08, 0x01, 0x10, 0x07, 0x4a, 0x08, 0x00, 0x00, 0x00, 0x00, 0x00,
    0x00, 0x00, 0x00, 0xa0, 0x01, 0x04, 0x0a, 0x77, 0x12, 0x2b, 0x2f, 0x64, 0x66, 0x5f, 0x64, 0x65,
    0x63, 0x2f, 0x64, 0x66, 0x5f, 0x6f, 0x75, 0x74, 0x2f, 0x64, 0x66, 0x5f, 0x6f, 0x75, 0x74, 0x2e,
    0x30, 0x2f, 0x43, 0x6f, 0x6e, 0x73, 0x74, 0x61, 0x6e, 0x74, 0x5f, 0x35, 0x5f, 0x6f, 0x75, 0x74,
    0x70, 0x75, 0x74, 0x5f, 0x30, 0x1a, 0x22, 0x2f, 0x64, 0x66, 0x5f, 0x64, 0x65, 0x63, 0x2f, 0x64,
    0x66, 0x5f, 0x6f, 0x75, 0x74, 0x2f, 0x64, 0x66, 0x5f, 0x6f, 0x75, 0x74, 0x2e, 0x30, 0x2f, 0x43,
    0x6f, 0x6e, 0x73, 0x74, 0x61, 0x6e, 0x74, 0x5f, 0x35, 0x22, 0x08, 0x43, 0x6f, 0x6e, 0x73, 0x74,
    0x61, 0x6e, 0x74, 0x2a, 0x1a, 0x0a, 0x05, 0x76, 0x61, 0x6c, 0x75, 0x65, 0x2a, 0x0e, 0x08, 0x01,
    0x10, 0x07, 0x4a, 0x08, 0x00, 0x00, 0x00, 0x00, 0x00, 0x00, 0x00, 0x00, 0xa0, 0x01, 0x04, 0x0a,
    0x77, 0x12, 0x2b, 0x2f, 0x64, 0x66, 0x5f, 0x64, 0x65, 0x63, 0x2f, 0x64, 0x66, 0x5f, 0x6f, 0x75,
    0x74, 0x2f, 0x64, 0x66, 0x5f, 0x6f, 0x75, 0x74, 0x2e, 0x30, 0x2f, 0x43, 0x6f, 0x6e, 0x73, 0x74,
    0x61, 0x6e, 0x74, 0x5f, 0x36, 0x5f, 0x6f, 0x75, 0x74, 0x70, 0x75, 0x74, 0x5f, 0x30, 0x1a, 0x22,
    0x2f, 0x64, 0x66, 0x5f, 0x64, 0x65, 0x63, 0x2f, 0x64, 0x66, 0x5f, 0x6f, 0x75, 0x74, 0x2f, 0x64,
    0x66, 0x5f, 0x6f, 0x75, 0x74, 0x2e, 0x30, 0x2f, 0x43, 0x6f, 0x6e, 0x73, 0x74, 0x61, 0x6e, 0x74,
    0x5f, 0x36, 0x22, 0x08, 0x43, 0x6f, 0x6e, 0x73, 0x74, 0x61, 0x6e, 0x74, 0x2a, 0x1a, 0x0a, 0x05,
    0x76, 0x61, 0x6c, 0x75, 0x65, 0x2a, 0x0e, 0x08, 0x01, 0x10, 0x07, 0x4a, 0x08, 0x02, 0x00, 0x00,
    0x00, 0x00, 0x00, 0x00, 0x00, 0xa0, 0x01, 0x04, 0x0a, 0xff, 0x01, 0x0a, 0x28, 0x2f, 0x64, 0x66,
    0x5f, 0x64, 0x65, 0x63, 0x2f, 0x64, 0x66, 0x5f, 0x6f, 0x75, 0x74, 0x2f, 0x64, 0x66, 0x5f, 0x6f,
    0x75, 0x74, 0x2e, 0x30, 0x2f, 0x53, 0x68, 0x61, 0x70, 0x65, 0x5f, 0x32, 0x5f, 0x6f, 0x75, 0x74,
    0x70, 0x75, 0x74, 0x5f, 0x30, 0x0a, 0x2b, 0x2f, 0x64, 0x66, 0x5f, 0x64, 0x65, 0x63, 0x2f, 0x64,
    0x66, 0x5f, 0x6f, 0x75, 0x74, 0x2f, 0x64, 0x66, 0x5f, 0x6f, 0x75, 0x74, 0x2e, 0x30, 0x2f, 0x43,
    0x6f, 0x6e, 0x73, 0x74, 0x61, 0x6e, 0x74, 0x5f, 0x35, 0x5f, 0x6f, 0x75, 0x74, 0x70, 0x75, 0x74,
    0x5f, 0x30, 0x0a, 0x2b, 0x2f, 0x64, 0x66, 0x5f, 0x64, 0x65, 0x63, 0x2f, 0x64, 0x66, 0x5f, 0x6f,
    0x75, 0x74, 0x2f, 0x64, 0x66, 0x5f, 0x6f, 0x75, 0x74, 0x2e, 0x30, 0x2f, 0x43, 0x6f, 0x6e, 0x73,
    0x74, 0x61, 0x6e, 0x74, 0x5f, 0x36, 0x5f, 0x6f, 0x75, 0x74, 0x70, 0x75, 0x74, 0x5f, 0x30, 0x0a,
    0x2b, 0x2f, 0x64, 0x66, 0x5f, 0x64, 0x65, 0x63, 0x2f, 0x64, 0x66, 0x5f, 0x6f, 0x75, 0x74, 0x2f,
    0x64, 0x66, 0x5f, 0x6f, 0x75, 0x74, 0x2e, 0x30, 0x2f, 0x43, 0x6f, 0x6e, 0x73, 0x74, 0x61, 0x6e,
    0x74, 0x5f, 0x34, 0x5f, 0x6f, 0x75, 0x74, 0x70, 0x75, 0x74, 0x5f, 0x30, 0x12, 0x26, 0x2f, 0x64,
    0x66, 0x5f, 0x64, 0x65, 0x63, 0x2f, 0x64, 0x66, 0x5f, 0x6f, 0x75, 0x74, 0x2f, 0x64, 0x66, 0x5f,
    0x6f, 0x75, 0x74, 0x2e, 0x30, 0x2f, 0x53, 0x6c, 0x69, 0x63, 0x65, 0x5f, 0x6f, 0x75, 0x74, 0x70,
    0x75, 0x74, 0x5f, 0x30, 0x1a, 0x1d, 0x2f, 0x64, 0x66, 0x5f, 0x64, 0x65, 0x63, 0x2f, 0x64, 0x66,
    0x5f, 0x6f, 0x75, 0x74, 0x2f, 0x64, 0x66, 0x5f, 0x6f, 0x75, 0x74, 0x2e, 0x30, 0x2f, 0x53, 0x6c,
    0x69, 0x63, 0x65, 0x22, 0x05, 0x53, 0x6c, 0x69, 0x63, 0x65, 0x0a, 0x77, 0x12, 0x2b, 0x2f, 0x64,
    0x66, 0x5f, 0x64, 0x65, 0x63, 0x2f, 0x64, 0x66, 0x5f, 0x6f, 0x75, 0x74, 0x2f, 0x64, 0x66, 0x5f,
    0x6f, 0x75, 0x74, 0x2e, 0x30, 0x2f, 0x43, 0x6f, 0x6e, 0x73, 0x74, 0x61, 0x6e, 0x74, 0x5f, 0x37,
    0x5f, 0x6f, 0x75, 0x74, 0x70, 0x75, 0x74, 0x5f, 0x30, 0x1a, 0x22, 0x2f, 0x64, 0x66, 0x5f, 0x64,
    0x65, 0x63, 0x2f, 0x64, 0x66, 0x5f, 0x6f, 0x75, 0x74, 0x2f, 0x64, 0x66, 0x5f, 0x6f, 0x75, 0x74,
    0x2e, 0x30, 0x2f, 0x43, 0x6f, 0x6e, 0x73, 0x74, 0x61, 0x6e, 0x74, 0x5f, 0x37, 0x22, 0x08, 0x43,
    0x6f, 0x6e, 0x73, 0x74, 0x61, 0x6e, 0x74, 0x2a, 0x1a, 0x0a, 0x05, 0x76, 0x61, 0x6c, 0x75, 0x65,
    0x2a, 0x0e, 0x08, 0x01, 0x10, 0x07, 0x4a, 0x08, 0xff, 0xff, 0xff, 0xff, 0xff, 0xff, 0xff, 0xff,
    0xa0, 0x01, 0x04, 0x0a, 0xb7, 0x01, 0x0a, 0x26, 0x2f, 0x64, 0x66, 0x5f, 0x64, 0x65, 0x63, 0x2f,
    0x64, 0x66, 0x5f, 0x6f, 0x75, 0x74, 0x2f, 0x64, 0x66, 0x5f, 0x6f, 0x75, 0x74, 0x2e, 0x30, 0x2f,
    0x53, 0x6c, 0x69, 0x63, 0x65, 0x5f, 0x6f, 0x75, 0x74, 0x70, 0x75, 0x74, 0x5f, 0x30, 0x0a, 0x2b,
    0x2f, 0x64, 0x66, 0x5f, 0x64, 0x65, 0x63, 0x2f, 0x64, 0x66, 0x5f, 0x6f, 0x75, 0x74, 0x2f, 0x64,
    0x66, 0x5f, 0x6f, 0x75, 0x74, 0x2e, 0x30, 0x2f, 0x43, 0x6f, 0x6e, 0x73, 0x74, 0x61, 0x6e, 0x74,
    0x5f, 0x37, 0x5f, 0x6f, 0x75, 0x74, 0x70, 0x75, 0x74, 0x5f, 0x30, 0x12, 0x29, 0x2f, 0x64, 0x66,
    0x5f, 0x64, 0x65, 0x63, 0x2f, 0x64, 0x66, 0x5f, 0x6f, 0x75, 0x74, 0x2f, 0x64, 0x66, 0x5f, 0x6f,
    0x75, 0x74, 0x2e, 0x30, 0x2f, 0x43, 0x6f, 0x6e, 0x63, 0x61, 0x74, 0x5f, 0x31, 0x5f, 0x6f, 0x75,
    0x74, 0x70, 0x75, 0x74, 0x5f, 0x30, 0x1a, 0x20, 0x2f, 0x64, 0x66, 0x5f, 0x64, 0x65, 0x63, 0x2f,
    0x64, 0x66, 0x5f, 0x6f, 0x75, 0x74, 0x2f, 0x64, 0x66, 0x5f, 0x6f, 0x75, 0x74, 0x2e, 0x30, 0x2f,
    0x43, 0x6f, 0x6e, 0x63, 0x61, 0x74, 0x5f, 0x31, 0x22, 0x06, 0x43, 0x6f, 0x6e, 0x63, 0x61, 0x74,
    0x2a, 0x0b, 0x0a, 0x04, 0x61, 0x78, 0x69, 0x73, 0x18, 0x00, 0xa0, 0x01, 0x02, 0x0a, 0xbe, 0x01,
    0x0a, 0x27, 0x2f, 0x64, 0x66, 0x5f, 0x64, 0x65, 0x63, 0x2f, 0x64, 0x66, 0x5f, 0x6f, 0x75, 0x74,
    0x2f, 0x64, 0x66, 0x5f, 0x6f, 0x75, 0x74, 0x2e, 0x30, 0x2f, 0x45, 0x69, 0x6e, 0x73, 0x75, 0x6d,
    0x5f, 0x6f, 0x75, 0x74, 0x70, 0x75, 0x74, 0x5f, 0x30, 0x0a, 0x29, 0x2f, 0x64, 0x66, 0x5f, 0x64,
    0x65, 0x63, 0x2f, 0x64, 0x66, 0x5f, 0x6f, 0x75, 0x74, 0x2f, 0x64, 0x66, 0x5f, 0x6f, 0x75, 0x74,
    0x2e, 0x30, 0x2f, 0x43, 0x6f, 0x6e, 0x63, 0x61, 0x74, 0x5f, 0x31, 0x5f, 0x6f, 0x75, 0x74, 0x70,
    0x75, 0x74, 0x5f, 0x30, 0x12, 0x2a, 0x2f, 0x64, 0x66, 0x5f, 0x64, 0x65, 0x63, 0x2f, 0x64, 0x66,
    0x5f, 0x6f, 0x75, 0x74, 0x2f, 0x64, 0x66, 0x5f, 0x6f, 0x75, 0x74, 0x2e, 0x30, 0x2f, 0x52, 0x65,
    0x73, 0x68, 0x61, 0x70, 0x65, 0x5f, 0x31, 0x5f, 0x6f, 0x75, 0x74, 0x70, 0x75, 0x74, 0x5f, 0x30,
    0x1a, 0x21, 0x2f, 0x64, 0x66, 0x5f, 0x64, 0x65, 0x63, 0x2f, 0x64, 0x66, 0x5f, 0x6f, 0x75, 0x74,
    0x2f, 0x64, 0x66, 0x5f, 0x6f, 0x75, 0x74, 0x2e, 0x30, 0x2f, 0x52, 0x65, 0x73, 0x68, 0x61, 0x70,
    0x65, 0x5f, 0x31, 0x22, 0x07, 0x52, 0x65, 0x73, 0x68, 0x61, 0x70, 0x65, 0x2a, 0x10, 0x0a, 0x09,
    0x61, 0x6c, 0x6c, 0x6f, 0x77, 0x7a, 0x65, 0x72, 0x6f, 0x18, 0x00, 0xa0, 0x01, 0x02, 0x0a, 0x77,
    0x0a, 0x2a, 0x2f, 0x64, 0x66, 0x5f, 0x64, 0x65, 0x63, 0x2f, 0x64, 0x66, 0x5f, 0x6f, 0x75, 0x74,
    0x2f, 0x64, 0x66, 0x5f, 0x6f, 0x75, 0x74, 0x2e, 0x30, 0x2f, 0x52, 0x65, 0x73, 0x68, 0x61, 0x70,
    0x65, 0x5f, 0x31, 0x5f, 0x6f, 0x75, 0x74, 0x70, 0x75, 0x74, 0x5f, 0x30, 0x12, 0x25, 0x2f, 0x64,
    0x66, 0x5f, 0x64, 0x65, 0x63, 0x2f, 0x64, 0x66, 0x5f, 0x6f, 0x75, 0x74, 0x2f, 0x64, 0x66, 0x5f,
    0x6f, 0x75, 0x74, 0x2e, 0x31, 0x2f, 0x54, 0x61, 0x6e, 0x68, 0x5f, 0x6f, 0x75, 0x74, 0x70, 0x75,
    0x74, 0x5f, 0x30, 0x1a, 0x1c, 0x2f, 0x64, 0x66, 0x5f, 0x64, 0x65, 0x63, 0x2f, 0x64, 0x66, 0x5f,
    0x6f, 0x75, 0x74, 0x2f, 0x64, 0x66, 0x5f, 0x6f, 0x75, 0x74, 0x2e, 0x31, 0x2f, 0x54, 0x61, 0x6e,
    0x68, 0x22, 0x04, 0x54, 0x61, 0x6e, 0x68, 0x0a, 0x49, 0x12, 0x13, 0x6f, 0x6e, 0x6e, 0x78, 0x3a,
    0x3a, 0x55, 0x6e, 0x73, 0x71, 0x75, 0x65, 0x65, 0x7a, 0x65, 0x5f, 0x39, 0x36, 0x34, 0x1a, 0x0c,
    0x43, 0x6f, 0x6e, 0x73, 0x74, 0x61, 0x6e, 0x74, 0x5f, 0x36, 0x32, 0x36, 0x22, 0x08, 0x43, 0x6f,
    0x6e, 0x73, 0x74, 0x61, 0x6e, 0x74, 0x2a, 0x1a, 0x0a, 0x05, 0x76, 0x61, 0x6c, 0x75, 0x65, 0x2a,
    0x0e, 0x08, 0x01, 0x10, 0x07, 0x4a, 0x08, 0x00, 0x00, 0x00, 0x00, 0x00, 0x00, 0x00, 0x00, 0xa0,
    0x01, 0x04, 0x0a, 0x68, 0x0a, 0x17, 0x2f, 0x64, 0x66, 0x5f, 0x64, 0x65, 0x63, 0x2f, 0x47, 0x61,
    0x74, 0x68, 0x65, 0x72, 0x5f, 0x6f, 0x75, 0x74, 0x70, 0x75, 0x74, 0x5f, 0x30, 0x0a, 0x13, 0x6f,
    0x6e, 0x6e, 0x78, 0x3a, 0x3a, 0x55, 0x6e, 0x73, 0x71, 0x75, 0x65, 0x65, 0x7a, 0x65, 0x5f, 0x39,
    0x36, 0x34, 0x12, 0x1a, 0x2f, 0x64, 0x66, 0x5f, 0x64, 0x65, 0x63, 0x2f, 0x55, 0x6e, 0x73, 0x71,
    0x75, 0x65, 0x65, 0x7a, 0x65, 0x5f, 0x6f, 0x75, 0x74, 0x70, 0x75, 0x74, 0x5f, 0x30, 0x1a, 0x11,
    0x2f, 0x64, 0x66, 0x5f, 0x64, 0x65, 0x63, 0x2f, 0x55, 0x6e, 0x73, 0x71, 0x75, 0x65, 0x65, 0x7a,
    0x65, 0x22, 0x09, 0x55, 0x6e, 0x73, 0x71, 0x75, 0x65, 0x65, 0x7a, 0x65, 0x0a, 0x49, 0x12, 0x13,
    0x6f, 0x6e, 0x6e, 0x78, 0x3a, 0x3a, 0x55, 0x6e, 0x73, 0x71, 0x75, 0x65, 0x65, 0x7a, 0x65, 0x5f,
    0x39, 0x36, 0x36, 0x1a, 0x0c, 0x43, 0x6f, 0x6e, 0x73, 0x74, 0x61, 0x6e, 0x74, 0x5f, 0x36, 0x32,
    0x38, 0x22, 0x08, 0x43, 0x6f, 0x6e, 0x73, 0x74, 0x61, 0x6e, 0x74, 0x2a, 0x1a, 0x0a, 0x05, 0x76,
    0x61, 0x6c, 0x75, 0x65, 0x2a, 0x0e, 0x08, 0x01, 0x10, 0x07, 0x4a, 0x08, 0x00, 0x00, 0x00, 0x00,
    0x00, 0x00, 0x00, 0x00, 0xa0, 0x01, 0x04, 0x0a, 0x6e, 0x0a, 0x19, 0x2f, 0x64, 0x66, 0x5f, 0x64,
    0x65, 0x63, 0x2f, 0x47, 0x61, 0x74, 0x68, 0x65, 0x72, 0x5f, 0x31, 0x5f, 0x6f, 0x75, 0x74, 0x70,
    0x75, 0x74, 0x5f, 0x30, 0x0a, 0x13, 0x6f, 0x6e, 0x6e, 0x78, 0x3a, 0x3a, 0x55, 0x6e, 0x73, 0x71,
    0x75, 0x65, 0x65, 0x7a, 0x65, 0x5f, 0x39, 0x36, 0x36, 0x12, 0x1c, 0x2f, 0x64, 0x66, 0x5f, 0x64,
    0x65, 0x63, 0x2f, 0x55, 0x6e, 0x73, 0x71, 0x75, 0x65, 0x65, 0x7a, 0x65, 0x5f, 0x31, 0x5f, 0x6f,
    0x75, 0x74, 0x70, 0x75, 0x74, 0x5f, 0x30, 0x1a, 0x13, 0x2f, 0x64, 0x66, 0x5f, 0x64, 0x65, 0x63,
    0x2f, 0x55, 0x6e, 0x73, 0x71, 0x75, 0x65, 0x65, 0x7a, 0x65, 0x5f, 0x31, 0x22, 0x09, 0x55, 0x6e,
    0x73, 0x71, 0x75, 0x65, 0x65, 0x7a, 0x65, 0x0a, 0x57, 0x12, 0x1b, 0x2f, 0x64, 0x66, 0x5f, 0x64,
    0x65, 0x63, 0x2f, 0x43, 0x6f, 0x6e, 0x73, 0x74, 0x61, 0x6e, 0x74, 0x5f, 0x32, 0x5f, 0x6f, 0x75,
    0x74, 0x70, 0x75, 0x74, 0x5f, 0x30, 0x1a, 0x12, 0x2f, 0x64, 0x66, 0x5f, 0x64, 0x65, 0x63, 0x2f,
    0x43, 0x6f, 0x6e, 0x73, 0x74, 0x61, 0x6e, 0x74, 0x5f, 0x32, 0x22, 0x08, 0x43, 0x6f, 0x6e, 0x73,
    0x74, 0x61, 0x6e, 0x74, 0x2a, 0x1a, 0x0a, 0x05, 0x76, 0x61, 0x6c, 0x75, 0x65, 0x2a, 0x0e, 0x08,
    0x01, 0x10, 0x07, 0x4a, 0x08, 0x60, 0x00, 0x00, 0x00, 0x00, 0x00, 0x00, 0x00, 0xa0, 0x01, 0x04,
    0x0a, 0x57, 0x12, 0x1b, 0x2f, 0x64, 0x66, 0x5f, 0x64, 0x65, 0x63, 0x2f, 0x43, 0x6f, 0x6e, 0x73,
    0x74, 0x61, 0x6e, 0x74, 0x5f, 0x33, 0x5f, 0x6f, 0x75, 0x74, 0x70, 0x75, 0x74, 0x5f, 0x30, 0x1a,
    0x12, 0x2f, 0x64, 0x66, 0x5f, 0x64, 0x65, 0x63, 0x2f, 0x43, 0x6f, 0x6e, 0x73, 0x74, 0x61, 0x6e,
    0x74, 0x5f, 0x33, 0x22, 0x08, 0x43, 0x6f, 0x6e, 0x73, 0x74, 0x61, 0x6e, 0x74, 0x2a, 0x1a, 0x0a,
    0x05, 0x76, 0x61, 0x6c, 0x75, 0x65, 0x2a, 0x0e, 0x08, 0x01, 0x10, 0x07, 0x4a, 0x08, 0x0a, 0x00,
    0x00, 0x00, 0x00, 0x00, 0x00, 0x00, 0xa0, 0x01, 0x04, 0x0a, 0xb2, 0x01, 0x0a, 0x1a, 0x2f, 0x64,
    0x66, 0x5f, 0x64, 0x65, 0x63, 0x2f, 0x55, 0x6e, 0x73, 0x71, 0x75, 0x65, 0x65, 0x7a, 0x65, 0x5f,
    0x6f, 0x75, 0x74, 0x70, 0x75, 0x74, 0x5f, 0x30, 0x0a, 0x1c, 0x2f, 0x64, 0x66, 0x5f, 0x64, 0x65,
    0x63, 0x2f, 0x55, 0x6e, 0x73, 0x71, 0x75, 0x65, 0x65, 0x7a, 0x65, 0x5f, 0x31, 0x5f, 0x6f, 0x75,
    0x74, 0x70, 0x75, 0x74, 0x5f, 0x30, 0x0a, 0x1b, 0x2f, 0x64, 0x66, 0x5f, 0x64, 0x65, 0x63, 0x2f,
    0x43, 0x6f, 0x6e, 0x73, 0x74, 0x61, 0x6e, 0x74, 0x5f, 0x32, 0x5f, 0x6f, 0x75, 0x74, 0x70, 0x75,
    0x74, 0x5f, 0x30, 0x0a, 0x1b, 0x2f, 0x64, 0x66, 0x5f, 0x64, 0x65, 0x63, 0x2f, 0x43, 0x6f, 0x6e,
    0x73, 0x74, 0x61, 0x6e, 0x74, 0x5f, 0x33, 0x5f, 0x6f, 0x75, 0x74, 0x70, 0x75, 0x74, 0x5f, 0x30,
    0x12, 0x17, 0x2f, 0x64, 0x66, 0x5f, 0x64, 0x65, 0x63, 0x2f, 0x43, 0x6f, 0x6e, 0x63, 0x61, 0x74,
    0x5f, 0x6f, 0x75, 0x74, 0x70, 0x75, 0x74, 0x5f, 0x30, 0x1a, 0x0e, 0x2f, 0x64, 0x66, 0x5f, 0x64,
    0x65, 0x63, 0x2f, 0x43, 0x6f, 0x6e, 0x63, 0x61, 0x74, 0x22, 0x06, 0x43, 0x6f, 0x6e, 0x63, 0x61,
    0x74, 0x2a, 0x0b, 0x0a, 0x04, 0x61, 0x78, 0x69, 0x73, 0x18, 0x00, 0xa0, 0x01, 0x02, 0x0a, 0x86,
    0x01, 0x0a, 0x25, 0x2f, 0x64, 0x66, 0x5f, 0x64, 0x65, 0x63, 0x2f, 0x64, 0x66, 0x5f, 0x6f, 0x75,
    0x74, 0x2f, 0x64, 0x66, 0x5f, 0x6f, 0x75, 0x74, 0x2e, 0x31, 0x2f, 0x54, 0x61, 0x6e, 0x68, 0x5f,
    0x6f, 0x75, 0x74, 0x70, 0x75, 0x74, 0x5f, 0x30, 0x0a, 0x17, 0x2f, 0x64, 0x66, 0x5f, 0x64, 0x65,
    0x63, 0x2f, 0x43, 0x6f, 0x6e, 0x63, 0x61, 0x74, 0x5f, 0x6f, 0x75, 0x74, 0x70, 0x75, 0x74, 0x5f,
    0x30, 0x12, 0x18, 0x2f, 0x64, 0x66, 0x5f, 0x64, 0x65, 0x63, 0x2f, 0x52, 0x65, 0x73, 0x68, 0x61,
    0x70, 0x65, 0x5f, 0x6f, 0x75, 0x74, 0x70, 0x75, 0x74, 0x5f, 0x30, 0x1a, 0x0f, 0x2f, 0x64, 0x66,
    0x5f, 0x64, 0x65, 0x63, 0x2f, 0x52, 0x65, 0x73, 0x68, 0x61, 0x70, 0x65, 0x22, 0x07, 0x52, 0x65,
    0x73, 0x68, 0x61, 0x70, 0x65, 0x2a, 0x10, 0x0a, 0x09, 0x61, 0x6c, 0x6c, 0x6f, 0x77, 0x7a, 0x65,
    0x72, 0x6f, 0x18, 0x00, 0xa0, 0x01, 0x02, 0x0a, 0x62, 0x0a, 0x18, 0x2f, 0x64, 0x66, 0x5f, 0x64,
    0x65, 0x63, 0x2f, 0x52, 0x65, 0x73, 0x68, 0x61, 0x70, 0x65, 0x5f, 0x6f, 0x75, 0x74, 0x70, 0x75,
    0x74, 0x5f, 0x30, 0x0a, 0x1a, 0x2f, 0x64, 0x66, 0x5f, 0x64, 0x65, 0x63, 0x2f, 0x54, 0x72, 0x61,
    0x6e, 0x73, 0x70, 0x6f, 0x73, 0x65, 0x5f, 0x6f, 0x75, 0x74, 0x70, 0x75, 0x74, 0x5f, 0x30, 0x12,
    0x16, 0x2f, 0x64, 0x66, 0x5f, 0x64, 0x65, 0x63, 0x2f, 0x41, 0x64, 0x64, 0x5f, 0x31, 0x5f, 0x6f,
    0x75, 0x74, 0x70, 0x75, 0x74, 0x5f, 0x30, 0x1a, 0x0d, 0x2f, 0x64, 0x66, 0x5f, 0x64, 0x65, 0x63,
    0x2f, 0x41, 0x64, 0x64, 0x5f, 0x31, 0x22, 0x03, 0x41, 0x64, 0x64, 0x0a, 0x5a, 0x0a, 0x16, 0x2f,
    0x64, 0x66, 0x5f, 0x64, 0x65, 0x63, 0x2f, 0x41, 0x64, 0x64, 0x5f, 0x31, 0x5f, 0x6f, 0x75, 0x74,
    0x70, 0x75, 0x74, 0x5f, 0x30, 0x12, 0x20, 0x2f, 0x64, 0x66, 0x5f, 0x6f, 0x75, 0x74, 0x5f, 0x74,
    0x72, 0x61, 0x6e, 0x73, 0x66, 0x6f, 0x72, 0x6d, 0x2f, 0x53, 0x68, 0x61, 0x70, 0x65, 0x5f, 0x6f,
    0x75, 0x74, 0x70, 0x75, 0x74, 0x5f, 0x30, 0x1a, 0x17, 0x2f, 0x64, 0x66, 0x5f, 0x6f, 0x75, 0x74,
    0x5f, 0x74, 0x72, 0x61, 0x6e, 0x73, 0x66, 0x6f, 0x72, 0x6d, 0x2f, 0x53, 0x68, 0x61, 0x70, 0x65,
    0x22, 0x05, 0x53, 0x68, 0x61, 0x70, 0x65, 0x0a, 0x65, 0x12, 0x23, 0x2f, 0x64, 0x66, 0x5f, 0x6f,
    0x75, 0x74, 0x5f, 0x74, 0x72, 0x61, 0x6e, 0x73, 0x66, 0x6f, 0x72, 0x6d, 0x2f, 0x43, 0x6f, 0x6e,
    0x73, 0x74, 0x61, 0x6e, 0x74, 0x5f, 0x6f, 0x75, 0x74, 0x70, 0x75, 0x74, 0x5f, 0x30, 0x1a, 0x1a,
    0x2f, 0x64, 0x66, 0x5f, 0x6f, 0x75, 0x74, 0x5f, 0x74, 0x72, 0x61, 0x6e, 0x73, 0x66, 0x6f, 0x72,
    0x6d, 0x2f, 0x43, 0x6f, 0x6e, 0x73, 0x74, 0x61, 0x6e, 0x74, 0x22, 0x08, 0x43, 0x6f, 0x6e, 0x73,
    0x74, 0x61, 0x6e, 0x74, 0x2a, 0x18, 0x0a, 0x05, 0x76, 0x61, 0x6c, 0x75, 0x65, 0x2a, 0x0c, 0x10,
    0x07, 0x4a, 0x08, 0x00, 0x00, 0x00, 0x00, 0x00, 0x00, 0x00, 0x00, 0xa0, 0x01, 0x04, 0x0a, 0x99,
    0x01, 0x0a, 0x20, 0x2f, 0x64, 0x66, 0x5f, 0x6f, 0x75, 0x74, 0x5f, 0x74, 0x72, 0x61, 0x6e, 0x73,
    0x66, 0x6f, 0x72, 0x6d, 0x2f, 0x53, 0x68, 0x61, 0x70, 0x65, 0x5f, 0x6f, 0x75, 0x74, 0x70, 0x75,
    0x74, 0x5f, 0x30, 0x0a, 0x23, 0x2f, 0x64, 0x66, 0x5f, 0x6f, 0x75, 0x74, 0x5f, 0x74, 0x72, 0x61,
    0x6e, 0x73, 0x66, 0x6f, 0x72, 0x6d, 0x2f, 0x43, 0x6f, 0x6e, 0x73, 0x74, 0x61, 0x6e, 0x74, 0x5f,
    0x6f, 0x75, 0x74, 0x70, 0x75, 0x74, 0x5f, 0x30, 0x12, 0x21, 0x2f, 0x64, 0x66, 0x5f, 0x6f, 0x75,
    0x74, 0x5f, 0x74, 0x72, 0x61, 0x6e, 0x73, 0x66, 0x6f, 0x72, 0x6d, 0x2f, 0x47, 0x61, 0x74, 0x68,
    0x65, 0x72, 0x5f, 0x6f, 0x75, 0x74, 0x70, 0x75, 0x74, 0x5f, 0x30, 0x1a, 0x18, 0x2f, 0x64, 0x66,
    0x5f, 0x6f, 0x75, 0x74, 0x5f, 0x74, 0x72, 0x61, 0x6e, 0x73, 0x66, 0x6f, 0x72, 0x6d, 0x2f, 0x47,
    0x61, 0x74, 0x68, 0x65, 0x72, 0x22, 0x06, 0x47, 0x61, 0x74, 0x68, 0x65, 0x72, 0x2a, 0x0b, 0x0a,
    0x04, 0x61, 0x78, 0x69, 0x73, 0x18, 0x00, 0xa0, 0x01, 0x02, 0x0a, 0x5e, 0x0a, 0x16, 0x2f, 0x64,
    0x66, 0x5f, 0x64, 0x65, 0x63, 0x2f, 0x41, 0x64, 0x64, 0x5f, 0x31, 0x5f, 0x6f, 0x75, 0x74, 0x70,
    0x75, 0x74, 0x5f, 0x30, 0x12, 0x22, 0x2f, 0x64, 0x66, 0x5f, 0x6f, 0x75, 0x74, 0x5f, 0x74, 0x72,
    0x61, 0x6e, 0x73, 0x66, 0x6f, 0x72, 0x6d, 0x2f, 0x53, 0x68, 0x61, 0x70, 0x65, 0x5f, 0x31, 0x5f,
    0x6f, 0x75, 0x74, 0x70, 0x75, 0x74, 0x5f, 0x30, 0x1a, 0x19, 0x2f, 0x64, 0x66, 0x5f, 0x6f, 0x75,
    0x74, 0x5f, 0x74, 0x72, 0x61, 0x6e, 0x73, 0x66, 0x6f, 0x72, 0x6d, 0x2f, 0x53, 0x68, 0x61, 0x70,
    0x65, 0x5f, 0x31, 0x22, 0x05, 0x53, 0x68, 0x61, 0x70, 0x65, 0x0a, 0x69, 0x12, 0x25, 0x2f, 0x64,
    0x66, 0x5f, 0x6f, 0x75, 0x74, 0x5f, 0x74, 0x72, 0x61, 0x6e, 0x73, 0x66, 0x6f, 0x72, 0x6d, 0x2f,
    0x43, 0x6f, 0x6e, 0x73, 0x74, 0x61, 0x6e, 0x74, 0x5f, 0x31, 0x5f, 0x6f, 0x75, 0x74, 0x70, 0x75,
    0x74, 0x5f, 0x30, 0x1a, 0x1c, 0x2f, 0x64, 0x66, 0x5f, 0x6f, 0x75, 0x74, 0x5f, 0x74, 0x72, 0x61,
    0x6e, 0x73, 0x66, 0x6f, 0x72, 0x6d, 0x2f, 0x43, 0x6f, 0x6e, 0x73, 0x74, 0x61, 0x6e, 0x74, 0x5f,
    0x31, 0x22, 0x08, 0x43, 0x6f, 0x6e, 0x73, 0x74, 0x61, 0x6e, 0x74, 0x2a, 0x18, 0x0a, 0x05, 0x76,
    0x61, 0x6c, 0x75, 0x65, 0x2a, 0x0c, 0x10, 0x07, 0x4a, 0x08, 0x01, 0x00, 0x00, 0x00, 0x00, 0x00,
    0x00, 0x00, 0xa0, 0x01, 0x04, 0x0a, 0xa1, 0x01, 0x0a, 0x22, 0x2f, 0x64, 0x66, 0x5f, 0x6f, 0x75,
    0x74, 0x5f, 0x74, 0x72, 0x61, 0x6e, 0x73, 0x66, 0x6f, 0x72, 0x6d, 0x2f, 0x53, 0x68, 0x61, 0x70,
    0x65, 0x5f, 0x31, 0x5f, 0x6f, 0x75, 0x74, 0x70, 0x75, 0x74, 0x5f, 0x30, 0x0a, 0x25, 0x2f, 0x64,
    0x66, 0x5f, 0x6f, 0x75, 0x74, 0x5f, 0x74, 0x72, 0x61, 0x6e, 0x73, 0x66, 0x6f, 0x72, 0x6d, 0x2f,
    0x43, 0x6f, 0x6e, 0x73, 0x74, 0x61, 0x6e, 0x74, 0x5f, 0x31, 0x5f, 0x6f, 0x75, 0x74, 0x70, 0x75,
    0x74, 0x5f, 0x30, 0x12, 0x23, 0x2f, 0x64, 0x66, 0x5f, 0x6f, 0x75, 0x74, 0x5f, 0x74, 0x72, 0x61,
    0x6e, 0x73, 0x66, 0x6f, 0x72, 0x6d, 0x2f, 0x47, 0x61, 0x74, 0x68, 0x65, 0x72, 0x5f, 0x31, 0x5f,
    0x6f, 0x75, 0x74, 0x70, 0x75, 0x74, 0x5f, 0x30, 0x1a, 0x1a, 0x2f, 0x64, 0x66, 0x5f, 0x6f, 0x75,
    0x74, 0x5f, 0x74, 0x72, 0x61, 0x6e, 0x73, 0x66, 0x6f, 0x72, 0x6d, 0x2f, 0x47, 0x61, 0x74, 0x68,
    0x65, 0x72, 0x5f, 0x31, 0x22, 0x06, 0x47, 0x61, 0x74, 0x68, 0x65, 0x72, 0x2a, 0x0b, 0x0a, 0x04,
    0x61, 0x78, 0x69, 0x73, 0x18, 0x00, 0xa0, 0x01, 0x02, 0x0a, 0x5e, 0x0a, 0x16, 0x2f, 0x64, 0x66,
    0x5f, 0x64, 0x65, 0x63, 0x2f, 0x41, 0x64, 0x64, 0x5f, 0x31, 0x5f, 0x6f, 0x75, 0x74, 0x70, 0x75,
    0x74, 0x5f, 0x30, 0x12, 0x22, 0x2f, 0x64, 0x66, 0x5f, 0x6f, 0x75, 0x74, 0x5f, 0x74, 0x72, 0x61,
    0x6e, 0x73, 0x66, 0x6f, 0x72, 0x6d, 0x2f, 0x53, 0x68, 0x61, 0x70, 0x65, 0x5f, 0x32, 0x5f, 0x6f,
    0x75, 0x74, 0x70, 0x75, 0x74, 0x5f, 0x30, 0x1a, 0x19, 0x2f, 0x64, 0x66, 0x5f, 0x6f, 0x75, 0x74,
    0x5f, 0x74, 0x72, 0x61, 0x6e, 0x73, 0x66, 0x6f, 0x72, 0x6d, 0x2f, 0x53, 0x68, 0x61, 0x70, 0x65,
    0x5f, 0x32, 0x22, 0x05, 0x53, 0x68, 0x61, 0x70, 0x65, 0x0a, 0x69, 0x12, 0x25, 0x2f, 0x64, 0x66,
    0x5f, 0x6f, 0x75, 0x74, 0x5f, 0x74, 0x72, 0x61, 0x6e, 0x73, 0x66, 0x6f, 0x72, 0x6d, 0x2f, 0x43,
    0x6f, 0x6e, 0x73, 0x74, 0x61, 0x6e, 0x74, 0x5f, 0x32, 0x5f, 0x6f, 0x75, 0x74, 0x70, 0x75, 0x74,
    0x5f, 0x30, 0x1a, 0x1c, 0x2f, 0x64, 0x66, 0x5f, 0x6f, 0x75, 0x74, 0x5f, 0x74, 0x72, 0x61, 0x6e,
    0x73, 0x66, 0x6f, 0x72, 0x6d, 0x2f, 0x43, 0x6f, 0x6e, 0x73, 0x74, 0x61, 0x6e, 0x74, 0x5f, 0x32,
    0x22, 0x08, 0x43, 0x6f, 0x6e, 0x73, 0x74, 0x61, 0x6e, 0x74, 0x2a, 0x18, 0x0a, 0x05, 0x76, 0x61,
    0x6c, 0x75, 0x65, 0x2a, 0x0c, 0x10, 0x07, 0x4a, 0x08, 0x02, 0x00, 0x00, 0x00, 0x00, 0x00, 0x00,
    0x00, 0xa0, 0x01, 0x04, 0x0a, 0xa1, 0x01, 0x0a, 0x22, 0x2f, 0x64, 0x66, 0x5f, 0x6f, 0x75, 0x74,
    0x5f, 0x74, 0x72, 0x61, 0x6e, 0x73, 0x66, 0x6f, 0x72, 0x6d, 0x2f, 0x53, 0x68, 0x61, 0x70, 0x65,
    0x5f, 0x32, 0x5f, 0x6f, 0x75, 0x74, 0x70, 0x75, 0x74, 0x5f, 0x30, 0x0a, 0x25, 0x2f, 0x64, 0x66,
    0x5f, 0x6f, 0x75, 0x74, 0x5f, 0x74, 0x72, 0x61, 0x6e, 0x73, 0x66, 0x6f, 0x72, 0x6d, 0x2f, 0x43,
    0x6f, 0x6e, 0x73, 0x74, 0x61, 0x6e, 0x74, 0x5f, 0x32, 0x5f, 0x6f, 0x75, 0x74, 0x70, 0x75, 0x74,
    0x5f, 0x30, 0x12, 0x23, 0x2f, 0x64, 0x66, 0x5f, 0x6f, 0x75, 0x74, 0x5f, 0x74, 0x72, 0x61, 0x6e,
    0x73, 0x66, 0x6f, 0x72, 0x6d, 0x2f, 0x47, 0x61, 0x74, 0x68, 0x65, 0x72, 0x5f, 0x32, 0x5f, 0x6f,
    0x75, 0x74, 0x70, 0x75, 0x74, 0x5f, 0x30, 0x1a, 0x1a, 0x2f, 0x64, 0x66, 0x5f, 0x6f, 0x75, 0x74,
    0x5f, 0x74, 0x72, 0x61, 0x6e, 0x73, 0x66, 0x6f, 0x72, 0x6d, 0x2f, 0x47, 0x61, 0x74, 0x68, 0x65,
    0x72, 0x5f, 0x32, 0x22, 0x06, 0x47, 0x61, 0x74, 0x68, 0x65, 0x72, 0x2a, 0x0b, 0x0a, 0x04, 0x61,
    0x78, 0x69, 0x73, 0x18, 0x00, 0xa0, 0x01, 0x02, 0x0a, 0x49, 0x12, 0x13, 0x6f, 0x6e, 0x6e, 0x78,
    0x3a, 0x3a, 0x55, 0x6e, 0x73, 0x71, 0x75, 0x65, 0x65, 0x7a, 0x65, 0x5f, 0x39, 0x38, 0x34, 0x1a,
    0x0c, 0x43, 0x6f, 0x6e, 0x73, 0x74, 0x61, 0x6e, 0x74, 0x5f, 0x36, 0x34, 0x34, 0x22, 0x08, 0x43,
    0x6f, 0x6e, 0x73, 0x74, 0x61, 0x6e, 0x74, 0x2a, 0x1a, 0x0a, 0x05, 0x76, 0x61, 0x6c, 0x75, 0x65,
    0x2a, 0x0e, 0x08, 0x01, 0x10, 0x07, 0x4a, 0x08, 0x00, 0x00, 0x00, 0x00, 0x00, 0x00, 0x00, 0x00,
    0xa0, 0x01, 0x04, 0x0a, 0x86, 0x01, 0x0a, 0x21, 0x2f, 0x64, 0x66, 0x5f, 0x6f, 0x75, 0x74, 0x5f,
    0x74, 0x72, 0x61, 0x6e, 0x73, 0x66, 0x6f, 0x72, 0x6d, 0x2f, 0x47, 0x61, 0x74, 0x68, 0x65, 0x72,
    0x5f, 0x6f, 0x75, 0x74, 0x70, 0x75, 0x74, 0x5f, 0x30, 0x0a, 0x13, 0x6f, 0x6e, 0x6e, 0x78, 0x3a,
    0x3a, 0x55, 0x6e, 0x73, 0x71, 0x75, 0x65, 0x65, 0x7a, 0x65, 0x5f, 0x39, 0x38, 0x34, 0x12, 0x24,
    0x2f, 0x64, 0x66, 0x5f, 0x6f, 0x75, 0x74, 0x5f, 0x74, 0x72, 0x61, 0x6e, 0x73, 0x66, 0x6f, 0x72,
    0x6d, 0x2f, 0x55, 0x6e, 0x73, 0x71, 0x75, 0x65, 0x65, 0x7a, 0x65, 0x5f, 0x6f, 0x75, 0x74, 0x70,
    0x75, 0x74, 0x5f, 0x30, 0x1a, 0x1b, 0x2f, 0x64, 0x66, 0x5f, 0x6f, 0x75, 0x74, 0x5f, 0x74, 0x72,
    0x61, 0x6e, 0x73, 0x66, 0x6f, 0x72, 0x6d, 0x2f, 0x55, 0x6e, 0x73, 0x71, 0x75, 0x65, 0x65, 0x7a,
    0x65, 0x22, 0x09, 0x55, 0x6e, 0x73, 0x71, 0x75, 0x65, 0x65, 0x7a, 0x65, 0x0a, 0x49, 0x12, 0x13,
    0x6f, 0x6e, 0x6e, 0x78, 0x3a, 0x3a, 0x55, 0x6e, 0x73, 0x71, 0x75, 0x65, 0x65, 0x7a, 0x65, 0x5f,
    0x39, 0x38, 0x36, 0x1a, 0x0c, 0x43, 0x6f, 0x6e, 0x73, 0x74, 0x61, 0x6e, 0x74, 0x5f, 0x36, 0x34,
    0x36, 0x22, 0x08, 0x43, 0x6f, 0x6e, 0x73, 0x74, 0x61, 0x6e, 0x74, 0x2a, 0x1a, 0x0a, 0x05, 0x76,
    0x61, 0x6c, 0x75, 0x65, 0x2a, 0x0e, 0x08, 0x01, 0x10, 0x07, 0x4a, 0x08, 0x00, 0x00, 0x00, 0x00,
    0x00, 0x00, 0x00, 0x00, 0xa0, 0x01, 0x04, 0x0a, 0x8c, 0x01, 0x0a, 0x23, 0x2f, 0x64, 0x66, 0x5f,
    0x6f, 0x75, 0x74, 0x5f, 0x74, 0x72, 0x61, 0x6e, 0x73, 0x66, 0x6f, 0x72, 0x6d, 0x2f, 0x47, 0x61,
    0x74, 0x68, 0x65, 0x72, 0x5f, 0x31, 0x5f, 0x6f, 0x75, 0x74, 0x70, 0x75, 0x74, 0x5f, 0x30, 0x0a,
    0x13, 0x6f, 0x6e, 0x6e, 0x78, 0x3a, 0x3a, 0x55, 0x6e, 0x73, 0x71, 0x75, 0x65, 0x65, 0x7a, 0x65,
    0x5f, 0x39, 0x38, 0x36, 0x12, 0x26, 0x2f, 0x64, 0x66, 0x5f, 0x6f, 0x75, 0x74, 0x5f, 0x74, 0x72,
    0x61, 0x6e, 0x73, 0x66, 0x6f, 0x72, 0x6d, 0x2f, 0x55, 0x6e, 0x73, 0x71, 0x75, 0x65, 0x65, 0x7a,
    0x65, 0x5f, 0x31, 0x5f, 0x6f, 0x75, 0x74, 0x70, 0x75, 0x74, 0x5f, 0x30, 0x1a, 0x1d, 0x2f, 0x64,
    0x66, 0x5f, 0x6f, 0x75, 0x74, 0x5f, 0x74, 0x72, 0x61, 0x6e, 0x73, 0x66, 0x6f, 0x72, 0x6d, 0x2f,
    0x55, 0x6e, 0x73, 0x71, 0x75, 0x65, 0x65, 0x7a, 0x65, 0x5f, 0x31, 0x22, 0x09, 0x55, 0x6e, 0x73,
    0x71, 0x75, 0x65, 0x65, 0x7a, 0x65, 0x0a, 0x49, 0x12, 0x13, 0x6f, 0x6e, 0x6e, 0x78, 0x3a, 0x3a,
    0x55, 0x6e, 0x73, 0x71, 0x75, 0x65, 0x65, 0x7a, 0x65, 0x5f, 0x39, 0x38, 0x38, 0x1a, 0x0c, 0x43,
    0x6f, 0x6e, 0x73, 0x74, 0x61, 0x6e, 0x74, 0x5f, 0x36, 0x34, 0x38, 0x22, 0x08, 0x43, 0x6f, 0x6e,
    0x73, 0x74, 0x61, 0x6e, 0x74, 0x2a, 0x1a, 0x0a, 0x05, 0x76, 0x61, 0x6c, 0x75, 0x65, 0x2a, 0x0e,
    0x08, 0x01, 0x10, 0x07, 0x4a, 0x08, 0x00, 0x00, 0x00, 0x00, 0x00, 0x00, 0x00, 0x00, 0xa0, 0x01,
    0x04, 0x0a, 0x8c, 0x01, 0x0a, 0x23, 0x2f, 0x64, 0x66, 0x5f, 0x6f, 0x75, 0x74, 0x5f, 0x74, 0x72,
    0x61, 0x6e, 0x73, 0x66, 0x6f, 0x72, 0x6d, 0x2f, 0x47, 0x61, 0x74, 0x68, 0x65, 0x72, 0x5f, 0x32,
    0x5f, 0x6f, 0x75, 0x74, 0x70, 0x75, 0x74, 0x5f, 0x30, 0x0a, 0x13, 0x6f, 0x6e, 0x6e, 0x78, 0x3a,
    0x3a, 0x55, 0x6e, 0x73, 0x71, 0x75, 0x65, 0x65, 0x7a, 0x65, 0x5f, 0x39, 0x38, 0x38, 0x12, 0x26,
    0x2f, 0x64, 0x66, 0x5f, 0x6f, 0x75, 0x74, 0x5f, 0x74, 0x72, 0x61, 0x6e, 0x73, 0x66, 0x6f, 0x72,
    0x6d, 0x2f, 0x55, 0x6e, 0x73, 0x71, 0x75, 0x65, 0x65, 0x7a, 0x65, 0x5f, 0x32, 0x5f, 0x6f, 0x75,
    0x74, 0x70, 0x75, 0x74, 0x5f, 0x30, 0x1a, 0x1d, 0x2f, 0x64, 0x66, 0x5f, 0x6f, 0x75, 0x74, 0x5f,
    0x74, 0x72, 0x61, 0x6e, 0x73, 0x66, 0x6f, 0x72, 0x6d, 0x2f, 0x55, 0x6e, 0x73, 0x71, 0x75, 0x65,
    0x65, 0x7a, 0x65, 0x5f, 0x32, 0x22, 0x09, 0x55, 0x6e, 0x73, 0x71, 0x75, 0x65, 0x65, 0x7a, 0x65,
    0x0a, 0x6b, 0x12, 0x25, 0x2f, 0x64, 0x66, 0x5f, 0x6f, 0x75, 0x74, 0x5f, 0x74, 0x72, 0x61, 0x6e,
    0x73, 0x66, 0x6f, 0x72, 0x6d, 0x2f, 0x43, 0x6f, 0x6e, 0x73, 0x74, 0x61, 0x6e, 0x74, 0x5f, 0x33,
    0x5f, 0x6f, 0x75, 0x74, 0x70, 0x75, 0x74, 0x5f, 0x30, 0x1a, 0x1c, 0x2f, 0x64, 0x66, 0x5f, 0x6f,
    0x75, 0x74, 0x5f, 0x74, 0x72, 0x61, 0x6e, 0x73, 0x66, 0x6f, 0x72, 0x6d, 0x2f, 0x43, 0x6f, 0x6e,
    0x73, 0x74, 0x61, 0x6e, 0x74, 0x5f, 0x33, 0x22, 0x08, 0x43, 0x6f, 0x6e, 0x73, 0x74, 0x61, 0x6e,
    0x74, 0x2a, 0x1a, 0x0a, 0x05, 0x76, 0x61, 0x6c, 0x75, 0x65, 0x2a, 0x0e, 0x08, 0x01, 0x10, 0x07,
    0x4a, 0x08, 0xff, 0xff, 0xff, 0xff, 0xff, 0xff, 0xff, 0xff, 0xa0, 0x01, 0x04, 0x0a, 0x6b, 0x12,
    0x25, 0x2f, 0x64, 0x66, 0x5f, 0x6f, 0x75, 0x74, 0x5f, 0x74, 0x72, 0x61, 0x6e, 0x73, 0x66, 0x6f,
    0x72, 0x6d, 0x2f, 0x43, 0x6f, 0x6e, 0x73, 0x74, 0x61, 0x6e, 0x74, 0x5f, 0x34, 0x5f, 0x6f, 0x75,
    0x74, 0x70, 0x75, 0x74, 0x5f, 0x30, 0x1a, 0x1c, 0x2f, 0x64, 0x66, 0x5f, 0x6f, 0x75, 0x74, 0x5f,
    0x74, 0x72, 0x61, 0x6e, 0x73, 0x66, 0x6f, 0x72, 0x6d, 0x2f, 0x43, 0x6f, 0x6e, 0x73, 0x74, 0x61,
    0x6e, 0x74, 0x5f, 0x34, 0x22, 0x08, 0x43, 0x6f, 0x6e, 0x73, 0x74, 0x61, 0x6e, 0x74, 0x2a, 0x1a,
    0x0a, 0x05, 0x76, 0x61, 0x6c, 0x75, 0x65, 0x2a, 0x0e, 0x08, 0x01, 0x10, 0x07, 0x4a, 0x08, 0x02,
    0x00, 0x00, 0x00, 0x00, 0x00, 0x00, 0x00, 0xa0, 0x01, 0x04, 0x0a, 0x96, 0x02, 0x0a, 0x24, 0x2f,
    0x64, 0x66, 0x5f, 0x6f, 0x75, 0x74, 0x5f, 0x74, 0x72, 0x61, 0x6e, 0x73, 0x66, 0x6f, 0x72, 0x6d,
    0x2f, 0x55, 0x6e, 0x73, 0x71, 0x75, 0x65, 0x65, 0x7a, 0x65, 0x5f, 0x6f, 0x75, 0x74, 0x70, 0x75,
    0x74, 0x5f, 0x30, 0x0a, 0x26, 0x2f, 0x64, 0x66, 0x5f, 0x6f, 0x75, 0x74, 0x5f, 0x74, 0x72, 0x61,
    0x6e, 0x73, 0x66, 0x6f, 0x72, 0x6d, 0x2f, 0x55, 0x6e, 0x73, 0x71, 0x75, 0x65, 0x65, 0x7a, 0x65,
    0x5f, 0x31, 0x5f, 0x6f, 0x75, 0x74, 0x70, 0x75, 0x74, 0x5f, 0x30, 0x0a, 0x26, 0x2f, 0x64, 0x66,
    0x5f, 0x6f, 0x75, 0x74, 0x5f, 0x74, 0x72, 0x61, 0x6e, 0x73, 0x66, 0x6f, 0x72, 0x6d, 0x2f, 0x55,
    0x6e, 0x73, 0x71, 0x75, 0x65, 0x65, 0x7a, 0x65, 0x5f, 0x32, 0x5f, 0x6f, 0x75, 0x74, 0x70, 0x75,
    0x74, 0x5f, 0x30, 0x0a, 0x25, 0x2f, 0x64, 0x66, 0x5f, 0x6f, 0x75, 0x74, 0x5f, 0x74, 0x72, 0x61,
    0x6e, 0x73, 0x66, 0x6f, 0x72, 0x6d, 0x2f, 0x43, 0x6f, 0x6e, 0x73, 0x74, 0x61, 0x6e, 0x74, 0x5f,
    0x33, 0x5f, 0x6f, 0x75, 0x74, 0x70, 0x75, 0x74, 0x5f, 0x30, 0x0a, 0x25, 0x2f, 0x64, 0x66, 0x5f,
    0x6f, 0x75, 0x74, 0x5f, 0x74, 0x72, 0x61, 0x6e, 0x73, 0x66, 0x6f, 0x72, 0x6d, 0x2f, 0x43, 0x6f,
    0x6e, 0x73, 0x74, 0x61, 0x6e, 0x74, 0x5f, 0x34, 0x5f, 0x6f, 0x75, 0x74, 0x70, 0x75, 0x74, 0x5f,
    0x30, 0x12, 0x21, 0x2f, 0x64, 0x66, 0x5f, 0x6f, 0x75, 0x74, 0x5f, 0x74, 0x72, 0x61, 0x6e, 0x73,
    0x66, 0x6f, 0x72, 0x6d, 0x2f, 0x43, 0x6f, 0x6e, 0x63, 0x61, 0x74, 0x5f, 0x6f, 0x75, 0x74, 0x70,
    0x75, 0x74, 0x5f, 0x30, 0x1a, 0x18, 0x2f, 0x64, 0x66, 0x5f, 0x6f, 0x75, 0x74, 0x5f, 0x74, 0x72,
    0x61, 0x6e, 0x73, 0x66, 0x6f, 0x72, 0x6d, 0x2f, 0x43, 0x6f, 0x6e, 0x63, 0x61, 0x74, 0x22, 0x06,
    0x43, 0x6f, 0x6e, 0x63, 0x61, 0x74, 0x2a, 0x0b, 0x0a, 0x04, 0x61, 0x78, 0x69, 0x73, 0x18, 0x00,
    0xa0, 0x01, 0x02, 0x0a, 0x95, 0x01, 0x0a, 0x16, 0x2f, 0x64, 0x66, 0x5f, 0x64, 0x65, 0x63, 0x2f,
    0x41, 0x64, 0x64, 0x5f, 0x31, 0x5f, 0x6f, 0x75, 0x74, 0x70, 0x75, 0x74, 0x5f, 0x30, 0x0a, 0x21,
    0x2f, 0x64, 0x66, 0x5f, 0x6f, 0x75, 0x74, 0x5f, 0x74, 0x72, 0x61, 0x6e, 0x73, 0x66, 0x6f, 0x72,
    0x6d, 0x2f, 0x43, 0x6f, 0x6e, 0x63, 0x61, 0x74, 0x5f, 0x6f, 0x75, 0x74, 0x70, 0x75, 0x74, 0x5f,
    0x30, 0x12, 0x22, 0x2f, 0x64, 0x66, 0x5f, 0x6f, 0x75, 0x74, 0x5f, 0x74, 0x72, 0x61, 0x6e, 0x73,
    0x66, 0x6f, 0x72, 0x6d, 0x2f, 0x52, 0x65, 0x73, 0x68, 0x61, 0x70, 0x65, 0x5f, 0x6f, 0x75, 0x74,
    0x70, 0x75, 0x74, 0x5f, 0x30, 0x1a, 0x19, 0x2f, 0x64, 0x66, 0x5f, 0x6f, 0x75, 0x74, 0x5f, 0x74,
    0x72, 0x61, 0x6e, 0x73, 0x66, 0x6f, 0x72, 0x6d, 0x2f, 0x52, 0x65, 0x73, 0x68, 0x61, 0x70, 0x65,
    0x22, 0x07, 0x52, 0x65, 0x73, 0x68, 0x61, 0x70, 0x65, 0x2a, 0x10, 0x0a, 0x09, 0x61, 0x6c, 0x6c,
    0x6f, 0x77, 0x7a, 0x65, 0x72, 0x6f, 0x18, 0x00, 0xa0, 0x01, 0x02, 0x0a, 0x6b, 0x0a, 0x22, 0x2f,
    0x64, 0x66, 0x5f, 0x6f, 0x75, 0x74, 0x5f, 0x74, 0x72, 0x61, 0x6e, 0x73, 0x66, 0x6f, 0x72, 0x6d,
    0x2f, 0x52, 0x65, 0x73, 0x68, 0x61, 0x70, 0x65, 0x5f, 0x6f, 0x75, 0x74, 0x70, 0x75, 0x74, 0x5f,
    0x30, 0x12, 0x08, 0x64, 0x66, 0x5f, 0x63, 0x6f, 0x65, 0x66, 0x73, 0x1a, 0x1b, 0x2f, 0x64, 0x66,
    0x5f, 0x6f, 0x75, 0x74, 0x5f, 0x74, 0x72, 0x61, 0x6e, 0x73, 0x66, 0x6f, 0x72, 0x6d, 0x2f, 0x54,
    0x72, 0x61, 0x6e, 0x73, 0x70, 0x6f, 0x73, 0x65, 0x22, 0x09, 0x54, 0x72, 0x61, 0x6e, 0x73, 0x70,
    0x6f, 0x73, 0x65, 0x2a, 0x13, 0x0a, 0x04, 0x70, 0x65, 0x72, 0x6d, 0x40, 0x00, 0x40, 0x03, 0x40,
    0x01, 0x40, 0x02, 0x40, 0x04, 0xa0, 0x01, 0x07, 0x0a, 0x31, 0x0a, 0x1d, 0x2f, 0x65, 0x6e, 0x63,
    0x2f, 0x65, 0x6d, 0x62, 0x5f, 0x67, 0x72, 0x75, 0x2f, 0x67, 0x72, 0x75, 0x2f, 0x47, 0x52, 0x55,
    0x5f, 0x6f, 0x75, 0x74, 0x70, 0x75, 0x74, 0x5f, 0x31, 0x12, 0x06, 0x68, 0x30, 0x5f, 0x6f, 0x75,
    0x74, 0x22, 0x08, 0x49, 0x64, 0x65, 0x6e, 0x74, 0x69, 0x74, 0x79, 0x0a, 0x35, 0x0a, 0x21, 0x2f,
    0x65, 0x72, 0x62, 0x5f, 0x64, 0x65, 0x63, 0x2f, 0x65, 0x6d, 0x62, 0x5f, 0x67, 0x72, 0x75, 0x2f,
    0x67, 0x72, 0x75, 0x2f, 0x47, 0x52, 0x55, 0x5f, 0x6f, 0x75, 0x74, 0x70, 0x75, 0x74, 0x5f, 0x31,
    0x12, 0x06, 0x68, 0x31, 0x5f, 0x6f, 0x75, 0x74, 0x22, 0x08, 0x49, 0x64, 0x65, 0x6e, 0x74, 0x69,
    0x74, 0x79, 0x0a, 0x37, 0x0a, 0x23, 0x2f, 0x65, 0x72, 0x62, 0x5f, 0x64, 0x65, 0x63, 0x2f, 0x65,
    0x6d, 0x62, 0x5f, 0x67, 0x72, 0x75, 0x2f, 0x67, 0x72, 0x75, 0x2f, 0x47, 0x52, 0x55, 0x5f, 0x31,
    0x5f, 0x6f, 0x75, 0x74, 0x70, 0x75, 0x74, 0x5f, 0x31, 0x12, 0x06, 0x68, 0x32, 0x5f, 0x6f, 0x75,
    0x74, 0x22, 0x08, 0x49, 0x64, 0x65, 0x6e, 0x74, 0x69, 0x74, 0x79, 0x0a, 0x33, 0x0a, 0x1f, 0x2f,
    0x64, 0x66, 0x5f, 0x64, 0x65, 0x63, 0x2f, 0x64, 0x66, 0x5f, 0x67, 0x72, 0x75, 0x2f, 0x67, 0x72,
    0x75, 0x2f, 0x47, 0x52, 0x55, 0x5f, 0x6f, 0x75, 0x74, 0x70, 0x75, 0x74, 0x5f, 0x31, 0x12, 0x06,
    0x68, 0x33, 0x5f, 0x6f, 0x75, 0x74, 0x22, 0x08, 0x49, 0x64, 0x65, 0x6e, 0x74, 0x69, 0x74, 0x79,
    0x0a, 0x35, 0x0a, 0x21, 0x2f, 0x64, 0x66, 0x5f, 0x64, 0x65, 0x63, 0x2f, 0x64, 0x66, 0x5f, 0x67,
    0x72, 0x75, 0x2f, 0x67, 0x72, 0x75, 0x2f, 0x47, 0x52, 0x55, 0x5f, 0x31, 0x5f, 0x6f, 0x75, 0x74,
    0x70, 0x75, 0x74, 0x5f, 0x31, 0x12, 0x06, 0x68, 0x34, 0x5f, 0x6f, 0x75, 0x74, 0x22, 0x08, 0x49,
    0x64, 0x65, 0x6e, 0x74, 0x69, 0x74, 0x79, 0x0a, 0x81, 0x01, 0x0a, 0x27, 0x2f, 0x65, 0x6e, 0x63,
    0x2f, 0x65, 0x72, 0x62, 0x5f, 0x63, 0x6f, 0x6e, 0x76, 0x30, 0x2f, 0x65, 0x72, 0x62, 0x5f, 0x63,
    0x6f, 0x6e, 0x76, 0x30, 0x2e, 0x30, 0x2f, 0x50, 0x61, 0x64, 0x5f, 0x6f, 0x75, 0x74, 0x70, 0x75,
    0x74, 0x5f, 0x30, 0x0a, 0x15, 0x73, 0x74, 0x72, 0x65, 0x61, 0x6d, 0x5f, 0x65, 0x72, 0x62, 0x5f,
    0x63, 0x61, 0x63, 0x68, 0x65, 0x73, 0x74, 0x61, 0x72, 0x74, 0x0a, 0x13, 0x73, 0x74, 0x72, 0x65,
    0x61, 0x6d, 0x5f, 0x65, 0x72, 0x62, 0x5f, 0x63, 0x61, 0x63, 0x68, 0x65, 0x65, 0x6e, 0x64, 0x0a,
    0x14, 0x73, 0x74, 0x72, 0x65, 0x61, 0x6d, 0x5f, 0x65, 0x72, 0x62, 0x5f, 0x63, 0x61, 0x63, 0x68,
    0x65, 0x61, 0x78, 0x69, 0x73, 0x12, 0x0d, 0x65, 0x72, 0x62, 0x5f, 0x63, 0x61, 0x63, 0x68, 0x65,
    0x5f, 0x6f, 0x75, 0x74, 0x22, 0x05, 0x53, 0x6c, 0x69, 0x63, 0x65, 0x0a, 0x83, 0x01, 0x0a, 0x25,
    0x2f, 0x65, 0x6e, 0x63, 0x2f, 0x64, 0x66, 0x5f, 0x63, 0x6f, 0x6e, 0x76, 0x30, 0x2f, 0x64, 0x66,
    0x5f, 0x63, 0x6f, 0x6e, 0x76, 0x30, 0x2e, 0x30, 0x2f, 0x50, 0x61, 0x64, 0x5f, 0x6f, 0x75, 0x74,
    0x70, 0x75, 0x74, 0x5f, 0x30, 0x0a, 0x16, 0x73, 0x74, 0x72, 0x65, 0x61, 0x6d, 0x5f, 0x73, 0x70,
    0x65, 0x63, 0x5f, 0x63, 0x61, 0x63, 0x68, 0x65, 0x73, 0x74, 0x61, 0x72, 0x74, 0x0a, 0x14, 0x73,
    0x74, 0x72, 0x65, 0x61, 0x6d, 0x5f, 0x73, 0x70, 0x65, 0x63, 0x5f, 0x63, 0x61, 0x63, 0x68, 0x65,
    0x65, 0x6e, 0x64, 0x0a, 0x15, 0x73, 0x74, 0x72, 0x65, 0x61, 0x6d, 0x5f, 0x73, 0x70, 0x65, 0x63,
    0x5f, 0x63, 0x61, 0x63, 0x68, 0x65, 0x61, 0x78, 0x69, 0x73, 0x12, 0x0e, 0x73, 0x70, 0x65, 0x63,
    0x5f, 0x63, 0x61, 0x63, 0x68, 0x65, 0x5f, 0x6f, 0x75, 0x74, 0x22, 0x05, 0x53, 0x6c, 0x69, 0x63,
    0x65, 0x0a, 0x7e, 0x0a, 0x28, 0x2f, 0x64, 0x66, 0x5f, 0x64, 0x65, 0x63, 0x2f, 0x64, 0x66, 0x5f,
    0x63, 0x6f, 0x6e, 0x76, 0x70, 0x2f, 0x64, 0x66, 0x5f, 0x63, 0x6f, 0x6e, 0x76, 0x70, 0x2e, 0x30,
    0x2f, 0x50, 0x61, 0x64, 0x5f, 0x6f, 0x75, 0x74, 0x70, 0x75, 0x74, 0x5f, 0x30, 0x0a, 0x14, 0x73,
    0x74, 0x72, 0x65, 0x61, 0x6d, 0x5f, 0x64, 0x66, 0x5f, 0x63, 0x61, 0x63, 0x68, 0x65, 0x73, 0x74,
    0x61, 0x72, 0x74, 0x0a, 0x12, 0x73, 0x74, 0x72, 0x65, 0x61, 0x6d, 0x5f, 0x64, 0x66, 0x5f, 0x63,
    0x61, 0x63, 0x68, 0x65, 0x65, 0x6e, 0x64, 0x0a, 0x13, 0x73, 0x74, 0x72, 0x65, 0x61, 0x6d, 0x5f,
    0x64, 0x66, 0x5f, 0x63, 0x61, 0x63, 0x68, 0x65, 0x61, 0x78, 0x69, 0x73, 0x12, 0x0c, 0x64, 0x66,
    0x5f, 0x63, 0x61, 0x63, 0x68, 0x65, 0x5f, 0x6f, 0x75, 0x74, 0x22, 0x05, 0x53, 0x6c, 0x69, 0x63,
    0x65, 0x12, 0x0a, 0x6d, 0x61, 0x69, 0x6e, 0x5f, 0x67, 0x72, 0x61, 0x70, 0x68, 0x2a, 0x68, 0x08,
    0x40, 0x08, 0x01, 0x08, 0x01, 0x08, 0x03, 0x10, 0x01, 0x42, 0x16, 0x65, 0x6e, 0x63, 0x2e, 0x65,
    0x72, 0x62, 0x5f, 0x63, 0x6f, 0x6e, 0x76, 0x31, 0x2e, 0x30, 0x2e, 0x77, 0x65, 0x69, 0x67, 0x68,
    0x74, 0x6a, 0x22, 0x0a, 0x08, 0x6c, 0x6f, 0x63, 0x61, 0x74, 0x69, 0x6f, 0x6e, 0x12, 0x16, 0x64,
    0x65, 0x65, 0x70, 0x66, 0x69, 0x6c, 0x74, 0x65, 0x72, 0x5f, 0x73, 0x6f, 0x75, 0x72, 0x63, 0x65,
    0x2e, 0x6f, 0x6e, 0x6e, 0x78, 0x6a, 0x0f, 0x0a, 0x06, 0x6f, 0x66, 0x66, 0x73, 0x65, 0x74, 0x12,
    0x05, 0x37, 0x31, 0x30, 0x32, 0x31, 0x6a, 0x0d, 0x0a, 0x06, 0x6c, 0x65, 0x6e, 0x67, 0x74, 0x68,
    0x12, 0x03, 0x37, 0x36, 0x38, 0x70, 0x01, 0x2a, 0x68, 0x08, 0x40, 0x08, 0x01, 0x08, 0x01, 0x08,
    0x03, 0x10, 0x01, 0x42, 0x16, 0x65, 0x6e, 0x63, 0x2e, 0x65, 0x72, 0x62, 0x5f, 0x63, 0x6f, 0x6e,
    0x76, 0x32, 0x2e, 0x30, 0x2e, 0x77, 0x65, 0x69, 0x67, 0x68, 0x74, 0x6a, 0x22, 0x0a, 0x08, 0x6c,
    0x6f, 0x63, 0x61, 0x74, 0x69, 0x6f, 0x6e, 0x12, 0x16, 0x64, 0x65, 0x65, 0x70, 0x66, 0x69, 0x6c,
    0x74, 0x65, 0x72, 0x5f, 0x73, 0x6f, 0x75, 0x72, 0x63, 0x65, 0x2e, 0x6f, 0x6e, 0x6e, 0x78, 0x6a,
    0x0f, 0x0a, 0x06, 0x6f, 0x66, 0x66, 0x73, 0x65, 0x74, 0x12, 0x05, 0x37, 0x31, 0x38, 0x32, 0x39,
    0x6a, 0x0d, 0x0a, 0x06, 0x6c, 0x65, 0x6e, 0x67, 0x74, 0x68, 0x12, 0x03, 0x37, 0x36, 0x38, 0x70,
    0x01, 0x2a, 0x68, 0x08, 0x40, 0x08, 0x01, 0x08, 0x01, 0x08, 0x03, 0x10, 0x01, 0x42, 0x16, 0x65,
    0x6e, 0x63, 0x2e, 0x65, 0x72, 0x62, 0x5f, 0x63, 0x6f, 0x6e, 0x76, 0x33, 0x2e, 0x30, 0x2e, 0x77,
    0x65, 0x69, 0x67, 0x68, 0x74, 0x6a, 0x22, 0x0a, 0x08, 0x6c, 0x6f, 0x63, 0x61, 0x74, 0x69, 0x6f,
    0x6e, 0x12, 0x16, 0x64, 0x65, 0x65, 0x70, 0x66, 0x69, 0x6c, 0x74, 0x65, 0x72, 0x5f, 0x73, 0x6f,
    0x75, 0x72, 0x63, 0x65, 0x2e, 0x6f, 0x6e, 0x6e, 0x78, 0x6a, 0x0f, 0x0a, 0x06, 0x6f, 0x66, 0x66,
    0x73, 0x65, 0x74, 0x12, 0x05, 0x37, 0x32, 0x36, 0x33, 0x37, 0x6a, 0x0d, 0x0a, 0x06, 0x6c, 0x65,
    0x6e, 0x67, 0x74, 0x68, 0x12, 0x03, 0x37, 0x36, 0x38, 0x70, 0x01, 0x2a, 0x68, 0x08, 0x40, 0x08,
    0x01, 0x08, 0x03, 0x08, 0x03, 0x10, 0x01, 0x42, 0x15, 0x65, 0x6e, 0x63, 0x2e, 0x64, 0x66, 0x5f,
    0x63, 0x6f, 0x6e, 0x76, 0x30, 0x2e, 0x31, 0x2e, 0x77, 0x65, 0x69, 0x67, 0x68, 0x74, 0x6a, 0x22,
    0x0a, 0x08, 0x6c, 0x6f, 0x63, 0x61, 0x74, 0x69, 0x6f, 0x6e, 0x12, 0x16, 0x64, 0x65, 0x65, 0x70,
    0x66, 0x69, 0x6c, 0x74, 0x65, 0x72, 0x5f, 0x73, 0x6f, 0x75, 0x72, 0x63, 0x65, 0x2e, 0x6f, 0x6e,
    0x6e, 0x78, 0x6a, 0x0f, 0x0a, 0x06, 0x6f, 0x66, 0x66, 0x73, 0x65, 0x74, 0x12, 0x05, 0x37, 0x33,
    0x34, 0x34, 0x34, 0x6a, 0x0e, 0x0a, 0x06, 0x6c, 0x65, 0x6e, 0x67, 0x74, 0x68, 0x12, 0x04, 0x32,
    0x33, 0x30, 0x34, 0x70, 0x01, 0x2a, 0x67, 0x08, 0x40, 0x08, 0x01, 0x08, 0x01, 0x08, 0x03, 0x10,
    0x01, 0x42, 0x15, 0x65, 0x6e, 0x63, 0x2e, 0x64, 0x66, 0x5f, 0x63, 0x6f, 0x6e, 0x76, 0x31, 0x2e,
    0x30, 0x2e, 0x77, 0x65, 0x69, 0x67, 0x68, 0x74, 0x6a, 0x22, 0x0a, 0x08, 0x6c, 0x6f, 0x63, 0x61,
    0x74, 0x69, 0x6f, 0x6e, 0x12, 0x16, 0x64, 0x65, 0x65, 0x70, 0x66, 0x69, 0x6c, 0x74, 0x65, 0x72,
    0x5f, 0x73, 0x6f, 0x75, 0x72, 0x63, 0x65, 0x2e, 0x6f, 0x6e, 0x6e, 0x78, 0x6a, 0x0f, 0x0a, 0x06,
    0x6f, 0x66, 0x66, 0x73, 0x65, 0x74, 0x12, 0x05, 0x37, 0x35, 0x37, 0x38, 0x37, 0x6a, 0x0d, 0x0a,
    0x06, 0x6c, 0x65, 0x6e, 0x67, 0x74, 0x68, 0x12, 0x03, 0x37, 0x36, 0x38, 0x70, 0x01, 0x2a, 0x69,
    0x08, 0x20, 0x08, 0x60, 0x08, 0x10, 0x10, 0x01, 0x42, 0x16, 0x65, 0x6e, 0x63, 0x2e, 0x64, 0x66,
    0x5f, 0x66, 0x63, 0x5f, 0x65, 0x6d, 0x62, 0x2e, 0x30, 0x2e, 0x77, 0x65, 0x69, 0x67, 0x68, 0x74,
    0x6a, 0x22, 0x0a, 0x08, 0x6c, 0x6f, 0x63, 0x61, 0x74, 0x69, 0x6f, 0x6e, 0x12, 0x16, 0x64, 0x65,
    0x65, 0x70, 0x66, 0x69, 0x6c, 0x74, 0x65, 0x72, 0x5f, 0x73, 0x6f, 0x75, 0x72, 0x63, 0x65, 0x2e,
    0x6f, 0x6e, 0x6e, 0x78, 0x6a, 0x0f, 0x0a, 0x06, 0x6f, 0x66, 0x66, 0x73, 0x65, 0x74, 0x12, 0x05,
    0x37, 0x36, 0x35, 0x39, 0x35, 0x6a, 0x10, 0x0a, 0x06, 0x6c, 0x65, 0x6e, 0x67, 0x74, 0x68, 0x12,
    0x06, 0x31, 0x39, 0x36, 0x36, 0x30, 0x38, 0x70, 0x01, 0x2a, 0x71, 0x08, 0x10, 0x08, 0x20, 0x08,
    0x10, 0x10, 0x01, 0x42, 0x1e, 0x65, 0x6e, 0x63, 0x2e, 0x65, 0x6d, 0x62, 0x5f, 0x67, 0x72, 0x75,
    0x2e, 0x6c, 0x69, 0x6e, 0x65, 0x61, 0x72, 0x5f, 0x69, 0x6e, 0x2e, 0x30, 0x2e, 0x77, 0x65, 0x69,
    0x67, 0x68, 0x74, 0x6a, 0x22, 0x0a, 0x08, 0x6c, 0x6f, 0x63, 0x61, 0x74, 0x69, 0x6f, 0x6e, 0x12,
    0x16, 0x64, 0x65, 0x65, 0x70, 0x66, 0x69, 0x6c, 0x74, 0x65, 0x72, 0x5f, 0x73, 0x6f, 0x75, 0x72,
    0x63, 0x65, 0x2e, 0x6f, 0x6e, 0x6e, 0x78, 0x6a, 0x10, 0x0a, 0x06, 0x6f, 0x66, 0x66, 0x73, 0x65,
    0x74, 0x12, 0x06, 0x32, 0x37, 0x33, 0x32, 0x35, 0x31, 0x6a, 0x0f, 0x0a, 0x06, 0x6c, 0x65, 0x6e,
    0x67, 0x74, 0x68, 0x12, 0x05, 0x33, 0x32, 0x37, 0x36, 0x38, 0x70, 0x01, 0x2a, 0x72, 0x08, 0x10,
    0x08, 0x10, 0x08, 0x20, 0x10, 0x01, 0x42, 0x1f, 0x65, 0x6e, 0x63, 0x2e, 0x65, 0x6d, 0x62, 0x5f,
    0x67, 0x72, 0x75, 0x2e, 0x6c, 0x69, 0x6e, 0x65, 0x61, 0x72, 0x5f, 0x6f, 0x75, 0x74, 0x2e, 0x30,
    0x2e, 0x77, 0x65, 0x69, 0x67, 0x68, 0x74, 0x6a, 0x22, 0x0a, 0x08, 0x6c, 0x6f, 0x63, 0x61, 0x74,
    0x69, 0x6f, 0x6e, 0x12, 0x16, 0x64, 0x65, 0x65, 0x70, 0x66, 0x69, 0x6c, 0x74, 0x65, 0x72, 0x5f,
    0x73, 0x6f, 0x75, 0x72, 0x63, 0x65, 0x2e, 0x6f, 0x6e, 0x6e, 0x78, 0x6a, 0x10, 0x0a, 0x06, 0x6f,
    0x66, 0x66, 0x73, 0x65, 0x74, 0x12, 0x06, 0x33, 0x30, 0x36, 0x30, 0x36, 0x38, 0x6a, 0x0f, 0x0a,
    0x06, 0x6c, 0x65, 0x6e, 0x67, 0x74, 0x68, 0x12, 0x05, 0x33, 0x32, 0x37, 0x36, 0x38, 0x70, 0x01,
    0x2a, 0x75, 0x08, 0x10, 0x08, 0x20, 0x08, 0x10, 0x10, 0x01, 0x42, 0x22, 0x65, 0x72, 0x62, 0x5f,
    0x64, 0x65, 0x63, 0x2e, 0x65, 0x6d, 0x62, 0x5f, 0x67, 0x72, 0x75, 0x2e, 0x6c, 0x69, 0x6e, 0x65,
    0x61, 0x72, 0x5f, 0x69, 0x6e, 0x2e, 0x30, 0x2e, 0x77, 0x65, 0x69, 0x67, 0x68, 0x74, 0x6a, 0x22,
    0x0a, 0x08, 0x6c, 0x6f, 0x63, 0x61, 0x74, 0x69, 0x6f, 0x6e, 0x12, 0x16, 0x64, 0x65, 0x65, 0x70,
    0x66, 0x69, 0x6c, 0x74, 0x65, 0x72, 0x5f, 0x73, 0x6f, 0x75, 0x72, 0x63, 0x65, 0x2e, 0x6f, 0x6e,
    0x6e, 0x78, 0x6a, 0x10, 0x0a, 0x06, 0x6f, 0x66, 0x66, 0x73, 0x65, 0x74, 0x12, 0x06, 0x33, 0x33,
    0x38, 0x38, 0x38, 0x38, 0x6a, 0x0f, 0x0a, 0x06, 0x6c, 0x65, 0x6e, 0x67, 0x74, 0x68, 0x12, 0x05,
    0x33, 0x32, 0x37, 0x36, 0x38, 0x70, 0x01, 0x2a, 0x76, 0x08, 0x10, 0x08, 0x10, 0x08, 0x20, 0x10,
    0x01, 0x42, 0x23, 0x65, 0x72, 0x62, 0x5f, 0x64, 0x65, 0x63, 0x2e, 0x65, 0x6d, 0x62, 0x5f, 0x67,
    0x72, 0x75, 0x2e, 0x6c, 0x69, 0x6e, 0x65, 0x61, 0x72, 0x5f, 0x6f, 0x75, 0x74, 0x2e, 0x30, 0x2e,
    0x77, 0x65, 0x69, 0x67, 0x68, 0x74, 0x6a, 0x22, 0x0a, 0x08, 0x6c, 0x6f, 0x63, 0x61, 0x74, 0x69,
    0x6f, 0x6e, 0x12, 0x16, 0x64, 0x65, 0x65, 0x70, 0x66, 0x69, 0x6c, 0x74, 0x65, 0x72, 0x5f, 0x73,
    0x6f, 0x75, 0x72, 0x63, 0x65, 0x2e, 0x6f, 0x6e, 0x6e, 0x78, 0x6a, 0x10, 0x0a, 0x06, 0x6f, 0x66,
    0x66, 0x73, 0x65, 0x74, 0x12, 0x06, 0x33, 0x37, 0x31, 0x37, 0x30, 0x39, 0x6a, 0x0f, 0x0a, 0x06,
    0x6c, 0x65, 0x6e, 0x67, 0x74, 0x68, 0x12, 0x05, 0x33, 0x32, 0x37, 0x36, 0x38, 0x70, 0x01, 0x2a,
    0x6a, 0x08, 0x40, 0x08, 0x01, 0x08, 0x01, 0x08, 0x03, 0x10, 0x01, 0x42, 0x17, 0x65, 0x72, 0x62,
    0x5f, 0x64, 0x65, 0x63, 0x2e, 0x63, 0x6f, 0x6e, 0x76, 0x74, 0x33, 0x2e, 0x30, 0x2e, 0x77, 0x65,
    0x69, 0x67, 0x68, 0x74, 0x6a, 0x22, 0x0a, 0x08, 0x6c, 0x6f, 0x63, 0x61, 0x74, 0x69, 0x6f, 0x6e,
    0x12, 0x16, 0x64, 0x65, 0x65, 0x70, 0x66, 0x69, 0x6c, 0x74, 0x65, 0x72, 0x5f, 0x73, 0x6f, 0x75,
    0x72, 0x63, 0x65, 0x2e, 0x6f, 0x6e, 0x6e, 0x78, 0x6a, 0x10, 0x0a, 0x06, 0x6f, 0x66, 0x66, 0x73,
    0x65, 0x74, 0x12, 0x06, 0x34, 0x30, 0x34, 0x35, 0x31, 0x38, 0x6a, 0x0d, 0x0a, 0x06, 0x6c, 0x65,
    0x6e, 0x67, 0x74, 0x68, 0x12, 0x03, 0x37, 0x36, 0x38, 0x70, 0x01, 0x2a, 0x6a, 0x08, 0x40, 0x08,
    0x01, 0x08, 0x01, 0x08, 0x03, 0x10, 0x01, 0x42, 0x17, 0x65, 0x72, 0x62, 0x5f, 0x64, 0x65, 0x63,
    0x2e, 0x63, 0x6f, 0x6e, 0x76, 0x74, 0x32, 0x2e, 0x30, 0x2e, 0x77, 0x65, 0x69, 0x67, 0x68, 0x74,
    0x6a, 0x22, 0x0a, 0x08, 0x6c, 0x6f, 0x63, 0x61, 0x74, 0x69, 0x6f, 0x6e, 0x12, 0x16, 0x64, 0x65,
    0x65, 0x70, 0x66, 0x69, 0x6c, 0x74, 0x65, 0x72, 0x5f, 0x73, 0x6f, 0x75, 0x72, 0x63, 0x65, 0x2e,
    0x6f, 0x6e, 0x6e, 0x78, 0x6a, 0x10, 0x0a, 0x06, 0x6f, 0x66, 0x66, 0x73, 0x65, 0x74, 0x12, 0x06,
    0x34, 0x30, 0x35, 0x33, 0x32, 0x37, 0x6a, 0x0d, 0x0a, 0x06, 0x6c, 0x65, 0x6e, 0x67, 0x74, 0x68,
    0x12, 0x03, 0x37, 0x36, 0x38, 0x70, 0x01, 0x2a, 0x6a, 0x08, 0x40, 0x08, 0x01, 0x08, 0x01, 0x08,
    0x03, 0x10, 0x01, 0x42, 0x17, 0x65, 0x72, 0x62, 0x5f, 0x64, 0x65, 0x63, 0x2e, 0x63, 0x6f, 0x6e,
    0x76, 0x74, 0x31, 0x2e, 0x30, 0x2e, 0x77, 0x65, 0x69, 0x67, 0x68, 0x74, 0x6a, 0x22, 0x0a, 0x08,
    0x6c, 0x6f, 0x63, 0x61, 0x74, 0x69, 0x6f, 0x6e, 0x12, 0x16, 0x64, 0x65, 0x65, 0x70, 0x66, 0x69,
    0x6c, 0x74, 0x65, 0x72, 0x5f, 0x73, 0x6f, 0x75, 0x72, 0x63, 0x65, 0x2e, 0x6f, 0x6e, 0x6e, 0x78,
    0x6a, 0x10, 0x0a, 0x06, 0x6f, 0x66, 0x66, 0x73, 0x65, 0x74, 0x12, 0x06, 0x34, 0x30, 0x36, 0x31,
    0x33, 0x36, 0x6a, 0x0d, 0x0a, 0x06, 0x6c, 0x65, 0x6e, 0x67, 0x74, 0x68, 0x12, 0x03, 0x37, 0x36,
    0x38, 0x70, 0x01, 0x2a, 0x6c, 0x08, 0x0a, 0x08, 0x20, 0x08, 0x05, 0x08, 0x01, 0x10, 0x01, 0x42,
    0x18, 0x64, 0x66, 0x5f, 0x64, 0x65, 0x63, 0x2e, 0x64, 0x66, 0x5f, 0x63, 0x6f, 0x6e, 0x76, 0x70,
    0x2e, 0x31, 0x2e, 0x77, 0x65, 0x69, 0x67, 0x68, 0x74, 0x6a, 0x22, 0x0a, 0x08, 0x6c, 0x6f, 0x63,
    0x61, 0x74, 0x69, 0x6f, 0x6e, 0x12, 0x16, 0x64, 0x65, 0x65, 0x70, 0x66, 0x69, 0x6c, 0x74, 0x65,
    0x72, 0x5f, 0x73, 0x6f, 0x75, 0x72, 0x63, 0x65, 0x2e, 0x6f, 0x6e, 0x6e, 0x78, 0x6a, 0x10, 0x0a,
    0x06, 0x6f, 0x66, 0x66, 0x73, 0x65, 0x74, 0x12, 0x06, 0x34, 0x30, 0x36, 0x39, 0x34, 0x36, 0x6a,
    0x0e, 0x0a, 0x06, 0x6c, 0x65, 0x6e, 0x67, 0x74, 0x68, 0x12, 0x04, 0x36, 0x34, 0x30, 0x30, 0x70,
    0x01, 0x2a, 0x73, 0x08, 0x08, 0x08, 0x40, 0x08, 0x20, 0x10, 0x01, 0x42, 0x20, 0x64, 0x66, 0x5f,
    0x64, 0x65, 0x63, 0x2e, 0x64, 0x66, 0x5f, 0x67, 0x72, 0x75, 0x2e, 0x6c, 0x69, 0x6e, 0x65, 0x61,
    0x72, 0x5f, 0x69, 0x6e, 0x2e, 0x30, 0x2e, 0x77, 0x65, 0x69, 0x67, 0x68, 0x74, 0x6a, 0x22, 0x0a,
    0x08, 0x6c, 0x6f, 0x63, 0x61, 0x74, 0x69, 0x6f, 0x6e, 0x12, 0x16, 0x64, 0x65, 0x65, 0x70, 0x66,
    0x69, 0x6c, 0x74, 0x65, 0x72, 0x5f, 0x73, 0x6f, 0x75, 0x72, 0x63, 0x65, 0x2e, 0x6f, 0x6e, 0x6e,
    0x78, 0x6a, 0x10, 0x0a, 0x06, 0x6f, 0x66, 0x66, 0x73, 0x65, 0x74, 0x12, 0x06, 0x34, 0x31, 0x33,
    0x33, 0x39, 0x36, 0x6a, 0x0f, 0x0a, 0x06, 0x6c, 0x65, 0x6e, 0x67, 0x74, 0x68, 0x12, 0x05, 0x36,
    0x35, 0x35, 0x33, 0x36, 0x70, 0x01, 0x2a, 0x68, 0x08, 0x10, 0x08, 0x20, 0x08, 0x10, 0x10, 0x01,
    0x42, 0x15, 0x64, 0x66, 0x5f, 0x64, 0x65, 0x63, 0x2e, 0x64, 0x66, 0x5f, 0x73, 0x6b, 0x69, 0x70,
    0x2e, 0x77, 0x65, 0x69, 0x67, 0x68, 0x74, 0x6a, 0x22, 0x0a, 0x08, 0x6c, 0x6f, 0x63, 0x61, 0x74,
    0x69, 0x6f, 0x6e, 0x12, 0x16, 0x64, 0x65, 0x65, 0x70, 0x66, 0x69, 0x6c, 0x74, 0x65, 0x72, 0x5f,
    0x73, 0x6f, 0x75, 0x72, 0x63, 0x65, 0x2e, 0x6f, 0x6e, 0x6e, 0x78, 0x6a, 0x10, 0x0a, 0x06, 0x6f,
    0x66, 0x66, 0x73, 0x65, 0x74, 0x12, 0x06, 0x34, 0x37, 0x38, 0x39, 0x37, 0x31, 0x6a, 0x0f, 0x0a,
    0x06, 0x6c, 0x65, 0x6e, 0x67, 0x74, 0x68, 0x12, 0x05, 0x33, 0x32, 0x37, 0x36, 0x38, 0x70, 0x01,
    0x2a, 0x69, 0x08, 0x10, 0x08, 0x10, 0x08, 0x3c, 0x10, 0x01, 0x42, 0x16, 0x64, 0x66, 0x5f, 0x64,
    0x65, 0x63, 0x2e, 0x64, 0x66, 0x5f, 0x6f, 0x75, 0x74, 0x2e, 0x30, 0x2e, 0x77, 0x65, 0x69, 0x67,
    0x68, 0x74, 0x6a, 0x22, 0x0a, 0x08, 0x6c, 0x6f, 0x63, 0x61, 0x74, 0x69, 0x6f, 0x6e, 0x12, 0x16,
    0x64, 0x65, 0x65, 0x70, 0x66, 0x69, 0x6c, 0x74, 0x65, 0x72, 0x5f, 0x73, 0x6f, 0x75, 0x72, 0x63,
    0x65, 0x2e, 0x6f, 0x6e, 0x6e, 0x78, 0x6a, 0x10, 0x0a, 0x06, 0x6f, 0x66, 0x66, 0x73, 0x65, 0x74,
    0x12, 0x06, 0x35, 0x31, 0x31, 0x37, 0x37, 0x39, 0x6a, 0x0f, 0x0a, 0x06, 0x6c, 0x65, 0x6e, 0x67,
    0x74, 0x68, 0x12, 0x05, 0x36, 0x31, 0x34, 0x34, 0x30, 0x70, 0x01, 0x2a, 0x62, 0x08, 0x40, 0x08,
    0x01, 0x08, 0x03, 0x08, 0x03, 0x10, 0x01, 0x42, 0x0e, 0x6f, 0x6e, 0x6e, 0x78, 0x3a, 0x3a, 0x43,
    0x6f, 0x6e, 0x76, 0x5f, 0x39, 0x39, 0x38, 0x6a, 0x22, 0x0a, 0x08, 0x6c, 0x6f, 0x63, 0x61, 0x74,
    0x69, 0x6f, 0x6e, 0x12, 0x16, 0x64, 0x65, 0x65, 0x70, 0x66, 0x69, 0x6c, 0x74, 0x65, 0x72, 0x5f,
    0x73, 0x6f, 0x75, 0x72, 0x63, 0x65, 0x2e, 0x6f, 0x6e, 0x6e, 0x78, 0x6a, 0x10, 0x0a, 0x06, 0x6f,
    0x66, 0x66, 0x73, 0x65, 0x74, 0x12, 0x06, 0x35, 0x37, 0x33, 0x32, 0x35, 0x31, 0x6a, 0x0e, 0x0a,
    0x06, 0x6c, 0x65, 0x6e, 0x67, 0x74, 0x68, 0x12, 0x04, 0x32, 0x33, 0x30, 0x34, 0x70, 0x01, 0x2a,
    0x5b, 0x08, 0x40, 0x10, 0x01, 0x42, 0x0e, 0x6f, 0x6e, 0x6e, 0x78, 0x3a, 0x3a, 0x43, 0x6f, 0x6e,
    0x76, 0x5f, 0x39, 0x39, 0x39, 0x6a, 0x22, 0x0a, 0x08, 0x6c, 0x6f, 0x63, 0x61, 0x74, 0x69, 0x6f,
    0x6e, 0x12, 0x16, 0x64, 0x65, 0x65, 0x70, 0x66, 0x69, 0x6c, 0x74, 0x65, 0x72, 0x5f, 0x73, 0x6f,
    0x75, 0x72, 0x63, 0x65, 0x2e, 0x6f, 0x6e, 0x6e, 0x78, 0x6a, 0x10, 0x0a, 0x06, 0x6f, 0x66, 0x66,
    0x73, 0x65, 0x74, 0x12, 0x06, 0x35, 0x37, 0x35, 0x35, 0x38, 0x31, 0x6a, 0x0d, 0x0a, 0x06, 0x6c,
    0x65, 0x6e, 0x67, 0x74, 0x68, 0x12, 0x03, 0x32, 0x35, 0x36, 0x70, 0x01, 0x2a, 0x64, 0x08, 0x40,
    0x08, 0x40, 0x08, 0x01, 0x08, 0x01, 0x10, 0x01, 0x42, 0x0f, 0x6f, 0x6e, 0x6e, 0x78, 0x3a, 0x3a,
    0x43, 0x6f, 0x6e, 0x76, 0x5f, 0x31, 0x30, 0x30, 0x31, 0x6a, 0x22, 0x0a, 0x08, 0x6c, 0x6f, 0x63,
    0x61, 0x74, 0x69, 0x6f, 0x6e, 0x12, 0x16, 0x64, 0x65, 0x65, 0x70, 0x66, 0x69, 0x6c, 0x74, 0x65,
    0x72, 0x5f, 0x73, 0x6f, 0x75, 0x72, 0x63, 0x65, 0x2e, 0x6f, 0x6e, 0x6e, 0x78, 0x6a, 0x10, 0x0a,
    0x06, 0x6f, 0x66, 0x66, 0x73, 0x65, 0x74, 0x12, 0x06, 0x35, 0x37, 0x35, 0x38, 0x37, 0x32, 0x6a,
    0x0f, 0x0a, 0x06, 0x6c, 0x65, 0x6e, 0x67, 0x74, 0x68, 0x12, 0x05, 0x31, 0x36, 0x33, 0x38, 0x34,
    0x70, 0x01, 0x2a, 0x5c, 0x08, 0x40, 0x10, 0x01, 0x42, 0x0f, 0x6f, 0x6e, 0x6e, 0x78, 0x3a, 0x3a,
    0x43, 0x6f, 0x6e, 0x76, 0x5f, 0x31, 0x30, 0x30, 0x32, 0x6a, 0x22, 0x0a, 0x08, 0x6c, 0x6f, 0x63,
    0x61, 0x74, 0x69, 0x6f, 0x6e, 0x12, 0x16, 0x64, 0x65, 0x65, 0x70, 0x66, 0x69, 0x6c, 0x74, 0x65,
    0x72, 0x5f, 0x73, 0x6f, 0x75, 0x72, 0x63, 0x65, 0x2e, 0x6f, 0x6e, 0x6e, 0x78, 0x6a, 0x10, 0x0a,
    0x06, 0x6f, 0x66, 0x66, 0x73, 0x65, 0x74, 0x12, 0x06, 0x35, 0x39, 0x32, 0x32, 0x38, 0x33, 0x6a,
    0x0d, 0x0a, 0x06, 0x6c, 0x65, 0x6e, 0x67, 0x74, 0x68, 0x12, 0x03, 0x32, 0x35, 0x36, 0x70, 0x01,
    0x2a, 0x64, 0x08, 0x40, 0x08, 0x40, 0x08, 0x01, 0x08, 0x01, 0x10, 0x01, 0x42, 0x0f, 0x6f, 0x6e,
    0x6e, 0x78, 0x3a, 0x3a, 0x43, 0x6f, 0x6e, 0x76, 0x5f, 0x31, 0x30, 0x30, 0x34, 0x6a, 0x22, 0x0a,
    0x08, 0x6c, 0x6f, 0x63, 0x61, 0x74, 0x69, 0x6f, 0x6e, 0x12, 0x16, 0x64, 0x65, 0x65, 0x70, 0x66,
    0x69, 0x6c, 0x74, 0x65, 0x72, 0x5f, 0x73, 0x6f, 0x75, 0x72, 0x63, 0x65, 0x2e, 0x6f, 0x6e, 0x6e,
    0x78, 0x6a, 0x10, 0x0a, 0x06, 0x6f, 0x66, 0x66, 0x73, 0x65, 0x74, 0x12, 0x06, 0x35, 0x39, 0x32,
    0x35, 0x37, 0x34, 0x6a, 0x0f, 0x0a, 0x06, 0x6c, 0x65, 0x6e, 0x67, 0x74, 0x68, 0x12, 0x05, 0x31,
    0x36, 0x33, 0x38, 0x34, 0x70, 0x01, 0x2a, 0x5c, 0x08, 0x40, 0x10, 0x01, 0x42, 0x0f, 0x6f, 0x6e,
    0x6e, 0x78, 0x3a, 0x3a, 0x43, 0x6f, 0x6e, 0x76, 0x5f, 0x31, 0x30, 0x30, 0x35, 0x6a, 0x22, 0x0a,
    0x08, 0x6c, 0x6f, 0x63, 0x61, 0x74, 0x69, 0x6f, 0x6e, 0x12, 0x16, 0x64, 0x65, 0x65, 0x70, 0x66,
    0x69, 0x6c, 0x74, 0x65, 0x72, 0x5f, 0x73, 0x6f, 0x75, 0x72, 0x63, 0x65, 0x2e, 0x6f, 0x6e, 0x6e,
    0x78, 0x6a, 0x10, 0x0a, 0x06, 0x6f, 0x66, 0x66, 0x73, 0x65, 0x74, 0x12, 0x06, 0x36, 0x30, 0x38,
    0x39, 0x38, 0x35, 0x6a, 0x0d, 0x0a, 0x06, 0x6c, 0x65, 0x6e, 0x67, 0x74, 0x68, 0x12, 0x03, 0x32,
    0x35, 0x36, 0x70, 0x01, 0x2a, 0x64, 0x08, 0x40, 0x08, 0x40, 0x08, 0x01, 0x08, 0x01, 0x10, 0x01,
    0x42, 0x0f, 0x6f, 0x6e, 0x6e, 0x78, 0x3a, 0x3a, 0x43, 0x6f, 0x6e, 0x76, 0x5f, 0x31, 0x30, 0x30,
    0x37, 0x6a, 0x22, 0x0a, 0x08, 0x6c, 0x6f, 0x63, 0x61, 0x74, 0x69, 0x6f, 0x6e, 0x12, 0x16, 0x64,
    0x65, 0x65, 0x70, 0x66, 0x69, 0x6c, 0x74, 0x65, 0x72, 0x5f, 0x73, 0x6f, 0x75, 0x72, 0x63, 0x65,
    0x2e, 0x6f, 0x6e, 0x6e, 0x78, 0x6a, 0x10, 0x0a, 0x06, 0x6f, 0x66, 0x66, 0x73, 0x65, 0x74, 0x12,
    0x06, 0x36, 0x30, 0x39, 0x32, 0x37, 0x36, 0x6a, 0x0f, 0x0a, 0x06, 0x6c, 0x65, 0x6e, 0x67, 0x74,
    0x68, 0x12, 0x05, 0x31, 0x36, 0x33, 0x38, 0x34, 0x70, 0x01, 0x2a, 0x5c, 0x08, 0x40, 0x10, 0x01,
    0x42, 0x0f, 0x6f, 0x6e, 0x6e, 0x78, 0x3a, 0x3a, 0x43, 0x6f, 0x6e, 0x76, 0x5f, 0x31, 0x30, 0x30,
    0x38, 0x6a, 0x22, 0x0a, 0x08, 0x6c, 0x6f, 0x63, 0x61, 0x74, 0x69, 0x6f, 0x6e, 0x12, 0x16, 0x64,
    0x65, 0x65, 0x70, 0x66, 0x69, 0x6c, 0x74, 0x65, 0x72, 0x5f, 0x73, 0x6f, 0x75, 0x72, 0x63, 0x65,
    0x2e, 0x6f, 0x6e, 0x6e, 0x78, 0x6a, 0x10, 0x0a, 0x06, 0x6f, 0x66, 0x66, 0x73, 0x65, 0x74, 0x12,
    0x06, 0x36, 0x32, 0x35, 0x36, 0x38, 0x37, 0x6a, 0x0d, 0x0a, 0x06, 0x6c, 0x65, 0x6e, 0x67, 0x74,
    0x68, 0x12, 0x03, 0x32, 0x35, 0x36, 0x70, 0x01, 0x2a, 0x64, 0x08, 0x40, 0x08, 0x40, 0x08, 0x01,
    0x08, 0x01, 0x10, 0x01, 0x42, 0x0f, 0x6f, 0x6e, 0x6e, 0x78, 0x3a, 0x3a, 0x43, 0x6f, 0x6e, 0x76,
    0x5f, 0x31, 0x30, 0x31, 0x30, 0x6a, 0x22, 0x0a, 0x08, 0x6c, 0x6f, 0x63, 0x61, 0x74, 0x69, 0x6f,
    0x6e, 0x12, 0x16, 0x64, 0x65, 0x65, 0x70, 0x66, 0x69, 0x6c, 0x74, 0x65, 0x72, 0x5f, 0x73, 0x6f,
    0x75, 0x72, 0x63, 0x65, 0x2e, 0x6f, 0x6e, 0x6e, 0x78, 0x6a, 0x10, 0x0a, 0x06, 0x6f, 0x66, 0x66,
    0x73, 0x65, 0x74, 0x12, 0x06, 0x36, 0x32, 0x35, 0x39, 0x37, 0x38, 0x6a, 0x0f, 0x0a, 0x06, 0x6c,
    0x65, 0x6e, 0x67, 0x74, 0x68, 0x12, 0x05, 0x31, 0x36, 0x33, 0x38, 0x34, 0x70, 0x01, 0x2a, 0x5c,
    0x08, 0x40, 0x10, 0x01, 0x42, 0x0f, 0x6f, 0x6e, 0x6e, 0x78, 0x3a, 0x3a, 0x43, 0x6f, 0x6e, 0x76,
    0x5f, 0x31, 0x30, 0x31, 0x31, 0x6a, 0x22, 0x0a, 0x08, 0x6c, 0x6f, 0x63, 0x61, 0x74, 0x69, 0x6f,
    0x6e, 0x12, 0x16, 0x64, 0x65, 0x65, 0x70, 0x66, 0x69, 0x6c, 0x74, 0x65, 0x72, 0x5f, 0x73, 0x6f,
    0x75, 0x72, 0x63, 0x65, 0x2e, 0x6f, 0x6e, 0x6e, 0x78, 0x6a, 0x10, 0x0a, 0x06, 0x6f, 0x66, 0x66,
    0x73, 0x65, 0x74, 0x12, 0x06, 0x36, 0x34, 0x32, 0x33, 0x38, 0x39, 0x6a, 0x0d, 0x0a, 0x06, 0x6c,
    0x65, 0x6e, 0x67, 0x74, 0x68, 0x12, 0x03, 0x32, 0x35, 0x36, 0x70, 0x01, 0x2a, 0x64, 0x08, 0x40,
    0x08, 0x40, 0x08, 0x01, 0x08, 0x01, 0x10, 0x01, 0x42, 0x0f, 0x6f, 0x6e, 0x6e, 0x78, 0x3a, 0x3a,
    0x43, 0x6f, 0x6e, 0x76, 0x5f, 0x31, 0x30, 0x31, 0x33, 0x6a, 0x22, 0x0a, 0x08, 0x6c, 0x6f, 0x63,
    0x61, 0x74, 0x69, 0x6f, 0x6e, 0x12, 0x16, 0x64, 0x65, 0x65, 0x70, 0x66, 0x69, 0x6c, 0x74, 0x65,
    0x72, 0x5f, 0x73, 0x6f, 0x75, 0x72, 0x63, 0x65, 0x2e, 0x6f, 0x6e, 0x6e, 0x78, 0x6a, 0x10, 0x0a,
    0x06, 0x6f, 0x66, 0x66, 0x73, 0x65, 0x74, 0x12, 0x06, 0x36, 0x34, 0x32, 0x36, 0x38, 0x30, 0x6a,
    0x0f, 0x0a, 0x06, 0x6c, 0x65, 0x6e, 0x67, 0x74, 0x68, 0x12, 0x05, 0x31, 0x36, 0x33, 0x38, 0x34,
    0x70, 0x01, 0x2a, 0x5c, 0x08, 0x40, 0x10, 0x01, 0x42, 0x0f, 0x6f, 0x6e, 0x6e, 0x78, 0x3a, 0x3a,
    0x43, 0x6f, 0x6e, 0x76, 0x5f, 0x31, 0x30, 0x31, 0x34, 0x6a, 0x22, 0x0a, 0x08, 0x6c, 0x6f, 0x63,
    0x61, 0x74, 0x69, 0x6f, 0x6e, 0x12, 0x16, 0x64, 0x65, 0x65, 0x70, 0x66, 0x69, 0x6c, 0x74, 0x65,
    0x72, 0x5f, 0x73, 0x6f, 0x75, 0x72, 0x63, 0x65, 0x2e, 0x6f, 0x6e, 0x6e, 0x78, 0x6a, 0x10, 0x0a,
    0x06, 0x6f, 0x66, 0x66, 0x73, 0x65, 0x74, 0x12, 0x06, 0x36, 0x35, 0x39, 0x30, 0x39, 0x31, 0x6a,
    0x0d, 0x0a, 0x06, 0x6c, 0x65, 0x6e, 0x67, 0x74, 0x68, 0x12, 0x03, 0x32, 0x35, 0x36, 0x70, 0x01,
    0x2a, 0x62, 0x08, 0x40, 0x08, 0x01, 0x08, 0x01, 0x08, 0x01, 0x10, 0x01, 0x42, 0x0f, 0x6f, 0x6e,
    0x6e, 0x78, 0x3a, 0x3a, 0x43, 0x6f, 0x6e, 0x76, 0x5f, 0x31, 0x30, 0x31, 0x36, 0x6a, 0x22, 0x0a,
    0x08, 0x6c, 0x6f, 0x63, 0x61, 0x74, 0x69, 0x6f, 0x6e, 0x12, 0x16, 0x64, 0x65, 0x65, 0x70, 0x66,
    0x69, 0x6c, 0x74, 0x65, 0x72, 0x5f, 0x73, 0x6f, 0x75, 0x72, 0x63, 0x65, 0x2e, 0x6f, 0x6e, 0x6e,
    0x78, 0x6a, 0x10, 0x0a, 0x06, 0x6f, 0x66, 0x66, 0x73, 0x65, 0x74, 0x12, 0x06, 0x36, 0x35, 0x39,
    0x33, 0x38, 0x30, 0x6a, 0x0d, 0x0a, 0x06, 0x6c, 0x65, 0x6e, 0x67, 0x74, 0x68, 0x12, 0x03, 0x32,
    0x35, 0x36, 0x70, 0x01, 0x2a, 0x5c, 0x08, 0x40, 0x10, 0x01, 0x42, 0x0f, 0x6f, 0x6e, 0x6e, 0x78,
    0x3a, 0x3a, 0x43, 0x6f, 0x6e, 0x76, 0x5f, 0x31, 0x30, 0x31, 0x37, 0x6a, 0x22, 0x0a, 0x08, 0x6c,
    0x6f, 0x63, 0x61, 0x74, 0x69, 0x6f, 0x6e, 0x12, 0x16, 0x64, 0x65, 0x65, 0x70, 0x66, 0x69, 0x6c,
    0x74, 0x65, 0x72, 0x5f, 0x73, 0x6f, 0x75, 0x72, 0x63, 0x65, 0x2e, 0x6f, 0x6e, 0x6e, 0x78, 0x6a,
    0x10, 0x0a, 0x06, 0x6f, 0x66, 0x66, 0x73, 0x65, 0x74, 0x12, 0x06, 0x36, 0x35, 0x39, 0x36, 0x36,
    0x33, 0x6a, 0x0d, 0x0a, 0x06, 0x6c, 0x65, 0x6e, 0x67, 0x74, 0x68, 0x12, 0x03, 0x32, 0x35, 0x36,
    0x70, 0x01, 0x2a, 0x64, 0x08, 0x40, 0x08, 0x40, 0x08, 0x01, 0x08, 0x01, 0x10, 0x01, 0x42, 0x0f,
    0x6f, 0x6e, 0x6e, 0x78, 0x3a, 0x3a, 0x43, 0x6f, 0x6e, 0x76, 0x5f, 0x31, 0x30, 0x31, 0x39, 0x6a,
    0x22, 0x0a, 0x08, 0x6c, 0x6f, 0x63, 0x61, 0x74, 0x69, 0x6f, 0x6e, 0x12, 0x16, 0x64, 0x65, 0x65,
    0x70, 0x66, 0x69, 0x6c, 0x74, 0x65, 0x72, 0x5f, 0x73, 0x6f, 0x75, 0x72, 0x63, 0x65, 0x2e, 0x6f,
    0x6e, 0x6e, 0x78, 0x6a, 0x10, 0x0a, 0x06, 0x6f, 0x66, 0x66, 0x73, 0x65, 0x74, 0x12, 0x06, 0x36,
    0x35, 0x39, 0x39, 0x35, 0x34, 0x6a, 0x0f, 0x0a, 0x06, 0x6c, 0x65, 0x6e, 0x67, 0x74, 0x68, 0x12,
    0x05, 0x31, 0x36, 0x33, 0x38, 0x34, 0x70, 0x01, 0x2a, 0x5c, 0x08, 0x40, 0x10, 0x01, 0x42, 0x0f,
    0x6f, 0x6e, 0x6e, 0x78, 0x3a, 0x3a, 0x43, 0x6f, 0x6e, 0x76, 0x5f, 0x31, 0x30, 0x32, 0x30, 0x6a,
    0x22, 0x0a, 0x08, 0x6c, 0x6f, 0x63, 0x61, 0x74, 0x69, 0x6f, 0x6e, 0x12, 0x16, 0x64, 0x65, 0x65,
    0x70, 0x66, 0x69, 0x6c, 0x74, 0x65, 0x72, 0x5f, 0x73, 0x6f, 0x75, 0x72, 0x63, 0x65, 0x2e, 0x6f,
    0x6e, 0x6e, 0x78, 0x6a, 0x10, 0x0a, 0x06, 0x6f, 0x66, 0x66, 0x73, 0x65, 0x74, 0x12, 0x06, 0x36,
    0x37, 0x36, 0x33, 0x36, 0x35, 0x6a, 0x0d, 0x0a, 0x06, 0x6c, 0x65, 0x6e, 0x67, 0x74, 0x68, 0x12,
    0x03, 0x32, 0x35, 0x36, 0x70, 0x01, 0x2a, 0x62, 0x08, 0x40, 0x08, 0x01, 0x08, 0x01, 0x08, 0x01,
    0x10, 0x01, 0x42, 0x0f, 0x6f, 0x6e, 0x6e, 0x78, 0x3a, 0x3a, 0x43, 0x6f, 0x6e, 0x76, 0x5f, 0x31,
    0x30, 0x32, 0x32, 0x6a, 0x22, 0x0a, 0x08, 0x6c, 0x6f, 0x63, 0x61, 0x74, 0x69, 0x6f, 0x6e, 0x12,
    0x16, 0x64, 0x65, 0x65, 0x70, 0x66, 0x69, 0x6c, 0x74, 0x65, 0x72, 0x5f, 0x73, 0x6f, 0x75, 0x72,
    0x63, 0x65, 0x2e, 0x6f, 0x6e, 0x6e, 0x78, 0x6a, 0x10, 0x0a, 0x06, 0x6f, 0x66, 0x66, 0x73, 0x65,
    0x74, 0x12, 0x06, 0x36, 0x37, 0x36, 0x36, 0x35, 0x34, 0x6a, 0x0d, 0x0a, 0x06, 0x6c, 0x65, 0x6e,
    0x67, 0x74, 0x68, 0x12, 0x03, 0x32, 0x35, 0x36, 0x70, 0x01, 0x2a, 0x5c, 0x08, 0x40, 0x10, 0x01,
    0x42, 0x0f, 0x6f, 0x6e, 0x6e, 0x78, 0x3a, 0x3a, 0x43, 0x6f, 0x6e, 0x76, 0x5f, 0x31, 0x30, 0x32,
    0x33, 0x6a, 0x22, 0x0a, 0x08, 0x6c, 0x6f, 0x63, 0x61, 0x74, 0x69, 0x6f, 0x6e, 0x12, 0x16, 0x64,
    0x65, 0x65, 0x70, 0x66, 0x69, 0x6c, 0x74, 0x65, 0x72, 0x5f, 0x73, 0x6f, 0x75, 0x72, 0x63, 0x65,
    0x2e, 0x6f, 0x6e, 0x6e, 0x78, 0x6a, 0x10, 0x0a, 0x06, 0x6f, 0x66, 0x66, 0x73, 0x65, 0x74, 0x12,
    0x06, 0x36, 0x37, 0x36, 0x39, 0x33, 0x37, 0x6a, 0x0d, 0x0a, 0x06, 0x6c, 0x65, 0x6e, 0x67, 0x74,
    0x68, 0x12, 0x03, 0x32, 0x35, 0x36, 0x70, 0x01, 0x2a, 0x64, 0x08, 0x40, 0x08, 0x40, 0x08, 0x01,
    0x08, 0x01, 0x10, 0x01, 0x42, 0x0f, 0x6f, 0x6e, 0x6e, 0x78, 0x3a, 0x3a, 0x43, 0x6f, 0x6e, 0x76,
    0x5f, 0x31, 0x30, 0x32, 0x35, 0x6a, 0x22, 0x0a, 0x08, 0x6c, 0x6f, 0x63, 0x61, 0x74, 0x69, 0x6f,
    0x6e, 0x12, 0x16, 0x64, 0x65, 0x65, 0x70, 0x66, 0x69, 0x6c, 0x74, 0x65, 0x72, 0x5f, 0x73, 0x6f,
    0x75, 0x72, 0x63, 0x65, 0x2e, 0x6f, 0x6e, 0x6e, 0x78, 0x6a, 0x10, 0x0a, 0x06, 0x6f, 0x66, 0x66,
    0x73, 0x65, 0x74, 0x12, 0x06, 0x36, 0x37, 0x37, 0x32, 0x32, 0x38, 0x6a, 0x0f, 0x0a, 0x06, 0x6c,
    0x65, 0x6e, 0x67, 0x74, 0x68, 0x12, 0x05, 0x31, 0x36, 0x33, 0x38, 0x34, 0x70, 0x01, 0x2a, 0x5c,
    0x08, 0x40, 0x10, 0x01, 0x42, 0x0f, 0x6f, 0x6e, 0x6e, 0x78, 0x3a, 0x3a, 0x43, 0x6f, 0x6e, 0x76,
    0x5f, 0x31, 0x30, 0x32, 0x36, 0x6a, 0x22, 0x0a, 0x08, 0x6c, 0x6f, 0x63, 0x61, 0x74, 0x69, 0x6f,
    0x6e, 0x12, 0x16, 0x64, 0x65, 0x65, 0x70, 0x66, 0x69, 0x6c, 0x74, 0x65, 0x72, 0x5f, 0x73, 0x6f,
    0x75, 0x72, 0x63, 0x65, 0x2e, 0x6f, 0x6e, 0x6e, 0x78, 0x6a, 0x10, 0x0a, 0x06, 0x6f, 0x66, 0x66,
    0x73, 0x65, 0x74, 0x12, 0x06, 0x36, 0x39, 0x33, 0x36, 0x33, 0x39, 0x6a, 0x0d, 0x0a, 0x06, 0x6c,
    0x65, 0x6e, 0x67, 0x74, 0x68, 0x12, 0x03, 0x32, 0x35, 0x36, 0x70, 0x01, 0x2a, 0x62, 0x08, 0x40,
    0x08, 0x01, 0x08, 0x01, 0x08, 0x01, 0x10, 0x01, 0x42, 0x0f, 0x6f, 0x6e, 0x6e, 0x78, 0x3a, 0x3a,
    0x43, 0x6f, 0x6e, 0x76, 0x5f, 0x31, 0x30, 0x32, 0x38, 0x6a, 0x22, 0x0a, 0x08, 0x6c, 0x6f, 0x63,
    0x61, 0x74, 0x69, 0x6f, 0x6e, 0x12, 0x16, 0x64, 0x65, 0x65, 0x70, 0x66, 0x69, 0x6c, 0x74, 0x65,
    0x72, 0x5f, 0x73, 0x6f, 0x75, 0x72, 0x63, 0x65, 0x2e, 0x6f, 0x6e, 0x6e, 0x78, 0x6a, 0x10, 0x0a,
    0x06, 0x6f, 0x66, 0x66, 0x73, 0x65, 0x74, 0x12, 0x06, 0x36, 0x39, 0x33, 0x39, 0x32, 0x38, 0x6a,
    0x0d, 0x0a, 0x06, 0x6c, 0x65, 0x6e, 0x67, 0x74, 0x68, 0x12, 0x03, 0x32, 0x35, 0x36, 0x70, 0x01,
    0x2a, 0x5c, 0x08, 0x40, 0x10, 0x01, 0x42, 0x0f, 0x6f, 0x6e, 0x6e, 0x78, 0x3a, 0x3a, 0x43, 0x6f,
    0x6e, 0x76, 0x5f, 0x31, 0x30, 0x32, 0x39, 0x6a, 0x22, 0x0a, 0x08, 0x6c, 0x6f, 0x63, 0x61, 0x74,
    0x69, 0x6f, 0x6e, 0x12, 0x16, 0x64, 0x65, 0x65, 0x70, 0x66, 0x69, 0x6c, 0x74, 0x65, 0x72, 0x5f,
    0x73, 0x6f, 0x75, 0x72, 0x63, 0x65, 0x2e, 0x6f, 0x6e, 0x6e, 0x78, 0x6a, 0x10, 0x0a, 0x06, 0x6f,
    0x66, 0x66, 0x73, 0x65, 0x74, 0x12, 0x06, 0x36, 0x39, 0x34, 0x32, 0x31, 0x31, 0x6a, 0x0d, 0x0a,
    0x06, 0x6c, 0x65, 0x6e, 0x67, 0x74, 0x68, 0x12, 0x03, 0x32, 0x35, 0x36, 0x70, 0x01, 0x2a, 0x64,
    0x08, 0x40, 0x08, 0x40, 0x08, 0x01, 0x08, 0x01, 0x10, 0x01, 0x42, 0x0f, 0x6f, 0x6e, 0x6e, 0x78,
    0x3a, 0x3a, 0x43, 0x6f, 0x6e, 0x76, 0x5f, 0x31, 0x30, 0x33, 0x31, 0x6a, 0x22, 0x0a, 0x08, 0x6c,
    0x6f, 0x63, 0x61, 0x74, 0x69, 0x6f, 0x6e, 0x12, 0x16, 0x64, 0x65, 0x65, 0x70, 0x66, 0x69, 0x6c,
    0x74, 0x65, 0x72, 0x5f, 0x73, 0x6f, 0x75, 0x72, 0x63, 0x65, 0x2e, 0x6f, 0x6e, 0x6e, 0x78, 0x6a,
    0x10, 0x0a, 0x06, 0x6f, 0x66, 0x66, 0x73, 0x65, 0x74, 0x12, 0x06, 0x36, 0x39, 0x34, 0x35, 0x30,
    0x32, 0x6a, 0x0f, 0x0a, 0x06, 0x6c, 0x65, 0x6e, 0x67, 0x74, 0x68, 0x12, 0x05, 0x31, 0x36, 0x33,
    0x38, 0x34, 0x70, 0x01, 0x2a, 0x5c, 0x08, 0x40, 0x10, 0x01, 0x42, 0x0f, 0x6f, 0x6e, 0x6e, 0x78,
    0x3a, 0x3a, 0x43, 0x6f, 0x6e, 0x76, 0x5f, 0x31, 0x30, 0x33, 0x32, 0x6a, 0x22, 0x0a, 0x08, 0x6c,
    0x6f, 0x63, 0x61, 0x74, 0x69, 0x6f, 0x6e, 0x12, 0x16, 0x64, 0x65, 0x65, 0x70, 0x66, 0x69, 0x6c,
    0x74, 0x65, 0x72, 0x5f, 0x73, 0x6f, 0x75, 0x72, 0x63, 0x65, 0x2e, 0x6f, 0x6e, 0x6e, 0x78, 0x6a,
    0x10, 0x0a, 0x06, 0x6f, 0x66, 0x66, 0x73, 0x65, 0x74, 0x12, 0x06, 0x37, 0x31, 0x30, 0x39, 0x31,
    0x33, 0x6a, 0x0d, 0x0a, 0x06, 0x6c, 0x65, 0x6e, 0x67, 0x74, 0x68, 0x12, 0x03, 0x32, 0x35, 0x36,
    0x70, 0x01, 0x2a, 0x62, 0x08, 0x40, 0x08, 0x01, 0x08, 0x01, 0x08, 0x01, 0x10, 0x01, 0x42, 0x0f,
    0x6f, 0x6e, 0x6e, 0x78, 0x3a, 0x3a, 0x43, 0x6f, 0x6e, 0x76, 0x5f, 0x31, 0x30, 0x33, 0x34, 0x6a,
    0x22, 0x0a, 0x08, 0x6c, 0x6f, 0x63, 0x61, 0x74, 0x69, 0x6f, 0x6e, 0x12, 0x16, 0x64, 0x65, 0x65,
    0x70, 0x66, 0x69, 0x6c, 0x74, 0x65, 0x72, 0x5f, 0x73, 0x6f, 0x75, 0x72, 0x63, 0x65, 0x2e, 0x6f,
    0x6e, 0x6e, 0x78, 0x6a, 0x10, 0x0a, 0x06, 0x6f, 0x66, 0x66, 0x73, 0x65, 0x74, 0x12, 0x06, 0x37,
    0x31, 0x31, 0x32, 0x30, 0x32, 0x6a, 0x0d, 0x0a, 0x06, 0x6c, 0x65, 0x6e, 0x67, 0x74, 0x68, 0x12,
    0x03, 0x32, 0x35, 0x36, 0x70, 0x01, 0x2a, 0x5c, 0x08, 0x40, 0x10, 0x01, 0x42, 0x0f, 0x6f, 0x6e,
    0x6e, 0x78, 0x3a, 0x3a, 0x43, 0x6f, 0x6e, 0x76, 0x5f, 0x31, 0x30, 0x33, 0x35, 0x6a, 0x22, 0x0a,
    0x08, 0x6c, 0x6f, 0x63, 0x61, 0x74, 0x69, 0x6f, 0x6e, 0x12, 0x16, 0x64, 0x65, 0x65, 0x70, 0x66,
    0x69, 0x6c, 0x74, 0x65, 0x72, 0x5f, 0x73, 0x6f, 0x75, 0x72, 0x63, 0x65, 0x2e, 0x6f, 0x6e, 0x6e,
    0x78, 0x6a, 0x10, 0x0a, 0x06, 0x6f, 0x66, 0x66, 0x73, 0x65, 0x74, 0x12, 0x06, 0x37, 0x31, 0x31,
    0x34, 0x38, 0x35, 0x6a, 0x0d, 0x0a, 0x06, 0x6c, 0x65, 0x6e, 0x67, 0x74, 0x68, 0x12, 0x03, 0x32,
    0x35, 0x36, 0x70, 0x01, 0x2a, 0x62, 0x08, 0x01, 0x08, 0x40, 0x08, 0x01, 0x08, 0x03, 0x10, 0x01,
    0x42, 0x0f, 0x6f, 0x6e, 0x6e, 0x78, 0x3a, 0x3a, 0x43, 0x6f, 0x6e, 0x76, 0x5f, 0x31, 0x30, 0x33,
    0x37, 0x6a, 0x22, 0x0a, 0x08, 0x6c, 0x6f, 0x63, 0x61, 0x74, 0x69, 0x6f, 0x6e, 0x12, 0x16, 0x64,
    0x65, 0x65, 0x70, 0x66, 0x69, 0x6c, 0x74, 0x65, 0x72, 0x5f, 0x73, 0x6f, 0x75, 0x72, 0x63, 0x65,
    0x2e, 0x6f, 0x6e, 0x6e, 0x78, 0x6a, 0x10, 0x0a, 0x06, 0x6f, 0x66, 0x66, 0x73, 0x65, 0x74, 0x12,
    0x06, 0x37, 0x31, 0x31, 0x37, 0x37, 0x34, 0x6a, 0x0d, 0x0a, 0x06, 0x6c, 0x65, 0x6e, 0x67, 0x74,
    0x68, 0x12, 0x03, 0x37, 0x36, 0x38, 0x70, 0x01, 0x2a, 0x5a, 0x08, 0x01, 0x10, 0x01, 0x42, 0x0f,
    0x6f, 0x6e, 0x6e, 0x78, 0x3a, 0x3a, 0x43, 0x6f, 0x6e, 0x76, 0x5f, 0x31, 0x30, 0x33, 0x38, 0x6a,
    0x22, 0x0a, 0x08, 0x6c, 0x6f, 0x63, 0x61, 0x74, 0x69, 0x6f, 0x6e, 0x12, 0x16, 0x64, 0x65, 0x65,
    0x70, 0x66, 0x69, 0x6c, 0x74, 0x65, 0x72, 0x5f, 0x73, 0x6f, 0x75, 0x72, 0x63, 0x65, 0x2e, 0x6f,
    0x6e, 0x6e, 0x78, 0x6a, 0x10, 0x0a, 0x06, 0x6f, 0x66, 0x66, 0x73, 0x65, 0x74, 0x12, 0x06, 0x37,
    0x31, 0x32, 0x35, 0x36, 0x37, 0x6a, 0x0b, 0x0a, 0x06, 0x6c, 0x65, 0x6e, 0x67, 0x74, 0x68, 0x12,
    0x01, 0x34, 0x70, 0x01, 0x2a, 0x62, 0x08, 0x0a, 0x08, 0x0a, 0x08, 0x01, 0x08, 0x01, 0x10, 0x01,
    0x42, 0x0f, 0x6f, 0x6e, 0x6e, 0x78, 0x3a, 0x3a, 0x43, 0x6f, 0x6e, 0x76, 0x5f, 0x31, 0x30, 0x34,
    0x30, 0x6a, 0x22, 0x0a, 0x08, 0x6c, 0x6f, 0x63, 0x61, 0x74, 0x69, 0x6f, 0x6e, 0x12, 0x16, 0x64,
    0x65, 0x65, 0x70, 0x66, 0x69, 0x6c, 0x74, 0x65, 0x72, 0x5f, 0x73, 0x6f, 0x75, 0x72, 0x63, 0x65,
    0x2e, 0x6f, 0x6e, 0x6e, 0x78, 0x6a, 0x10, 0x0a, 0x06, 0x6f, 0x66, 0x66, 0x73, 0x65, 0x74, 0x12,
    0x06, 0x37, 0x31, 0x32, 0x36, 0x30, 0x34, 0x6a, 0x0d, 0x0a, 0x06, 0x6c, 0x65, 0x6e, 0x67, 0x74,
    0x68, 0x12, 0x03, 0x34, 0x30, 0x30, 0x70, 0x01, 0x2a, 0x5b, 0x08, 0x0a, 0x10, 0x01, 0x42, 0x0f,
    0x6f, 0x6e, 0x6e, 0x78, 0x3a, 0x3a, 0x43, 0x6f, 0x6e, 0x76, 0x5f, 0x31, 0x30, 0x34, 0x31, 0x6a,
    0x22, 0x0a, 0x08, 0x6c, 0x6f, 0x63, 0x61, 0x74, 0x69, 0x6f, 0x6e, 0x12, 0x16, 0x64, 0x65, 0x65,
    0x70, 0x66, 0x69, 0x6c, 0x74, 0x65, 0x72, 0x5f, 0x73, 0x6f, 0x75, 0x72, 0x63, 0x65, 0x2e, 0x6f,
    0x6e, 0x6e, 0x78, 0x6a, 0x10, 0x0a, 0x06, 0x6f, 0x66, 0x66, 0x73, 0x65, 0x74, 0x12, 0x06, 0x37,
    0x31, 0x33, 0x30, 0x32, 0x39, 0x6a, 0x0c, 0x0a, 0x06, 0x6c, 0x65, 0x6e, 0x67, 0x74, 0x68, 0x12,
    0x02, 0x34, 0x30, 0x70, 0x01, 0x2a, 0x64, 0x08, 0x01, 0x08, 0x80, 0x06, 0x08, 0x80, 0x02, 0x10,
    0x01, 0x42, 0x0e, 0x6f, 0x6e, 0x6e, 0x78, 0x3a, 0x3a, 0x47, 0x52, 0x55, 0x5f, 0x31, 0x30, 0x39,
    0x33, 0x6a, 0x22, 0x0a, 0x08, 0x6c, 0x6f, 0x63, 0x61, 0x74, 0x69, 0x6f, 0x6e, 0x12, 0x16, 0x64,
    0x65, 0x65, 0x70, 0x66, 0x69, 0x6c, 0x74, 0x65, 0x72, 0x5f, 0x73, 0x6f, 0x75, 0x72, 0x63, 0x65,
    0x2e, 0x6f, 0x6e, 0x6e, 0x78, 0x6a, 0x10, 0x0a, 0x06, 0x6f, 0x66, 0x66, 0x73, 0x65, 0x74, 0x12,
    0x06, 0x37, 0x31, 0x33, 0x31, 0x30, 0x33, 0x6a, 0x10, 0x0a, 0x06, 0x6c, 0x65, 0x6e, 0x67, 0x74,
    0x68, 0x12, 0x06, 0x37, 0x38, 0x36, 0x34, 0x33, 0x32, 0x70, 0x01, 0x2a, 0x65, 0x08, 0x01, 0x08,
    0x80, 0x06, 0x08, 0x80, 0x02, 0x10, 0x01, 0x42, 0x0e, 0x6f, 0x6e, 0x6e, 0x78, 0x3a, 0x3a, 0x47,
    0x52, 0x55, 0x5f, 0x31, 0x30, 0x39, 0x34, 0x6a, 0x22, 0x0a, 0x08, 0x6c, 0x6f, 0x63, 0x61, 0x74,
    0x69, 0x6f, 0x6e, 0x12, 0x16, 0x64, 0x65, 0x65, 0x70, 0x66, 0x69, 0x6c, 0x74, 0x65, 0x72, 0x5f,
    0x73, 0x6f, 0x75, 0x72, 0x63, 0x65, 0x2e, 0x6f, 0x6e, 0x6e, 0x78, 0x6a, 0x11, 0x0a, 0x06, 0x6f,
    0x66, 0x66, 0x73, 0x65, 0x74, 0x12, 0x07, 0x31, 0x34, 0x39, 0x39, 0x35, 0x36, 0x39, 0x6a, 0x10,
    0x0a, 0x06, 0x6c, 0x65, 0x6e, 0x67, 0x74, 0x68, 0x12, 0x06, 0x37, 0x38, 0x36, 0x34, 0x33, 0x32,
    0x70, 0x01, 0x2a, 0x60, 0x08, 0x01, 0x08, 0x80, 0x0c, 0x10, 0x01, 0x42, 0x0e, 0x6f, 0x6e, 0x6e,
    0x78, 0x3a, 0x3a, 0x47, 0x52, 0x55, 0x5f, 0x31, 0x30, 0x39, 0x35, 0x6a, 0x22, 0x0a, 0x08, 0x6c,
    0x6f, 0x63, 0x61, 0x74, 0x69, 0x6f, 0x6e, 0x12, 0x16, 0x64, 0x65, 0x65, 0x70, 0x66, 0x69, 0x6c,
    0x74, 0x65, 0x72, 0x5f, 0x73, 0x6f, 0x75, 0x72, 0x63, 0x65, 0x2e, 0x6f, 0x6e, 0x6e, 0x78, 0x6a,
    0x11, 0x0a, 0x06, 0x6f, 0x66, 0x66, 0x73, 0x65, 0x74, 0x12, 0x07, 0x32, 0x32, 0x38, 0x36, 0x30,
    0x33, 0x30, 0x6a, 0x0e, 0x0a, 0x06, 0x6c, 0x65, 0x6e, 0x67, 0x74, 0x68, 0x12, 0x04, 0x36, 0x31,
    0x34, 0x34, 0x70, 0x01, 0x2a, 0x65, 0x08, 0x01, 0x08, 0x80, 0x06, 0x08, 0x80, 0x02, 0x10, 0x01,
    0x42, 0x0e, 0x6f, 0x6e, 0x6e, 0x78, 0x3a, 0x3a, 0x47, 0x52, 0x55, 0x5f, 0x31, 0x31, 0x31, 0x39,
    0x6a, 0x22, 0x0a, 0x08, 0x6c, 0x6f, 0x63, 0x61, 0x74, 0x69, 0x6f, 0x6e, 0x12, 0x16, 0x64, 0x65,
    0x65, 0x70, 0x66, 0x69, 0x6c, 0x74, 0x65, 0x72, 0x5f, 0x73, 0x6f, 0x75, 0x72, 0x63, 0x65, 0x2e,
    0x6f, 0x6e, 0x6e, 0x78, 0x6a, 0x11, 0x0a, 0x06, 0x6f, 0x66, 0x66, 0x73, 0x65, 0x74, 0x12, 0x07,
    0x32, 0x32, 0x39, 0x32, 0x32, 0x30, 0x38, 0x6a, 0x10, 0x0a, 0x06, 0x6c, 0x65, 0x6e, 0x67, 0x74,
    0x68, 0x12, 0x06, 0x37, 0x38, 0x36, 0x34, 0x33, 0x32, 0x70, 0x01, 0x2a, 0x65, 0x08, 0x01, 0x08,
    0x80, 0x06, 0x08, 0x80, 0x02, 0x10, 0x01, 0x42, 0x0e, 0x6f, 0x6e, 0x6e, 0x78, 0x3a, 0x3a, 0x47,
    0x52, 0x55, 0x5f, 0x31, 0x31, 0x32, 0x30, 0x6a, 0x22, 0x0a, 0x08, 0x6c, 0x6f, 0x63, 0x61, 0x74,
    0x69, 0x6f, 0x6e, 0x12, 0x16, 0x64, 0x65, 0x65, 0x70, 0x66, 0x69, 0x6c, 0x74, 0x65, 0x72, 0x5f,
    0x73, 0x6f, 0x75, 0x72, 0x63, 0x65, 0x2e, 0x6f, 0x6e, 0x6e, 0x78, 0x6a, 0x11, 0x0a, 0x06, 0x6f,
    0x66, 0x66, 0x73, 0x65, 0x74, 0x12, 0x07, 0x33, 0x30, 0x37, 0x38, 0x36, 0x37, 0x34, 0x6a, 0x10,
    0x0a, 0x06, 0x6c, 0x65, 0x6e, 0x67, 0x74, 0x68, 0x12, 0x06, 0x37, 0x38, 0x36, 0x34, 0x33, 0x32,
    0x70, 0x01, 0x2a, 0x60, 0x08, 0x01, 0x08, 0x80, 0x0c, 0x10, 0x01, 0x42, 0x0e, 0x6f, 0x6e, 0x6e,
    0x78, 0x3a, 0x3a, 0x47, 0x52, 0x55, 0x5f, 0x31, 0x31, 0x32, 0x31, 0x6a, 0x22, 0x0a, 0x08, 0x6c,
    0x6f, 0x63, 0x61, 0x74, 0x69, 0x6f, 0x6e, 0x12, 0x16, 0x64, 0x65, 0x65, 0x70, 0x66, 0x69, 0x6c,
    0x74, 0x65, 0x72, 0x5f, 0x73, 0x6f, 0x75, 0x72, 0x63, 0x65, 0x2e, 0x6f, 0x6e, 0x6e, 0x78, 0x6a,
    0x11, 0x0a, 0x06, 0x6f, 0x66, 0x66, 0x73, 0x65, 0x74, 0x12, 0x07, 0x33, 0x38, 0x36, 0x35, 0x31,
    0x33, 0x35, 0x6a, 0x0e, 0x0a, 0x06, 0x6c, 0x65, 0x6e, 0x67, 0x74, 0x68, 0x12, 0x04, 0x36, 0x31,
    0x34, 0x34, 0x70, 0x01, 0x2a, 0x65, 0x08, 0x01, 0x08, 0x80, 0x06, 0x08, 0x80, 0x02, 0x10, 0x01,
    0x42, 0x0e, 0x6f, 0x6e, 0x6e, 0x78, 0x3a, 0x3a, 0x47, 0x52, 0x55, 0x5f, 0x31, 0x31, 0x33, 0x39,
    0x6a, 0x22, 0x0a, 0x08, 0x6c, 0x6f, 0x63, 0x61, 0x74, 0x69, 0x6f, 0x6e, 0x12, 0x16, 0x64, 0x65,
    0x65, 0x70, 0x66, 0x69, 0x6c, 0x74, 0x65, 0x72, 0x5f, 0x73, 0x6f, 0x75, 0x72, 0x63, 0x65, 0x2e,
    0x6f, 0x6e, 0x6e, 0x78, 0x6a, 0x11, 0x0a, 0x06, 0x6f, 0x66, 0x66, 0x73, 0x65, 0x74, 0x12, 0x07,
    0x33, 0x38, 0x37, 0x31, 0x33, 0x31, 0x33, 0x6a, 0x10, 0x0a, 0x06, 0x6c, 0x65, 0x6e, 0x67, 0x74,
    0x68, 0x12, 0x06, 0x37, 0x38, 0x36, 0x34, 0x33, 0x32, 0x70, 0x01, 0x2a, 0x65, 0x08, 0x01, 0x08,
    0x80, 0x06, 0x08, 0x80, 0x02, 0x10, 0x01, 0x42, 0x0e, 0x6f, 0x6e, 0x6e, 0x78, 0x3a, 0x3a, 0x47,
    0x52, 0x55, 0x5f, 0x31, 0x31, 0x34, 0x30, 0x6a, 0x22, 0x0a, 0x08, 0x6c, 0x6f, 0x63, 0x61, 0x74,
    0x69, 0x6f, 0x6e, 0x12, 0x16, 0x64, 0x65, 0x65, 0x70, 0x66, 0x69, 0x6c, 0x74, 0x65, 0x72, 0x5f,
    0x73, 0x6f, 0x75, 0x72, 0x63, 0x65, 0x2e, 0x6f, 0x6e, 0x6e, 0x78, 0x6a, 0x11, 0x0a, 0x06, 0x6f,
    0x66, 0x66, 0x73, 0x65, 0x74, 0x12, 0x07, 0x34, 0x36, 0x35, 0x37, 0x37, 0x37, 0x39, 0x6a, 0x10,
    0x0a, 0x06, 0x6c, 0x65, 0x6e, 0x67, 0x74, 0x68, 0x12, 0x06, 0x37, 0x38, 0x36, 0x34, 0x33, 0x32,
    0x70, 0x01, 0x2a, 0x60, 0x08, 0x01, 0x08, 0x80, 0x0c, 0x10, 0x01, 0x42, 0x0e, 0x6f, 0x6e, 0x6e,
    0x78, 0x3a, 0x3a, 0x47, 0x52, 0x55, 0x5f, 0x31, 0x31, 0x34, 0x31, 0x6a, 0x22, 0x0a, 0x08, 0x6c,
    0x6f, 0x63, 0x61, 0x74, 0x69, 0x6f, 0x6e, 0x12, 0x16, 0x64, 0x65, 0x65, 0x70, 0x66, 0x69, 0x6c,
    0x74, 0x65, 0x72, 0x5f, 0x73, 0x6f, 0x75, 0x72, 0x63, 0x65, 0x2e, 0x6f, 0x6e, 0x6e, 0x78, 0x6a,
    0x11, 0x0a, 0x06, 0x6f, 0x66, 0x66, 0x73, 0x65, 0x74, 0x12, 0x07, 0x35, 0x34, 0x34, 0x34, 0x32,
    0x34, 0x30, 0x6a, 0x0e, 0x0a, 0x06, 0x6c, 0x65, 0x6e, 0x67, 0x74, 0x68, 0x12, 0x04, 0x36, 0x31,
    0x34, 0x34, 0x70, 0x01, 0x2a, 0x65, 0x08, 0x01, 0x08, 0x80, 0x06, 0x08, 0x80, 0x02, 0x10, 0x01,
    0x42, 0x0e, 0x6f, 0x6e, 0x6e, 0x78, 0x3a, 0x3a, 0x47, 0x52, 0x55, 0x5f, 0x31, 0x31, 0x36, 0x36,
    0x6a, 0x22, 0x0a, 0x08, 0x6c, 0x6f, 0x63, 0x61, 0x74, 0x69, 0x6f, 0x6e, 0x12, 0x16, 0x64, 0x65,
    0x65, 0x70, 0x66, 0x69, 0x6c, 0x74, 0x65, 0x72, 0x5f, 0x73, 0x6f, 0x75, 0x72, 0x63, 0x65, 0x2e,
    0x6f, 0x6e, 0x6e, 0x78, 0x6a, 0x11, 0x0a, 0x06, 0x6f, 0x66, 0x66, 0x73, 0x65, 0x74, 0x12, 0x07,
    0x35, 0x34, 0x35, 0x30, 0x34, 0x31, 0x38, 0x6a, 0x10, 0x0a, 0x06, 0x6c, 0x65, 0x6e, 0x67, 0x74,
    0x68, 0x12, 0x06, 0x37, 0x38, 0x36, 0x34, 0x33, 0x32, 0x70, 0x01, 0x2a, 0x65, 0x08, 0x01, 0x08,
    0x80, 0x06, 0x08, 0x80, 0x02, 0x10, 0x01, 0x42, 0x0e, 0x6f, 0x6e, 0x6e, 0x78, 0x3a, 0x3a, 0x47,
    0x52, 0x55, 0x5f, 0x31, 0x31, 0x36, 0x37, 0x6a, 0x22, 0x0a, 0x08, 0x6c, 0x6f, 0x63, 0x61, 0x74,
    0x69, 0x6f, 0x6e, 0x12, 0x16, 0x64, 0x65, 0x65, 0x70, 0x66, 0x69, 0x6c, 0x74, 0x65, 0x72, 0x5f,
    0x73, 0x6f, 0x75, 0x72, 0x63, 0x65, 0x2e, 0x6f, 0x6e, 0x6e, 0x78, 0x6a, 0x11, 0x0a, 0x06, 0x6f,
    0x66, 0x66, 0x73, 0x65, 0x74, 0x12, 0x07, 0x36, 0x32, 0x33, 0x36, 0x38, 0x38, 0x34, 0x6a, 0x10,
    0x0a, 0x06, 0x6c, 0x65, 0x6e, 0x67, 0x74, 0x68, 0x12, 0x06, 0x37, 0x38, 0x36, 0x34, 0x33, 0x32,
    0x70, 0x01, 0x2a, 0x60, 0x08, 0x01, 0x08, 0x80, 0x0c, 0x10, 0x01, 0x42, 0x0e, 0x6f, 0x6e, 0x6e,
    0x78, 0x3a, 0x3a, 0x47, 0x52, 0x55, 0x5f, 0x31, 0x31, 0x36, 0x38, 0x6a, 0x22, 0x0a, 0x08, 0x6c,
    0x6f, 0x63, 0x61, 0x74, 0x69, 0x6f, 0x6e, 0x12, 0x16, 0x64, 0x65, 0x65, 0x70, 0x66, 0x69, 0x6c,
    0x74, 0x65, 0x72, 0x5f, 0x73, 0x6f, 0x75, 0x72, 0x63, 0x65, 0x2e, 0x6f, 0x6e, 0x6e, 0x78, 0x6a,
    0x11, 0x0a, 0x06, 0x6f, 0x66, 0x66, 0x73, 0x65, 0x74, 0x12, 0x07, 0x37, 0x30, 0x32, 0x33, 0x33,
    0x34, 0x35, 0x6a, 0x0e, 0x0a, 0x06, 0x6c, 0x65, 0x6e, 0x67, 0x74, 0x68, 0x12, 0x04, 0x36, 0x31,
    0x34, 0x34, 0x70, 0x01, 0x2a, 0x65, 0x08, 0x01, 0x08, 0x80, 0x06, 0x08, 0x80, 0x02, 0x10, 0x01,
    0x42, 0x0e, 0x6f, 0x6e, 0x6e, 0x78, 0x3a, 0x3a, 0x47, 0x52, 0x55, 0x5f, 0x31, 0x31, 0x38, 0x36,
    0x6a, 0x22, 0x0a, 0x08, 0x6c, 0x6f, 0x63, 0x61, 0x74, 0x69, 0x6f, 0x6e, 0x12, 0x16, 0x64, 0x65,
    0x65, 0x70, 0x66, 0x69, 0x6c, 0x74, 0x65, 0x72, 0x5f, 0x73, 0x6f, 0x75, 0x72, 0x63, 0x65, 0x2e,
    0x6f, 0x6e, 0x6e, 0x78, 0x6a, 0x11, 0x0a, 0x06, 0x6f, 0x66, 0x66, 0x73, 0x65, 0x74, 0x12, 0x07,
    0x37, 0x30, 0x32, 0x39, 0x35, 0x32, 0x33, 0x6a, 0x10, 0x0a, 0x06, 0x6c, 0x65, 0x6e, 0x67, 0x74,
    0x68, 0x12, 0x06, 0x37, 0x38, 0x36, 0x34, 0x33, 0x32, 0x70, 0x01, 0x2a, 0x65, 0x08, 0x01, 0x08,
    0x80, 0x06, 0x08, 0x80, 0x02, 0x10, 0x01, 0x42, 0x0e, 0x6f, 0x6e, 0x6e, 0x78, 0x3a, 0x3a, 0x47,
    0x52, 0x55, 0x5f, 0x31, 0x31, 0x38, 0x37, 0x6a, 0x22, 0x0a, 0x08, 0x6c, 0x6f, 0x63, 0x61, 0x74,
    0x69, 0x6f, 0x6e, 0x12, 0x16, 0x64, 0x65, 0x65, 0x70, 0x66, 0x69, 0x6c, 0x74, 0x65, 0x72, 0x5f,
    0x73, 0x6f, 0x75, 0x72, 0x63, 0x65, 0x2e, 0x6f, 0x6e, 0x6e, 0x78, 0x6a, 0x11, 0x0a, 0x06, 0x6f,
    0x66, 0x66, 0x73, 0x65, 0x74, 0x12, 0x07, 0x37, 0x38, 0x31, 0x35, 0x39, 0x38, 0x39, 0x6a, 0x10,
    0x0a, 0x06, 0x6c, 0x65, 0x6e, 0x67, 0x74, 0x68, 0x12, 0x06, 0x37, 0x38, 0x36, 0x34, 0x33, 0x32,
    0x70, 0x01, 0x2a, 0x60, 0x08, 0x01, 0x08, 0x80, 0x0c, 0x10, 0x01, 0x42, 0x0e, 0x6f, 0x6e, 0x6e,
    0x78, 0x3a, 0x3a, 0x47, 0x52, 0x55, 0x5f, 0x31, 0x31, 0x38, 0x38, 0x6a, 0x22, 0x0a, 0x08, 0x6c,
    0x6f, 0x63, 0x61, 0x74, 0x69, 0x6f, 0x6e, 0x12, 0x16, 0x64, 0x65, 0x65, 0x70, 0x66, 0x69, 0x6c,
    0x74, 0x65, 0x72, 0x5f, 0x73, 0x6f, 0x75, 0x72, 0x63, 0x65, 0x2e, 0x6f, 0x6e, 0x6e, 0x78, 0x6a,
    0x11, 0x0a, 0x06, 0x6f, 0x66, 0x66, 0x73, 0x65, 0x74, 0x12, 0x07, 0x38, 0x36, 0x30, 0x32, 0x34,
    0x35, 0x30, 0x6a, 0x0e, 0x0a, 0x06, 0x6c, 0x65, 0x6e, 0x67, 0x74, 0x68, 0x12, 0x04, 0x36, 0x31,
    0x34, 0x34, 0x70, 0x01, 0x2a, 0x27, 0x08, 0x01, 0x10, 0x07, 0x3a, 0x0a, 0xfe, 0xff, 0xff, 0xff,
    0xff, 0xff, 0xff, 0xff, 0xff, 0x01, 0x42, 0x15, 0x73, 0x74, 0x72, 0x65, 0x61, 0x6d, 0x5f, 0x65,
    0x72, 0x62, 0x5f, 0x63, 0x61, 0x63, 0x68, 0x65, 0x73, 0x74, 0x61, 0x72, 0x74, 0x2a, 0x24, 0x08,
    0x01, 0x10, 0x07, 0x3a, 0x09, 0xff, 0xff, 0xff, 0xff, 0xff, 0xff, 0xff, 0xff, 0x7f, 0x42, 0x13,
    0x73, 0x74, 0x72, 0x65, 0x61, 0x6d, 0x5f, 0x65, 0x72, 0x62, 0x5f, 0x63, 0x61, 0x63, 0x68, 0x65,
    0x65, 0x6e, 0x64, 0x2a, 0x1d, 0x08, 0x01, 0x10, 0x07, 0x3a, 0x01, 0x02, 0x42, 0x14, 0x73, 0x74,
    0x72, 0x65, 0x61, 0x6d, 0x5f, 0x65, 0x72, 0x62, 0x5f, 0x63, 0x61, 0x63, 0x68, 0x65, 0x61, 0x78,
    0x69, 0x73, 0x2a, 0x28, 0x08, 0x01, 0x10, 0x07, 0x3a, 0x0a, 0xfe, 0xff, 0xff, 0xff, 0xff, 0xff,
    0xff, 0xff, 0xff, 0x01, 0x42, 0x16, 0x73, 0x74, 0x72, 0x65, 0x61, 0x6d, 0x5f, 0x73, 0x70, 0x65,
    0x63, 0x5f, 0x63, 0x61, 0x63, 0x68, 0x65, 0x73, 0x74, 0x61, 0x72, 0x74, 0x2a, 0x25, 0x08, 0x01,
    0x10, 0x07, 0x3a, 0x09, 0xff, 0xff, 0xff, 0xff, 0xff, 0xff, 0xff, 0xff, 0x7f, 0x42, 0x14, 0x73,
    0x74, 0x72, 0x65, 0x61, 0x6d, 0x5f, 0x73, 0x70, 0x65, 0x63, 0x5f, 0x63, 0x61, 0x63, 0x68, 0x65,
    0x65, 0x6e, 0x64, 0x2a, 0x1e, 0x08, 0x01, 0x10, 0x07, 0x3a, 0x01, 0x02, 0x42, 0x15, 0x73, 0x74,
    0x72, 0x65, 0x61, 0x6d, 0x5f, 0x73, 0x70, 0x65, 0x63, 0x5f, 0x63, 0x61, 0x63, 0x68, 0x65, 0x61,
    0x78, 0x69, 0x73, 0x2a, 0x26, 0x08, 0x01, 0x10, 0x07, 0x3a, 0x0a, 0xfc, 0xff, 0xff, 0xff, 0xff,
    0xff, 0xff, 0xff, 0xff, 0x01, 0x42, 0x14, 0x73, 0x74, 0x72, 0x65, 0x61, 0x6d, 0x5f, 0x64, 0x66,
    0x5f, 0x63, 0x61, 0x63, 0x68, 0x65, 0x73, 0x74, 0x61, 0x72, 0x74, 0x2a, 0x23, 0x08, 0x01, 0x10,
    0x07, 0x3a, 0x09, 0xff, 0xff, 0xff, 0xff, 0xff, 0xff, 0xff, 0xff, 0x7f, 0x42, 0x12, 0x73, 0x74,
    0x72, 0x65, 0x61, 0x6d, 0x5f, 0x64, 0x66, 0x5f, 0x63, 0x61, 0x63, 0x68, 0x65, 0x65, 0x6e, 0x64,
    0x2a, 0x1c, 0x08, 0x01, 0x10, 0x07, 0x3a, 0x01, 0x02, 0x42, 0x13, 0x73, 0x74, 0x72, 0x65, 0x61,
    0x6d, 0x5f, 0x64, 0x66, 0x5f, 0x63, 0x61, 0x63, 0x68, 0x65, 0x61, 0x78, 0x69, 0x73, 0x5a, 0x28,
    0x0a, 0x08, 0x66, 0x65, 0x61, 0x74, 0x5f, 0x65, 0x72, 0x62, 0x12, 0x1c, 0x0a, 0x1a, 0x08, 0x01,
    0x12, 0x16, 0x0a, 0x02, 0x08, 0x01, 0x0a, 0x02, 0x08, 0x01, 0x0a, 0x08, 0x12, 0x06, 0x66, 0x72,
    0x61, 0x6d, 0x65, 0x73, 0x0a, 0x02, 0x08, 0x20, 0x5a, 0x29, 0x0a, 0x09, 0x66, 0x65, 0x61, 0x74,
    0x5f, 0x73, 0x70, 0x65, 0x63, 0x12, 0x1c, 0x0a, 0x1a, 0x08, 0x01, 0x12, 0x16, 0x0a, 0x02, 0x08,
    0x01, 0x0a, 0x02, 0x08, 0x02, 0x0a, 0x08, 0x12, 0x06, 0x66, 0x72, 0x61, 0x6d, 0x65, 0x73, 0x0a,
    0x02, 0x08, 0x60, 0x5a, 0x19, 0x0a, 0x02, 0x68, 0x30, 0x12, 0x13, 0x0a, 0x11, 0x08, 0x01, 0x12,
    0x0d, 0x0a, 0x02, 0x08, 0x01, 0x0a, 0x02, 0x08, 0x01, 0x0a, 0x03, 0x08, 0x80, 0x02, 0x5a, 0x19,
    0x0a, 0x02, 0x68, 0x31, 0x12, 0x13, 0x0a, 0x11, 0x08, 0x01, 0x12, 0x0d, 0x0a, 0x02, 0x08, 0x01,
    0x0a, 0x02, 0x08, 0x01, 0x0a, 0x03, 0x08, 0x80, 0x02, 0x5a, 0x19, 0x0a, 0x02, 0x68, 0x32, 0x12,
    0x13, 0x0a, 0x11, 0x08, 0x01, 0x12, 0x0d, 0x0a, 0x02, 0x08, 0x01, 0x0a, 0x02, 0x08, 0x01, 0x0a,
    0x03, 0x08, 0x80, 0x02, 0x5a, 0x19, 0x0a, 0x02, 0x68, 0x33, 0x12, 0x13, 0x0a, 0x11, 0x08, 0x01,
    0x12, 0x0d, 0x0a, 0x02, 0x08, 0x01, 0x0a, 0x02, 0x08, 0x01, 0x0a, 0x03, 0x08, 0x80, 0x02, 0x5a,
    0x19, 0x0a, 0x02, 0x68, 0x34, 0x12, 0x13, 0x0a, 0x11, 0x08, 0x01, 0x12, 0x0d, 0x0a, 0x02, 0x08,
    0x01, 0x0a, 0x02, 0x08, 0x01, 0x0a, 0x03, 0x08, 0x80, 0x02, 0x5a, 0x23, 0x0a, 0x09, 0x65, 0x72,
    0x62, 0x5f, 0x63, 0x61, 0x63, 0x68, 0x65, 0x12, 0x16, 0x0a, 0x14, 0x08, 0x01, 0x12, 0x10, 0x0a,
    0x02, 0x08, 0x01, 0x0a, 0x02, 0x08, 0x01, 0x0a, 0x02, 0x08, 0x02, 0x0a, 0x02, 0x08, 0x20, 0x5a,
    0x24, 0x0a, 0x0a, 0x73, 0x70, 0x65, 0x63, 0x5f, 0x63, 0x61, 0x63, 0x68, 0x65, 0x12, 0x16, 0x0a,
    0x14, 0x08, 0x01, 0x12, 0x10, 0x0a, 0x02, 0x08, 0x01, 0x0a, 0x02, 0x08, 0x02, 0x0a, 0x02, 0x08,
    0x02, 0x0a, 0x02, 0x08, 0x60, 0x5a, 0x22, 0x0a, 0x08, 0x64, 0x66, 0x5f, 0x63, 0x61, 0x63, 0x68,
    0x65, 0x12, 0x16, 0x0a, 0x14, 0x08, 0x01, 0x12, 0x10, 0x0a, 0x02, 0x08, 0x01, 0x0a, 0x02, 0x08,
    0x40, 0x0a, 0x02, 0x08, 0x04, 0x0a, 0x02, 0x08, 0x60, 0x62, 0x52, 0x0a, 0x08, 0x65, 0x72, 0x62,
    0x5f, 0x6d, 0x61, 0x73, 0x6b, 0x12, 0x46, 0x0a, 0x44, 0x08, 0x01, 0x12, 0x40, 0x0a, 0x17, 0x12,
    0x15, 0x53, 0x69, 0x67, 0x6d, 0x6f, 0x69, 0x64, 0x65, 0x72, 0x62, 0x5f, 0x6d, 0x61, 0x73, 0x6b,
    0x5f, 0x64, 0x69, 0x6d, 0x5f, 0x30, 0x0a, 0x02, 0x08, 0x01, 0x0a, 0x08, 0x12, 0x06, 0x66, 0x72,
    0x61, 0x6d, 0x65, 0x73, 0x0a, 0x17, 0x12, 0x15, 0x53, 0x69, 0x67, 0x6d, 0x6f, 0x69, 0x64, 0x65,
    0x72, 0x62, 0x5f, 0x6d, 0x61, 0x73, 0x6b, 0x5f, 0x64, 0x69, 0x6d, 0x5f, 0x33, 0x62, 0x5a, 0x0a,
    0x08, 0x64, 0x66, 0x5f, 0x63, 0x6f, 0x65, 0x66, 0x73, 0x12, 0x4e, 0x0a, 0x4c, 0x08, 0x01, 0x12,
    0x48, 0x0a, 0x19, 0x12, 0x17, 0x54, 0x72, 0x61, 0x6e, 0x73, 0x70, 0x6f, 0x73, 0x65, 0x64, 0x66,
    0x5f, 0x63, 0x6f, 0x65, 0x66, 0x73, 0x5f, 0x64, 0x69, 0x6d, 0x5f, 0x30, 0x0a, 0x02, 0x08, 0x05,
    0x0a, 0x08, 0x12, 0x06, 0x66, 0x72, 0x61, 0x6d, 0x65, 0x73, 0x0a, 0x19, 0x12, 0x17, 0x54, 0x72,
    0x61, 0x6e, 0x73, 0x70, 0x6f, 0x73, 0x65, 0x64, 0x66, 0x5f, 0x63, 0x6f, 0x65, 0x66, 0x73, 0x5f,
    0x64, 0x69, 0x6d, 0x5f, 0x33, 0x0a, 0x02, 0x08, 0x02, 0x62, 0x1d, 0x0a, 0x06, 0x68, 0x30, 0x5f,
    0x6f, 0x75, 0x74, 0x12, 0x13, 0x0a, 0x11, 0x08, 0x01, 0x12, 0x0d, 0x0a, 0x02, 0x08, 0x01, 0x0a,
    0x02, 0x08, 0x01, 0x0a, 0x03, 0x08, 0x80, 0x02, 0x62, 0x1d, 0x0a, 0x06, 0x68, 0x31, 0x5f, 0x6f,
    0x75, 0x74, 0x12, 0x13, 0x0a, 0x11, 0x08, 0x01, 0x12, 0x0d, 0x0a, 0x02, 0x08, 0x01, 0x0a, 0x02,
    0x08, 0x01, 0x0a, 0x03, 0x08, 0x80, 0x02, 0x62, 0x1d, 0x0a, 0x06, 0x68, 0x32, 0x5f, 0x6f, 0x75,
    0x74, 0x12, 0x13, 0x0a, 0x11, 0x08, 0x01, 0x12, 0x0d, 0x0a, 0x02, 0x08, 0x01, 0x0a, 0x02, 0x08,
    0x01, 0x0a, 0x03, 0x08, 0x80, 0x02, 0x62, 0x1d, 0x0a, 0x06, 0x68, 0x33, 0x5f, 0x6f, 0x75, 0x74,
    0x12, 0x13, 0x0a, 0x11, 0x08, 0x01, 0x12, 0x0d, 0x0a, 0x02, 0x08, 0x01, 0x0a, 0x02, 0x08, 0x01,
    0x0a, 0x03, 0x08, 0x80, 0x02, 0x62, 0x1d, 0x0a, 0x06, 0x68, 0x34, 0x5f, 0x6f, 0x75, 0x74, 0x12,
    0x13, 0x0a, 0x11, 0x08, 0x01, 0x12, 0x0d, 0x0a, 0x02, 0x08, 0x01, 0x0a, 0x02, 0x08, 0x01, 0x0a,
    0x03, 0x08, 0x80, 0x02, 0x62, 0x27, 0x0a, 0x0d, 0x65, 0x72, 0x62, 0x5f, 0x63, 0x61, 0x63, 0x68,
    0x65, 0x5f, 0x6f, 0x75, 0x74, 0x12, 0x16, 0x0a, 0x14, 0x08, 0x01, 0x12, 0x10, 0x0a, 0x02, 0x08,
    0x01, 0x0a, 0x02, 0x08, 0x01, 0x0a, 0x02, 0x08, 0x02, 0x0a, 0x02, 0x08, 0x20, 0x62, 0x28, 0x0a,
    0x0e, 0x73, 0x70, 0x65, 0x63, 0x5f, 0x63, 0x61, 0x63, 0x68, 0x65, 0x5f, 0x6f, 0x75, 0x74, 0x12,
    0x16, 0x0a, 0x14, 0x08, 0x01, 0x12, 0x10, 0x0a, 0x02, 0x08, 0x01, 0x0a, 0x02, 0x08, 0x02, 0x0a,
    0x02, 0x08, 0x02, 0x0a, 0x02, 0x08, 0x60, 0x62, 0x26, 0x0a, 0x0c, 0x64, 0x66, 0x5f, 0x63, 0x61,
    0x63, 0x68, 0x65, 0x5f, 0x6f, 0x75, 0x74, 0x12, 0x16, 0x0a, 0x14, 0x08, 0x01, 0x12, 0x10, 0x0a,
    0x02, 0x08, 0x01, 0x0a, 0x02, 0x08, 0x40, 0x0a, 0x02, 0x08, 0x04, 0x0a, 0x02, 0x08, 0x60, 0x42,
    0x02, 0x10, 0x11,
};
static constexpr const char* kStateInputs[] = {
    "h0",
    "h1",
    "h2",
    "h3",
    "h4",
    "erb_cache",
    "spec_cache",
    "df_cache",
};
static constexpr const char* kStateOutputs[] = {
    "h0_out",
    "h1_out",
    "h2_out",
    "h3_out",
    "h4_out",
    "erb_cache_out",
    "spec_cache_out",
    "df_cache_out",
};
static constexpr size_t kStateSizes[] = {
    256,
    256,
    256,
    256,
    256,
    64,
    384,
    24576,
};
static constexpr std::array<int64_t, 4> kStateShapes[] = {
    {1, 1, 256, 0},
    {1, 1, 256, 0},
    {1, 1, 256, 0},
    {1, 1, 256, 0},
    {1, 1, 256, 0},
    {1, 1, 2, 32},
    {1, 2, 2, 96},
    {1, 64, 4, 96},
};
static constexpr size_t kStateRanks[] = {3, 3, 3, 3, 3, 4, 4, 4};
