// Generated by scripts/generate_deepfilter_rust_graphs.py; do not edit.
// Official DeepFilterNet3 Rust bundle; weights remain in separately downloaded ONNX files.
// DeepFilterNet: Copyright (c) 2021 Hendrik Schröter (MIT).
// See third_party/deepfilter/LICENSE-MIT and THIRD-PARTY-NOTICES.md.
// Source SHA-256: 7c5399d3da8a50ebef1c1a0ae421b33376aa5e45d0e92df16da7e83c9c131916
static constexpr size_t kRustEncSourceBytes = 1954042;
static constexpr uint64_t kRustEncFingerprint = UINT64_C(0xcc940662ee7a62c7);
static constexpr unsigned char kRustEncGraph[] = {
    0x08, 0x07, 0x12, 0x07, 0x70, 0x79, 0x74, 0x6f, 0x72, 0x63, 0x68, 0x1a, 0x06, 0x31, 0x2e, 0x31,
    0x33, 0x2e, 0x31, 0x3a, 0x92, 0x83, 0x01, 0x0a, 0x45, 0x0a, 0x09, 0x65, 0x72, 0x62, 0x5f, 0x63,
    0x61, 0x63, 0x68, 0x65, 0x0a, 0x08, 0x66, 0x65, 0x61, 0x74, 0x5f, 0x65, 0x72, 0x62, 0x12, 0x19,
    0x2f, 0x65, 0x72, 0x62, 0x5f, 0x63, 0x6f, 0x6e, 0x76, 0x30, 0x2f, 0x30, 0x2f, 0x50, 0x61, 0x64,
    0x5f, 0x6f, 0x75, 0x74, 0x70, 0x75, 0x74, 0x5f, 0x30, 0x22, 0x06, 0x43, 0x6f, 0x6e, 0x63, 0x61,
    0x74, 0x2a, 0x0b, 0x0a, 0x04, 0x61, 0x78, 0x69, 0x73, 0x18, 0x02, 0xa0, 0x01, 0x02, 0x0a, 0xce,
    0x01, 0x0a, 0x19, 0x2f, 0x65, 0x72, 0x62, 0x5f, 0x63, 0x6f, 0x6e, 0x76, 0x30, 0x2f, 0x30, 0x2f,
    0x50, 0x61, 0x64, 0x5f, 0x6f, 0x75, 0x74, 0x70, 0x75, 0x74, 0x5f, 0x30, 0x0a, 0x0e, 0x6f, 0x6e,
    0x6e, 0x78, 0x3a, 0x3a, 0x43, 0x6f, 0x6e, 0x76, 0x5f, 0x32, 0x38, 0x32, 0x0a, 0x0e, 0x6f, 0x6e,
    0x6e, 0x78, 0x3a, 0x3a, 0x43, 0x6f, 0x6e, 0x76, 0x5f, 0x32, 0x38, 0x33, 0x12, 0x1a, 0x2f, 0x65,
    0x72, 0x62, 0x5f, 0x63, 0x6f, 0x6e, 0x76, 0x30, 0x2f, 0x31, 0x2f, 0x43, 0x6f, 0x6e, 0x76, 0x5f,
    0x6f, 0x75, 0x74, 0x70, 0x75, 0x74, 0x5f, 0x30, 0x1a, 0x11, 0x2f, 0x65, 0x72, 0x62, 0x5f, 0x63,
    0x6f, 0x6e, 0x76, 0x30, 0x2f, 0x31, 0x2f, 0x43, 0x6f, 0x6e, 0x76, 0x22, 0x04, 0x43, 0x6f, 0x6e,
    0x76, 0x2a, 0x12, 0x0a, 0x09, 0x64, 0x69, 0x6c, 0x61, 0x74, 0x69, 0x6f, 0x6e, 0x73, 0x40, 0x01,
    0x40, 0x01, 0xa0, 0x01, 0x07, 0x2a, 0x0c, 0x0a, 0x05, 0x67, 0x72, 0x6f, 0x75, 0x70, 0x18, 0x01,
    0xa0, 0x01, 0x02, 0x2a, 0x15, 0x0a, 0x0c, 0x6b, 0x65, 0x72, 0x6e, 0x65, 0x6c, 0x5f, 0x73, 0x68,
    0x61, 0x70, 0x65, 0x40, 0x03, 0x40, 0x03, 0xa0, 0x01, 0x07, 0x2a, 0x11, 0x0a, 0x04, 0x70, 0x61,
    0x64, 0x73, 0x40, 0x00, 0x40, 0x01, 0x40, 0x00, 0x40, 0x01, 0xa0, 0x01, 0x07, 0x2a, 0x10, 0x0a,
    0x07, 0x73, 0x74, 0x72, 0x69, 0x64, 0x65, 0x73, 0x40, 0x01, 0x40, 0x01, 0xa0, 0x01, 0x07, 0x0a,
    0x39, 0x0a, 0x1a, 0x2f, 0x65, 0x72, 0x62, 0x5f, 0x63, 0x6f, 0x6e, 0x76, 0x30, 0x2f, 0x31, 0x2f,
    0x43, 0x6f, 0x6e, 0x76, 0x5f, 0x6f, 0x75, 0x74, 0x70, 0x75, 0x74, 0x5f, 0x30, 0x12, 0x02, 0x65,
    0x30, 0x1a, 0x11, 0x2f, 0x65, 0x72, 0x62, 0x5f, 0x63, 0x6f, 0x6e, 0x76, 0x30, 0x2f, 0x33, 0x2f,
    0x52, 0x65, 0x6c, 0x75, 0x22, 0x04, 0x52, 0x65, 0x6c, 0x75, 0x0a, 0xab, 0x01, 0x0a, 0x02, 0x65,
    0x30, 0x0a, 0x12, 0x65, 0x72, 0x62, 0x5f, 0x63, 0x6f, 0x6e, 0x76, 0x31, 0x2e, 0x30, 0x2e, 0x77,
    0x65, 0x69, 0x67, 0x68, 0x74, 0x12, 0x1a, 0x2f, 0x65, 0x72, 0x62, 0x5f, 0x63, 0x6f, 0x6e, 0x76,
    0x31, 0x2f, 0x30, 0x2f, 0x43, 0x6f, 0x6e, 0x76, 0x5f, 0x6f, 0x75, 0x74, 0x70, 0x75, 0x74, 0x5f,
    0x30, 0x1a, 0x11, 0x2f, 0x65, 0x72, 0x62, 0x5f, 0x63, 0x6f, 0x6e, 0x76, 0x31, 0x2f, 0x30, 0x2f,
    0x43, 0x6f, 0x6e, 0x76, 0x22, 0x04, 0x43, 0x6f, 0x6e, 0x76, 0x2a, 0x12, 0x0a, 0x09, 0x64, 0x69,
    0x6c, 0x61, 0x74, 0x69, 0x6f, 0x6e, 0x73, 0x40, 0x01, 0x40, 0x01, 0xa0, 0x01, 0x07, 0x2a, 0x0c,
    0x0a, 0x05, 0x67, 0x72, 0x6f, 0x75, 0x70, 0x18, 0x40, 0xa0, 0x01, 0x02, 0x2a, 0x15, 0x0a, 0x0c,
    0x6b, 0x65, 0x72, 0x6e, 0x65, 0x6c, 0x5f, 0x73, 0x68, 0x61, 0x70, 0x65, 0x40, 0x01, 0x40, 0x03,
    0xa0, 0x01, 0x07, 0x2a, 0x11, 0x0a, 0x04, 0x70, 0x61, 0x64, 0x73, 0x40, 0x00, 0x40, 0x01, 0x40,
    0x00, 0x40, 0x01, 0xa0, 0x01, 0x07, 0x2a, 0x10, 0x0a, 0x07, 0x73, 0x74, 0x72, 0x69, 0x64, 0x65,
    0x73, 0x40, 0x01, 0x40, 0x02, 0xa0, 0x01, 0x07, 0x0a, 0xcf, 0x01, 0x0a, 0x1a, 0x2f, 0x65, 0x72,
    0x62, 0x5f, 0x63, 0x6f, 0x6e, 0x76, 0x31, 0x2f, 0x30, 0x2f, 0x43, 0x6f, 0x6e, 0x76, 0x5f, 0x6f,
    0x75, 0x74, 0x70, 0x75, 0x74, 0x5f, 0x30, 0x0a, 0x0e, 0x6f, 0x6e, 0x6e, 0x78, 0x3a, 0x3a, 0x43,
    0x6f, 0x6e, 0x76, 0x5f, 0x32, 0x38, 0x35, 0x0a, 0x0e, 0x6f, 0x6e, 0x6e, 0x78, 0x3a, 0x3a, 0x43,
    0x6f, 0x6e, 0x76, 0x5f, 0x32, 0x38, 0x36, 0x12, 0x1a, 0x2f, 0x65, 0x72, 0x62, 0x5f, 0x63, 0x6f,
    0x6e, 0x76, 0x31, 0x2f, 0x31, 0x2f, 0x43, 0x6f, 0x6e, 0x76, 0x5f, 0x6f, 0x75, 0x74, 0x70, 0x75,
    0x74, 0x5f, 0x30, 0x1a, 0x11, 0x2f, 0x65, 0x72, 0x62, 0x5f, 0x63, 0x6f, 0x6e, 0x76, 0x31, 0x2f,
    0x31, 0x2f, 0x43, 0x6f, 0x6e, 0x76, 0x22, 0x04, 0x43, 0x6f, 0x6e, 0x76, 0x2a, 0x12, 0x0a, 0x09,
    0x64, 0x69, 0x6c, 0x61, 0x74, 0x69, 0x6f, 0x6e, 0x73, 0x40, 0x01, 0x40, 0x01, 0xa0, 0x01, 0x07,
    0x2a, 0x0c, 0x0a, 0x05, 0x67, 0x72, 0x6f, 0x75, 0x70, 0x18, 0x01, 0xa0, 0x01, 0x02, 0x2a, 0x15,
    0x0a, 0x0c, 0x6b, 0x65, 0x72, 0x6e, 0x65, 0x6c, 0x5f, 0x73, 0x68, 0x61, 0x70, 0x65, 0x40, 0x01,
    0x40, 0x01, 0xa0, 0x01, 0x07, 0x2a, 0x11, 0x0a, 0x04, 0x70, 0x61, 0x64, 0x73, 0x40, 0x00, 0x40,
    0x00, 0x40, 0x00, 0x40, 0x00, 0xa0, 0x01, 0x07, 0x2a, 0x10, 0x0a, 0x07, 0x73, 0x74, 0x72, 0x69,
    0x64, 0x65, 0x73, 0x40, 0x01, 0x40, 0x01, 0xa0, 0x01, 0x07, 0x0a, 0x39, 0x0a, 0x1a, 0x2f, 0x65,
    0x72, 0x62, 0x5f, 0x63, 0x6f, 0x6e, 0x76, 0x31, 0x2f, 0x31, 0x2f, 0x43, 0x6f, 0x6e, 0x76, 0x5f,
    0x6f, 0x75, 0x74, 0x70, 0x75, 0x74, 0x5f, 0x30, 0x12, 0x02, 0x65, 0x31, 0x1a, 0x11, 0x2f, 0x65,
    0x72, 0x62, 0x5f, 0x63, 0x6f, 0x6e, 0x76, 0x31, 0x2f, 0x33, 0x2f, 0x52, 0x65, 0x6c, 0x75, 0x22,
    0x04, 0x52, 0x65, 0x6c, 0x75, 0x0a, 0xa7, 0x01, 0x0a, 0x02, 0x65, 0x31, 0x0a, 0x12, 0x65, 0x72,
    0x62, 0x5f, 0x63, 0x6f, 0x6e, 0x76, 0x32, 0x2e, 0x30, 0x2e, 0x77, 0x65, 0x69, 0x67, 0x68, 0x74,
    0x12, 0x18, 0x2f, 0x65, 0x72, 0x62, 0x5f, 0x63, 0x6f, 0x6e, 0x76, 0x32, 0x2f, 0x43, 0x6f, 0x6e,
    0x76, 0x5f, 0x6f, 0x75, 0x74, 0x70, 0x75, 0x74, 0x5f, 0x30, 0x1a, 0x0f, 0x2f, 0x65, 0x72, 0x62,
    0x5f, 0x63, 0x6f, 0x6e, 0x76, 0x32, 0x2f, 0x43, 0x6f, 0x6e, 0x76, 0x22, 0x04, 0x43, 0x6f, 0x6e,
    0x76, 0x2a, 0x12, 0x0a, 0x09, 0x64, 0x69, 0x6c, 0x61, 0x74, 0x69, 0x6f, 0x6e, 0x73, 0x40, 0x01,
    0x40, 0x01, 0xa0, 0x01, 0x07, 0x2a, 0x0c, 0x0a, 0x05, 0x67, 0x72, 0x6f, 0x75, 0x70, 0x18, 0x40,
    0xa0, 0x01, 0x02, 0x2a, 0x15, 0x0a, 0x0c, 0x6b, 0x65, 0x72, 0x6e, 0x65, 0x6c, 0x5f, 0x73, 0x68,
    0x61, 0x70, 0x65, 0x40, 0x01, 0x40, 0x03, 0xa0, 0x01, 0x07, 0x2a, 0x11, 0x0a, 0x04, 0x70, 0x61,
    0x64, 0x73, 0x40, 0x00, 0x40, 0x01, 0x40, 0x00, 0x40, 0x01, 0xa0, 0x01, 0x07, 0x2a, 0x10, 0x0a,
    0x07, 0x73, 0x74, 0x72, 0x69, 0x64, 0x65, 0x73, 0x40, 0x01, 0x40, 0x02, 0xa0, 0x01, 0x07, 0x0a,
    0xcd, 0x01, 0x0a, 0x18, 0x2f, 0x65, 0x72, 0x62, 0x5f, 0x63, 0x6f, 0x6e, 0x76, 0x32, 0x2f, 0x43,
    0x6f, 0x6e, 0x76, 0x5f, 0x6f, 0x75, 0x74, 0x70, 0x75, 0x74, 0x5f, 0x30, 0x0a, 0x0e, 0x6f, 0x6e,
    0x6e, 0x78, 0x3a, 0x3a, 0x43, 0x6f, 0x6e, 0x76, 0x5f, 0x32, 0x38, 0x38, 0x0a, 0x0e, 0x6f, 0x6e,
    0x6e, 0x78, 0x3a, 0x3a, 0x43, 0x6f, 0x6e, 0x76, 0x5f, 0x32, 0x38, 0x39, 0x12, 0x1a, 0x2f, 0x65,
    0x72, 0x62, 0x5f, 0x63, 0x6f, 0x6e, 0x76, 0x32, 0x2f, 0x43, 0x6f, 0x6e, 0x76, 0x5f, 0x31, 0x5f,
    0x6f, 0x75, 0x74, 0x70, 0x75, 0x74, 0x5f, 0x30, 0x1a, 0x11, 0x2f, 0x65, 0x72, 0x62, 0x5f, 0x63,
    0x6f, 0x6e, 0x76, 0x32, 0x2f, 0x43, 0x6f, 0x6e, 0x76, 0x5f, 0x31, 0x22, 0x04, 0x43, 0x6f, 0x6e,
    0x76, 0x2a, 0x12, 0x0a, 0x09, 0x64, 0x69, 0x6c, 0x61, 0x74, 0x69, 0x6f, 0x6e, 0x73, 0x40, 0x01,
    0x40, 0x01, 0xa0, 0x01, 0x07, 0x2a, 0x0c, 0x0a, 0x05, 0x67, 0x72, 0x6f, 0x75, 0x70, 0x18, 0x01,
    0xa0, 0x01, 0x02, 0x2a, 0x15, 0x0a, 0x0c, 0x6b, 0x65, 0x72, 0x6e, 0x65, 0x6c, 0x5f, 0x73, 0x68,
    0x61, 0x70, 0x65, 0x40, 0x01, 0x40, 0x01, 0xa0, 0x01, 0x07, 0x2a, 0x11, 0x0a, 0x04, 0x70, 0x61,
    0x64, 0x73, 0x40, 0x00, 0x40, 0x00, 0x40, 0x00, 0x40, 0x00, 0xa0, 0x01, 0x07, 0x2a, 0x10, 0x0a,
    0x07, 0x73, 0x74, 0x72, 0x69, 0x64, 0x65, 0x73, 0x40, 0x01, 0x40, 0x01, 0xa0, 0x01, 0x07, 0x0a,
    0x37, 0x0a, 0x1a, 0x2f, 0x65, 0x72, 0x62, 0x5f, 0x63, 0x6f, 0x6e, 0x76, 0x32, 0x2f, 0x43, 0x6f,
    0x6e, 0x76, 0x5f, 0x31, 0x5f, 0x6f, 0x75, 0x74, 0x70, 0x75, 0x74, 0x5f, 0x30, 0x12, 0x02, 0x65,
    0x32, 0x1a, 0x0f, 0x2f, 0x65, 0x72, 0x62, 0x5f, 0x63, 0x6f, 0x6e, 0x76, 0x32, 0x2f, 0x52, 0x65,
    0x6c, 0x75, 0x22, 0x04, 0x52, 0x65, 0x6c, 0x75, 0x0a, 0xab, 0x01, 0x0a, 0x02, 0x65, 0x32, 0x0a,
    0x12, 0x65, 0x72, 0x62, 0x5f, 0x63, 0x6f, 0x6e, 0x76, 0x33, 0x2e, 0x30, 0x2e, 0x77, 0x65, 0x69,
    0x67, 0x68, 0x74, 0x12, 0x1a, 0x2f, 0x65, 0x72, 0x62, 0x5f, 0x63, 0x6f, 0x6e, 0x76, 0x33, 0x2f,
    0x30, 0x2f, 0x43, 0x6f, 0x6e, 0x76, 0x5f, 0x6f, 0x75, 0x74, 0x70, 0x75, 0x74, 0x5f, 0x30, 0x1a,
    0x11, 0x2f, 0x65, 0x72, 0x62, 0x5f, 0x63, 0x6f, 0x6e, 0x76, 0x33, 0x2f, 0x30, 0x2f, 0x43, 0x6f,
    0x6e, 0x76, 0x22, 0x04, 0x43, 0x6f, 0x6e, 0x76, 0x2a, 0x12, 0x0a, 0x09, 0x64, 0x69, 0x6c, 0x61,
    0x74, 0x69, 0x6f, 0x6e, 0x73, 0x40, 0x01, 0x40, 0x01, 0xa0, 0x01, 0x07, 0x2a, 0x0c, 0x0a, 0x05,
    0x67, 0x72, 0x6f, 0x75, 0x70, 0x18, 0x40, 0xa0, 0x01, 0x02, 0x2a, 0x15, 0x0a, 0x0c, 0x6b, 0x65,
    0x72, 0x6e, 0x65, 0x6c, 0x5f, 0x73, 0x68, 0x61, 0x70, 0x65, 0x40, 0x01, 0x40, 0x03, 0xa0, 0x01,
    0x07, 0x2a, 0x11, 0x0a, 0x04, 0x70, 0x61, 0x64, 0x73, 0x40, 0x00, 0x40, 0x01, 0x40, 0x00, 0x40,
    0x01, 0xa0, 0x01, 0x07, 0x2a, 0x10, 0x0a, 0x07, 0x73, 0x74, 0x72, 0x69, 0x64, 0x65, 0x73, 0x40,
    0x01, 0x40, 0x01, 0xa0, 0x01, 0x07, 0x0a, 0xcf, 0x01, 0x0a, 0x1a, 0x2f, 0x65, 0x72, 0x62, 0x5f,
    0x63, 0x6f, 0x6e, 0x76, 0x33, 0x2f, 0x30, 0x2f, 0x43, 0x6f, 0x6e, 0x76, 0x5f, 0x6f, 0x75, 0x74,
    0x70, 0x75, 0x74, 0x5f, 0x30, 0x0a, 0x0e, 0x6f, 0x6e, 0x6e, 0x78, 0x3a, 0x3a, 0x43, 0x6f, 0x6e,
    0x76, 0x5f, 0x32, 0x39, 0x31, 0x0a, 0x0e, 0x6f, 0x6e, 0x6e, 0x78, 0x3a, 0x3a, 0x43, 0x6f, 0x6e,
    0x76, 0x5f, 0x32, 0x39, 0x32, 0x12, 0x1a, 0x2f, 0x65, 0x72, 0x62, 0x5f, 0x63, 0x6f, 0x6e, 0x76,
    0x33, 0x2f, 0x31, 0x2f, 0x43, 0x6f, 0x6e, 0x76, 0x5f, 0x6f, 0x75, 0x74, 0x70, 0x75, 0x74, 0x5f,
    0x30, 0x1a, 0x11, 0x2f, 0x65, 0x72, 0x62, 0x5f, 0x63, 0x6f, 0x6e, 0x76, 0x33, 0x2f, 0x31, 0x2f,
    0x43, 0x6f, 0x6e, 0x76, 0x22, 0x04, 0x43, 0x6f, 0x6e, 0x76, 0x2a, 0x12, 0x0a, 0x09, 0x64, 0x69,
    0x6c, 0x61, 0x74, 0x69, 0x6f, 0x6e, 0x73, 0x40, 0x01, 0x40, 0x01, 0xa0, 0x01, 0x07, 0x2a, 0x0c,
    0x0a, 0x05, 0x67, 0x72, 0x6f, 0x75, 0x70, 0x18, 0x01, 0xa0, 0x01, 0x02, 0x2a, 0x15, 0x0a, 0x0c,
    0x6b, 0x65, 0x72, 0x6e, 0x65, 0x6c, 0x5f, 0x73, 0x68, 0x61, 0x70, 0x65, 0x40, 0x01, 0x40, 0x01,
    0xa0, 0x01, 0x07, 0x2a, 0x11, 0x0a, 0x04, 0x70, 0x61, 0x64, 0x73, 0x40, 0x00, 0x40, 0x00, 0x40,
    0x00, 0x40, 0x00, 0xa0, 0x01, 0x07, 0x2a, 0x10, 0x0a, 0x07, 0x73, 0x74, 0x72, 0x69, 0x64, 0x65,
    0x73, 0x40, 0x01, 0x40, 0x01, 0xa0, 0x01, 0x07, 0x0a, 0x39, 0x0a, 0x1a, 0x2f, 0x65, 0x72, 0x62,
    0x5f, 0x63, 0x6f, 0x6e, 0x76, 0x33, 0x2f, 0x31, 0x2f, 0x43, 0x6f, 0x6e, 0x76, 0x5f, 0x6f, 0x75,
    0x74, 0x70, 0x75, 0x74, 0x5f, 0x30, 0x12, 0x02, 0x65, 0x33, 0x1a, 0x11, 0x2f, 0x65, 0x72, 0x62,
    0x5f, 0x63, 0x6f, 0x6e, 0x76, 0x33, 0x2f, 0x33, 0x2f, 0x52, 0x65, 0x6c, 0x75, 0x22, 0x04, 0x52,
    0x65, 0x6c, 0x75, 0x0a, 0x46, 0x0a, 0x0a, 0x73, 0x70, 0x65, 0x63, 0x5f, 0x63, 0x61, 0x63, 0x68,
    0x65, 0x0a, 0x09, 0x66, 0x65, 0x61, 0x74, 0x5f, 0x73, 0x70, 0x65, 0x63, 0x12, 0x18, 0x2f, 0x64,
    0x66, 0x5f, 0x63, 0x6f, 0x6e, 0x76, 0x30, 0x2f, 0x30, 0x2f, 0x50, 0x61, 0x64, 0x5f, 0x6f, 0x75,
    0x74, 0x70, 0x75, 0x74, 0x5f, 0x30, 0x22, 0x06, 0x43, 0x6f, 0x6e, 0x63, 0x61, 0x74, 0x2a, 0x0b,
    0x0a, 0x04, 0x61, 0x78, 0x69, 0x73, 0x18, 0x02, 0xa0, 0x01, 0x02, 0x0a, 0xbe, 0x01, 0x0a, 0x18,
    0x2f, 0x64, 0x66, 0x5f, 0x63, 0x6f, 0x6e, 0x76, 0x30, 0x2f, 0x30, 0x2f, 0x50, 0x61, 0x64, 0x5f,
    0x6f, 0x75, 0x74, 0x70, 0x75, 0x74, 0x5f, 0x30, 0x0a, 0x11, 0x64, 0x66, 0x5f, 0x63, 0x6f, 0x6e,
    0x76, 0x30, 0x2e, 0x31, 0x2e, 0x77, 0x65, 0x69, 0x67, 0x68, 0x74, 0x12, 0x19, 0x2f, 0x64, 0x66,
    0x5f, 0x63, 0x6f, 0x6e, 0x76, 0x30, 0x2f, 0x31, 0x2f, 0x43, 0x6f, 0x6e, 0x76, 0x5f, 0x6f, 0x75,
    0x74, 0x70, 0x75, 0x74, 0x5f, 0x30, 0x1a, 0x10, 0x2f, 0x64, 0x66, 0x5f, 0x63, 0x6f, 0x6e, 0x76,
    0x30, 0x2f, 0x31, 0x2f, 0x43, 0x6f, 0x6e, 0x76, 0x22, 0x04, 0x43, 0x6f, 0x6e, 0x76, 0x2a, 0x12,
    0x0a, 0x09, 0x64, 0x69, 0x6c, 0x61, 0x74, 0x69, 0x6f, 0x6e, 0x73, 0x40, 0x01, 0x40, 0x01, 0xa0,
    0x01, 0x07, 0x2a, 0x0c, 0x0a, 0x05, 0x67, 0x72, 0x6f, 0x75, 0x70, 0x18, 0x02, 0xa0, 0x01, 0x02,
    0x2a, 0x15, 0x0a, 0x0c, 0x6b, 0x65, 0x72, 0x6e, 0x65, 0x6c, 0x5f, 0x73, 0x68, 0x61, 0x70, 0x65,
    0x40, 0x03, 0x40, 0x03, 0xa0, 0x01, 0x07, 0x2a, 0x11, 0x0a, 0x04, 0x70, 0x61, 0x64, 0x73, 0x40,
    0x00, 0x40, 0x01, 0x40, 0x00, 0x40, 0x01, 0xa0, 0x01, 0x07, 0x2a, 0x10, 0x0a, 0x07, 0x73, 0x74,
    0x72, 0x69, 0x64, 0x65, 0x73, 0x40, 0x01, 0x40, 0x01, 0xa0, 0x01, 0x07, 0x0a, 0xcc, 0x01, 0x0a,
    0x19, 0x2f, 0x64, 0x66, 0x5f, 0x63, 0x6f, 0x6e, 0x76, 0x30, 0x2f, 0x31, 0x2f, 0x43, 0x6f, 0x6e,
    0x76, 0x5f, 0x6f, 0x75, 0x74, 0x70, 0x75, 0x74, 0x5f, 0x30, 0x0a, 0x0e, 0x6f, 0x6e, 0x6e, 0x78,
    0x3a, 0x3a, 0x43, 0x6f, 0x6e, 0x76, 0x5f, 0x32, 0x39, 0x34, 0x0a, 0x0e, 0x6f, 0x6e, 0x6e, 0x78,
    0x3a, 0x3a, 0x43, 0x6f, 0x6e, 0x76, 0x5f, 0x32, 0x39, 0x35, 0x12, 0x19, 0x2f, 0x64, 0x66, 0x5f,
    0x63, 0x6f, 0x6e, 0x76, 0x30, 0x2f, 0x32, 0x2f, 0x43, 0x6f, 0x6e, 0x76, 0x5f, 0x6f, 0x75, 0x74,
    0x70, 0x75, 0x74, 0x5f, 0x30, 0x1a, 0x10, 0x2f, 0x64, 0x66, 0x5f, 0x63, 0x6f, 0x6e, 0x76, 0x30,
    0x2f, 0x32, 0x2f, 0x43, 0x6f, 0x6e, 0x76, 0x22, 0x04, 0x43, 0x6f, 0x6e, 0x76, 0x2a, 0x12, 0x0a,
    0x09, 0x64, 0x69, 0x6c, 0x61, 0x74, 0x69, 0x6f, 0x6e, 0x73, 0x40, 0x01, 0x40, 0x01, 0xa0, 0x01,
    0x07, 0x2a, 0x0c, 0x0a, 0x05, 0x67, 0x72, 0x6f, 0x75, 0x70, 0x18, 0x01, 0xa0, 0x01, 0x02, 0x2a,
    0x15, 0x0a, 0x0c, 0x6b, 0x65, 0x72, 0x6e, 0x65, 0x6c, 0x5f, 0x73, 0x68, 0x61, 0x70, 0x65, 0x40,
    0x01, 0x40, 0x01, 0xa0, 0x01, 0x07, 0x2a, 0x11, 0x0a, 0x04, 0x70, 0x61, 0x64, 0x73, 0x40, 0x00,
    0x40, 0x00, 0x40, 0x00, 0x40, 0x00, 0xa0, 0x01, 0x07, 0x2a, 0x10, 0x0a, 0x07, 0x73, 0x74, 0x72,
    0x69, 0x64, 0x65, 0x73, 0x40, 0x01, 0x40, 0x01, 0xa0, 0x01, 0x07, 0x0a, 0x37, 0x0a, 0x19, 0x2f,
    0x64, 0x66, 0x5f, 0x63, 0x6f, 0x6e, 0x76, 0x30, 0x2f, 0x32, 0x2f, 0x43, 0x6f, 0x6e, 0x76, 0x5f,
    0x6f, 0x75, 0x74, 0x70, 0x75, 0x74, 0x5f, 0x30, 0x12, 0x02, 0x63, 0x30, 0x1a, 0x10, 0x2f, 0x64,
    0x66, 0x5f, 0x63, 0x6f, 0x6e, 0x76, 0x30, 0x2f, 0x34, 0x2f, 0x52, 0x65, 0x6c, 0x75, 0x22, 0x04,
    0x52, 0x65, 0x6c, 0x75, 0x0a, 0xa4, 0x01, 0x0a, 0x02, 0x63, 0x30, 0x0a, 0x11, 0x64, 0x66, 0x5f,
    0x63, 0x6f, 0x6e, 0x76, 0x31, 0x2e, 0x30, 0x2e, 0x77, 0x65, 0x69, 0x67, 0x68, 0x74, 0x12, 0x17,
    0x2f, 0x64, 0x66, 0x5f, 0x63, 0x6f, 0x6e, 0x76, 0x31, 0x2f, 0x43, 0x6f, 0x6e, 0x76, 0x5f, 0x6f,
    0x75, 0x74, 0x70, 0x75, 0x74, 0x5f, 0x30, 0x1a, 0x0e, 0x2f, 0x64, 0x66, 0x5f, 0x63, 0x6f, 0x6e,
    0x76, 0x31, 0x2f, 0x43, 0x6f, 0x6e, 0x76, 0x22, 0x04, 0x43, 0x6f, 0x6e, 0x76, 0x2a, 0x12, 0x0a,
    0x09, 0x64, 0x69, 0x6c, 0x61, 0x74, 0x69, 0x6f, 0x6e, 0x73, 0x40, 0x01, 0x40, 0x01, 0xa0, 0x01,
    0x07, 0x2a, 0x0c, 0x0a, 0x05, 0x67, 0x72, 0x6f, 0x75, 0x70, 0x18, 0x40, 0xa0, 0x01, 0x02, 0x2a,
    0x15, 0x0a, 0x0c, 0x6b, 0x65, 0x72, 0x6e, 0x65, 0x6c, 0x5f, 0x73, 0x68, 0x61, 0x70, 0x65, 0x40,
    0x01, 0x40, 0x03, 0xa0, 0x01, 0x07, 0x2a, 0x11, 0x0a, 0x04, 0x70, 0x61, 0x64, 0x73, 0x40, 0x00,
    0x40, 0x01, 0x40, 0x00, 0x40, 0x01, 0xa0, 0x01, 0x07, 0x2a, 0x10, 0x0a, 0x07, 0x73, 0x74, 0x72,
    0x69, 0x64, 0x65, 0x73, 0x40, 0x01, 0x40, 0x02, 0xa0, 0x01, 0x07, 0x0a, 0xca, 0x01, 0x0a, 0x17,
    0x2f, 0x64, 0x66, 0x5f, 0x63, 0x6f, 0x6e, 0x76, 0x31, 0x2f, 0x43, 0x6f, 0x6e, 0x76, 0x5f, 0x6f,
    0x75, 0x74, 0x70, 0x75, 0x74, 0x5f, 0x30, 0x0a, 0x0e, 0x6f, 0x6e, 0x6e, 0x78, 0x3a, 0x3a, 0x43,
    0x6f, 0x6e, 0x76, 0x5f, 0x32, 0x39, 0x37, 0x0a, 0x0e, 0x6f, 0x6e, 0x6e, 0x78, 0x3a, 0x3a, 0x43,
    0x6f, 0x6e, 0x76, 0x5f, 0x32, 0x39, 0x38, 0x12, 0x19, 0x2f, 0x64, 0x66, 0x5f, 0x63, 0x6f, 0x6e,
    0x76, 0x31, 0x2f, 0x43, 0x6f, 0x6e, 0x76, 0x5f, 0x31, 0x5f, 0x6f, 0x75, 0x74, 0x70, 0x75, 0x74,
    0x5f, 0x30, 0x1a, 0x10, 0x2f, 0x64, 0x66, 0x5f, 0x63, 0x6f, 0x6e, 0x76, 0x31, 0x2f, 0x43, 0x6f,
    0x6e, 0x76, 0x5f, 0x31, 0x22, 0x04, 0x43, 0x6f, 0x6e, 0x76, 0x2a, 0x12, 0x0a, 0x09, 0x64, 0x69,
    0x6c, 0x61, 0x74, 0x69, 0x6f, 0x6e, 0x73, 0x40, 0x01, 0x40, 0x01, 0xa0, 0x01, 0x07, 0x2a, 0x0c,
    0x0a, 0x05, 0x67, 0x72, 0x6f, 0x75, 0x70, 0x18, 0x01, 0xa0, 0x01, 0x02, 0x2a, 0x15, 0x0a, 0x0c,
    0x6b, 0x65, 0x72, 0x6e, 0x65, 0x6c, 0x5f, 0x73, 0x68, 0x61, 0x70, 0x65, 0x40, 0x01, 0x40, 0x01,
    0xa0, 0x01, 0x07, 0x2a, 0x11, 0x0a, 0x04, 0x70, 0x61, 0x64, 0x73, 0x40, 0x00, 0x40, 0x00, 0x40,
    0x00, 0x40, 0x00, 0xa0, 0x01, 0x07, 0x2a, 0x10, 0x0a, 0x07, 0x73, 0x74, 0x72, 0x69, 0x64, 0x65,
    0x73, 0x40, 0x01, 0x40, 0x01, 0xa0, 0x01, 0x07, 0x0a, 0x4a, 0x0a, 0x19, 0x2f, 0x64, 0x66, 0x5f,
    0x63, 0x6f, 0x6e, 0x76, 0x31, 0x2f, 0x43, 0x6f, 0x6e, 0x76, 0x5f, 0x31, 0x5f, 0x6f, 0x75, 0x74,
    0x70, 0x75, 0x74, 0x5f, 0x30, 0x12, 0x17, 0x2f, 0x64, 0x66, 0x5f, 0x63, 0x6f, 0x6e, 0x76, 0x31,
    0x2f, 0x52, 0x65, 0x6c, 0x75, 0x5f, 0x6f, 0x75, 0x74, 0x70, 0x75, 0x74, 0x5f, 0x30, 0x1a, 0x0e,
    0x2f, 0x64, 0x66, 0x5f, 0x63, 0x6f, 0x6e, 0x76, 0x31, 0x2f, 0x52, 0x65, 0x6c, 0x75, 0x22, 0x04,
    0x52, 0x65, 0x6c, 0x75, 0x0a, 0x58, 0x0a, 0x17, 0x2f, 0x64, 0x66, 0x5f, 0x63, 0x6f, 0x6e, 0x76,
    0x31, 0x2f, 0x52, 0x65, 0x6c, 0x75, 0x5f, 0x6f, 0x75, 0x74, 0x70, 0x75, 0x74, 0x5f, 0x30, 0x12,
    0x13, 0x2f, 0x54, 0x72, 0x61, 0x6e, 0x73, 0x70, 0x6f, 0x73, 0x65, 0x5f, 0x6f, 0x75, 0x74, 0x70,
    0x75, 0x74, 0x5f, 0x30, 0x1a, 0x0a, 0x2f, 0x54, 0x72, 0x61, 0x6e, 0x73, 0x70, 0x6f, 0x73, 0x65,
    0x22, 0x09, 0x54, 0x72, 0x61, 0x6e, 0x73, 0x70, 0x6f, 0x73, 0x65, 0x2a, 0x11, 0x0a, 0x04, 0x70,
    0x65, 0x72, 0x6d, 0x40, 0x00, 0x40, 0x02, 0x40, 0x03, 0x40, 0x01, 0xa0, 0x01, 0x07, 0x0a, 0x35,
    0x0a, 0x13, 0x2f, 0x54, 0x72, 0x61, 0x6e, 0x73, 0x70, 0x6f, 0x73, 0x65, 0x5f, 0x6f, 0x75, 0x74,
    0x70, 0x75, 0x74, 0x5f, 0x30, 0x12, 0x0f, 0x2f, 0x53, 0x68, 0x61, 0x70, 0x65, 0x5f, 0x6f, 0x75,
    0x74, 0x70, 0x75, 0x74, 0x5f, 0x30, 0x1a, 0x06, 0x2f, 0x53, 0x68, 0x61, 0x70, 0x65, 0x22, 0x05,
    0x53, 0x68, 0x61, 0x70, 0x65, 0x0a, 0x45, 0x12, 0x12, 0x2f, 0x43, 0x6f, 0x6e, 0x73, 0x74, 0x61,
    0x6e, 0x74, 0x5f, 0x6f, 0x75, 0x74, 0x70, 0x75, 0x74, 0x5f, 0x30, 0x1a, 0x09, 0x2f, 0x43, 0x6f,
    0x6e, 0x73, 0x74, 0x61, 0x6e, 0x74, 0x22, 0x08, 0x43, 0x6f, 0x6e, 0x73, 0x74, 0x61, 0x6e, 0x74,
    0x2a, 0x1a, 0x0a, 0x05, 0x76, 0x61, 0x6c, 0x75, 0x65, 0x2a, 0x0e, 0x08, 0x01, 0x10, 0x07, 0x4a,
    0x08, 0x00, 0x00, 0x00, 0x00, 0x00, 0x00, 0x00, 0x00, 0xa0, 0x01, 0x04, 0x0a, 0x49, 0x12, 0x14,
    0x2f, 0x43, 0x6f, 0x6e, 0x73, 0x74, 0x61, 0x6e, 0x74, 0x5f, 0x31, 0x5f, 0x6f, 0x75, 0x74, 0x70,
    0x75, 0x74, 0x5f, 0x30, 0x1a, 0x0b, 0x2f, 0x43, 0x6f, 0x6e, 0x73, 0x74, 0x61, 0x6e, 0x74, 0x5f,
    0x31, 0x22, 0x08, 0x43, 0x6f, 0x6e, 0x73, 0x74, 0x61, 0x6e, 0x74, 0x2a, 0x1a, 0x0a, 0x05, 0x76,
    0x61, 0x6c, 0x75, 0x65, 0x2a, 0x0e, 0x08, 0x01, 0x10, 0x07, 0x4a, 0x08, 0x00, 0x00, 0x00, 0x00,
    0x00, 0x00, 0x00, 0x00, 0xa0, 0x01, 0x04, 0x0a, 0x49, 0x12, 0x14, 0x2f, 0x43, 0x6f, 0x6e, 0x73,
    0x74, 0x61, 0x6e, 0x74, 0x5f, 0x32, 0x5f, 0x6f, 0x75, 0x74, 0x70, 0x75, 0x74, 0x5f, 0x30, 0x1a,
    0x0b, 0x2f, 0x43, 0x6f, 0x6e, 0x73, 0x74, 0x61, 0x6e, 0x74, 0x5f, 0x32, 0x22, 0x08, 0x43, 0x6f,
    0x6e, 0x73, 0x74, 0x61, 0x6e, 0x74, 0x2a, 0x1a, 0x0a, 0x05, 0x76, 0x61, 0x6c, 0x75, 0x65, 0x2a,
    0x0e, 0x08, 0x01, 0x10, 0x07, 0x4a, 0x08, 0x02, 0x00, 0x00, 0x00, 0x00, 0x00, 0x00, 0x00, 0xa0,
    0x01, 0x04, 0x0a, 0x71, 0x0a, 0x0f, 0x2f, 0x53, 0x68, 0x61, 0x70, 0x65, 0x5f, 0x6f, 0x75, 0x74,
    0x70, 0x75, 0x74, 0x5f, 0x30, 0x0a, 0x14, 0x2f, 0x43, 0x6f, 0x6e, 0x73, 0x74, 0x61, 0x6e, 0x74,
    0x5f, 0x31, 0x5f, 0x6f, 0x75, 0x74, 0x70, 0x75, 0x74, 0x5f, 0x30, 0x0a, 0x14, 0x2f, 0x43, 0x6f,
    0x6e, 0x73, 0x74, 0x61, 0x6e, 0x74, 0x5f, 0x32, 0x5f, 0x6f, 0x75, 0x74, 0x70, 0x75, 0x74, 0x5f,
    0x30, 0x0a, 0x12, 0x2f, 0x43, 0x6f, 0x6e, 0x73, 0x74, 0x61, 0x6e, 0x74, 0x5f, 0x6f, 0x75, 0x74,
    0x70, 0x75, 0x74, 0x5f, 0x30, 0x12, 0x0f, 0x2f, 0x53, 0x6c, 0x69, 0x63, 0x65, 0x5f, 0x6f, 0x75,
    0x74, 0x70, 0x75, 0x74, 0x5f, 0x30, 0x1a, 0x06, 0x2f, 0x53, 0x6c, 0x69, 0x63, 0x65, 0x22, 0x05,
    0x53, 0x6c, 0x69, 0x63, 0x65, 0x0a, 0x49, 0x12, 0x14, 0x2f, 0x43, 0x6f, 0x6e, 0x73, 0x74, 0x61,
    0x6e, 0x74, 0x5f, 0x33, 0x5f, 0x6f, 0x75, 0x74, 0x70, 0x75, 0x74, 0x5f, 0x30, 0x1a, 0x0b, 0x2f,
    0x43, 0x6f, 0x6e, 0x73, 0x74, 0x61, 0x6e, 0x74, 0x5f, 0x33, 0x22, 0x08, 0x43, 0x6f, 0x6e, 0x73,
    0x74, 0x61, 0x6e, 0x74, 0x2a, 0x1a, 0x0a, 0x05, 0x76, 0x61, 0x6c, 0x75, 0x65, 0x2a, 0x0e, 0x08,
    0x01, 0x10, 0x07, 0x4a, 0x08, 0xff, 0xff, 0xff, 0xff, 0xff, 0xff, 0xff, 0xff, 0xa0, 0x01, 0x04,
    0x0a, 0x57, 0x0a, 0x0f, 0x2f, 0x53, 0x6c, 0x69, 0x63, 0x65, 0x5f, 0x6f, 0x75, 0x74, 0x70, 0x75,
    0x74, 0x5f, 0x30, 0x0a, 0x14, 0x2f, 0x43, 0x6f, 0x6e, 0x73, 0x74, 0x61, 0x6e, 0x74, 0x5f, 0x33,
    0x5f, 0x6f, 0x75, 0x74, 0x70, 0x75, 0x74, 0x5f, 0x30, 0x12, 0x10, 0x2f, 0x43, 0x6f, 0x6e, 0x63,
    0x61, 0x74, 0x5f, 0x6f, 0x75, 0x74, 0x70, 0x75, 0x74, 0x5f, 0x30, 0x1a, 0x07, 0x2f, 0x43, 0x6f,
    0x6e, 0x63, 0x61, 0x74, 0x22, 0x06, 0x43, 0x6f, 0x6e, 0x63, 0x61, 0x74, 0x2a, 0x0b, 0x0a, 0x04,
    0x61, 0x78, 0x69, 0x73, 0x18, 0x00, 0xa0, 0x01, 0x02, 0x0a, 0x4d, 0x0a, 0x13, 0x2f, 0x54, 0x72,
    0x61, 0x6e, 0x73, 0x70, 0x6f, 0x73, 0x65, 0x5f, 0x6f, 0x75, 0x74, 0x70, 0x75, 0x74, 0x5f, 0x30,
    0x0a, 0x10, 0x2f, 0x43, 0x6f, 0x6e, 0x63, 0x61, 0x74, 0x5f, 0x6f, 0x75, 0x74, 0x70, 0x75, 0x74,
    0x5f, 0x30, 0x12, 0x11, 0x2f, 0x52, 0x65, 0x73, 0x68, 0x61, 0x70, 0x65, 0x5f, 0x6f, 0x75, 0x74,
    0x70, 0x75, 0x74, 0x5f, 0x30, 0x1a, 0x08, 0x2f, 0x52, 0x65, 0x73, 0x68, 0x61, 0x70, 0x65, 0x22,
    0x07, 0x52, 0x65, 0x73, 0x68, 0x61, 0x70, 0x65, 0x0a, 0x4b, 0x0a, 0x11, 0x2f, 0x52, 0x65, 0x73,
    0x68, 0x61, 0x70, 0x65, 0x5f, 0x6f, 0x75, 0x74, 0x70, 0x75, 0x74, 0x5f, 0x30, 0x12, 0x1b, 0x2f,
    0x64, 0x66, 0x5f, 0x66, 0x63, 0x5f, 0x65, 0x6d, 0x62, 0x2f, 0x30, 0x2f, 0x53, 0x68, 0x61, 0x70,
    0x65, 0x5f, 0x6f, 0x75, 0x74, 0x70, 0x75, 0x74, 0x5f, 0x30, 0x1a, 0x12, 0x2f, 0x64, 0x66, 0x5f,
    0x66, 0x63, 0x5f, 0x65, 0x6d, 0x62, 0x2f, 0x30, 0x2f, 0x53, 0x68, 0x61, 0x70, 0x65, 0x22, 0x05,
    0x53, 0x68, 0x61, 0x70, 0x65, 0x0a, 0x43, 0x12, 0x10, 0x6f, 0x6e, 0x6e, 0x78, 0x3a, 0x3a, 0x47,
    0x61, 0x74, 0x68, 0x65, 0x72, 0x5f, 0x31, 0x33, 0x31, 0x1a, 0x0b, 0x43, 0x6f, 0x6e, 0x73, 0x74,
    0x61, 0x6e, 0x74, 0x5f, 0x36, 0x31, 0x22, 0x08, 0x43, 0x6f, 0x6e, 0x73, 0x74, 0x61, 0x6e, 0x74,
    0x2a, 0x18, 0x0a, 0x05, 0x76, 0x61, 0x6c, 0x75, 0x65, 0x2a, 0x0c, 0x10, 0x07, 0x4a, 0x08, 0x00,
    0x00, 0x00, 0x00, 0x00, 0x00, 0x00, 0x00, 0xa0, 0x01, 0x04, 0x0a, 0x6a, 0x0a, 0x1b, 0x2f, 0x64,
    0x66, 0x5f, 0x66, 0x63, 0x5f, 0x65, 0x6d, 0x62, 0x2f, 0x30, 0x2f, 0x53, 0x68, 0x61, 0x70, 0x65,
    0x5f, 0x6f, 0x75, 0x74, 0x70, 0x75, 0x74, 0x5f, 0x30, 0x0a, 0x10, 0x6f, 0x6e, 0x6e, 0x78, 0x3a,
    0x3a, 0x47, 0x61, 0x74, 0x68, 0x65, 0x72, 0x5f, 0x31, 0x33, 0x31, 0x12, 0x1c, 0x2f, 0x64, 0x66,
    0x5f, 0x66, 0x63, 0x5f, 0x65, 0x6d, 0x62, 0x2f, 0x30, 0x2f, 0x47, 0x61, 0x74, 0x68, 0x65, 0x72,
    0x5f, 0x6f, 0x75, 0x74, 0x70, 0x75, 0x74, 0x5f, 0x30, 0x1a, 0x13, 0x2f, 0x64, 0x66, 0x5f, 0x66,
    0x63, 0x5f, 0x65, 0x6d, 0x62, 0x2f, 0x30, 0x2f, 0x47, 0x61, 0x74, 0x68, 0x65, 0x72, 0x22, 0x06,
    0x47, 0x61, 0x74, 0x68, 0x65, 0x72, 0x0a, 0x43, 0x12, 0x10, 0x6f, 0x6e, 0x6e, 0x78, 0x3a, 0x3a,
    0x47, 0x61, 0x74, 0x68, 0x65, 0x72, 0x5f, 0x31, 0x33, 0x33, 0x1a, 0x0b, 0x43, 0x6f, 0x6e, 0x73,
    0x74, 0x61, 0x6e, 0x74, 0x5f, 0x36, 0x33, 0x22, 0x08, 0x43, 0x6f, 0x6e, 0x73, 0x74, 0x61, 0x6e,
    0x74, 0x2a, 0x18, 0x0a, 0x05, 0x76, 0x61, 0x6c, 0x75, 0x65, 0x2a, 0x0c, 0x10, 0x07, 0x4a, 0x08,
    0x01, 0x00, 0x00, 0x00, 0x00, 0x00, 0x00, 0x00, 0xa0, 0x01, 0x04, 0x0a, 0x6e, 0x0a, 0x1b, 0x2f,
    0x64, 0x66, 0x5f, 0x66, 0x63, 0x5f, 0x65, 0x6d, 0x62, 0x2f, 0x30, 0x2f, 0x53, 0x68, 0x61, 0x70,
    0x65, 0x5f, 0x6f, 0x75, 0x74, 0x70, 0x75, 0x74, 0x5f, 0x30, 0x0a, 0x10, 0x6f, 0x6e, 0x6e, 0x78,
    0x3a, 0x3a, 0x47, 0x61, 0x74, 0x68, 0x65, 0x72, 0x5f, 0x31, 0x33, 0x33, 0x12, 0x1e, 0x2f, 0x64,
    0x66, 0x5f, 0x66, 0x63, 0x5f, 0x65, 0x6d, 0x62, 0x2f, 0x30, 0x2f, 0x47, 0x61, 0x74, 0x68, 0x65,
    0x72, 0x5f, 0x31, 0x5f, 0x6f, 0x75, 0x74, 0x70, 0x75, 0x74, 0x5f, 0x30, 0x1a, 0x15, 0x2f, 0x64,
    0x66, 0x5f, 0x66, 0x63, 0x5f, 0x65, 0x6d, 0x62, 0x2f, 0x30, 0x2f, 0x47, 0x61, 0x74, 0x68, 0x65,
    0x72, 0x5f, 0x31, 0x22, 0x06, 0x47, 0x61, 0x74, 0x68, 0x65, 0x72, 0x0a, 0x6f, 0x0a, 0x1c, 0x2f,
    0x64, 0x66, 0x5f, 0x66, 0x63, 0x5f, 0x65, 0x6d, 0x62, 0x2f, 0x30, 0x2f, 0x47, 0x61, 0x74, 0x68,
    0x65, 0x72, 0x5f, 0x6f, 0x75, 0x74, 0x70, 0x75, 0x74, 0x5f, 0x30, 0x12, 0x1f, 0x2f, 0x64, 0x66,
    0x5f, 0x66, 0x63, 0x5f, 0x65, 0x6d, 0x62, 0x2f, 0x30, 0x2f, 0x55, 0x6e, 0x73, 0x71, 0x75, 0x65,
    0x65, 0x7a, 0x65, 0x5f, 0x6f, 0x75, 0x74, 0x70, 0x75, 0x74, 0x5f, 0x30, 0x1a, 0x16, 0x2f, 0x64,
    0x66, 0x5f, 0x66, 0x63, 0x5f, 0x65, 0x6d, 0x62, 0x2f, 0x30, 0x2f, 0x55, 0x6e, 0x73, 0x71, 0x75,
    0x65, 0x65, 0x7a, 0x65, 0x22, 0x09, 0x55, 0x6e, 0x73, 0x71, 0x75, 0x65, 0x65, 0x7a, 0x65, 0x2a,
    0x0b, 0x0a, 0x04, 0x61, 0x78, 0x65, 0x73, 0x40, 0x00, 0xa0, 0x01, 0x07, 0x0a, 0x75, 0x0a, 0x1e,
    0x2f, 0x64, 0x66, 0x5f, 0x66, 0x63, 0x5f, 0x65, 0x6d, 0x62, 0x2f, 0x30, 0x2f, 0x47, 0x61, 0x74,
    0x68, 0x65, 0x72, 0x5f, 0x31, 0x5f, 0x6f, 0x75, 0x74, 0x70, 0x75, 0x74, 0x5f, 0x30, 0x12, 0x21,
    0x2f, 0x64, 0x66, 0x5f, 0x66, 0x63, 0x5f, 0x65, 0x6d, 0x62, 0x2f, 0x30, 0x2f, 0x55, 0x6e, 0x73,
    0x71, 0x75, 0x65, 0x65, 0x7a, 0x65, 0x5f, 0x31, 0x5f, 0x6f, 0x75, 0x74, 0x70, 0x75, 0x74, 0x5f,
    0x30, 0x1a, 0x18, 0x2f, 0x64, 0x66, 0x5f, 0x66, 0x63, 0x5f, 0x65, 0x6d, 0x62, 0x2f, 0x30, 0x2f,
    0x55, 0x6e, 0x73, 0x71, 0x75, 0x65, 0x65, 0x7a, 0x65, 0x5f, 0x31, 0x22, 0x09, 0x55, 0x6e, 0x73,
    0x71, 0x75, 0x65, 0x65, 0x7a, 0x65, 0x2a, 0x0b, 0x0a, 0x04, 0x61, 0x78, 0x65, 0x73, 0x40, 0x00,
    0xa0, 0x01, 0x07, 0x0a, 0x5d, 0x12, 0x1e, 0x2f, 0x64, 0x66, 0x5f, 0x66, 0x63, 0x5f, 0x65, 0x6d,
    0x62, 0x2f, 0x30, 0x2f, 0x43, 0x6f, 0x6e, 0x73, 0x74, 0x61, 0x6e, 0x74, 0x5f, 0x6f, 0x75, 0x74,
    0x70, 0x75, 0x74, 0x5f, 0x30, 0x1a, 0x15, 0x2f, 0x64, 0x66, 0x5f, 0x66, 0x63, 0x5f, 0x65, 0x6d,
    0x62, 0x2f, 0x30, 0x2f, 0x43, 0x6f, 0x6e, 0x73, 0x74, 0x61, 0x6e, 0x74, 0x22, 0x08, 0x43, 0x6f,
    0x6e, 0x73, 0x74, 0x61, 0x6e, 0x74, 0x2a, 0x1a, 0x0a, 0x05, 0x76, 0x61, 0x6c, 0x75, 0x65, 0x2a,
    0x0e, 0x08, 0x01, 0x10, 0x07, 0x4a, 0x08, 0x20, 0x00, 0x00, 0x00, 0x00, 0x00, 0x00, 0x00, 0xa0,
    0x01, 0x04, 0x0a, 0x61, 0x12, 0x20, 0x2f, 0x64, 0x66, 0x5f, 0x66, 0x63, 0x5f, 0x65, 0x6d, 0x62,
    0x2f, 0x30, 0x2f, 0x43, 0x6f, 0x6e, 0x73, 0x74, 0x61, 0x6e, 0x74, 0x5f, 0x31, 0x5f, 0x6f, 0x75,
    0x74, 0x70, 0x75, 0x74, 0x5f, 0x30, 0x1a, 0x17, 0x2f, 0x64, 0x66, 0x5f, 0x66, 0x63, 0x5f, 0x65,
    0x6d, 0x62, 0x2f, 0x30, 0x2f, 0x43, 0x6f, 0x6e, 0x73, 0x74, 0x61, 0x6e, 0x74, 0x5f, 0x31, 0x22,
    0x08, 0x43, 0x6f, 0x6e, 0x73, 0x74, 0x61, 0x6e, 0x74, 0x2a, 0x1a, 0x0a, 0x05, 0x76, 0x61, 0x6c,
    0x75, 0x65, 0x2a, 0x0e, 0x08, 0x01, 0x10, 0x07, 0x4a, 0x08, 0x60, 0x00, 0x00, 0x00, 0x00, 0x00,
    0x00, 0x00, 0xa0, 0x01, 0x04, 0x0a, 0xce, 0x01, 0x0a, 0x1f, 0x2f, 0x64, 0x66, 0x5f, 0x66, 0x63,
    0x5f, 0x65, 0x6d, 0x62, 0x2f, 0x30, 0x2f, 0x55, 0x6e, 0x73, 0x71, 0x75, 0x65, 0x65, 0x7a, 0x65,
    0x5f, 0x6f, 0x75, 0x74, 0x70, 0x75, 0x74, 0x5f, 0x30, 0x0a, 0x21, 0x2f, 0x64, 0x66, 0x5f, 0x66,
    0x63, 0x5f, 0x65, 0x6d, 0x62, 0x2f, 0x30, 0x2f, 0x55, 0x6e, 0x73, 0x71, 0x75, 0x65, 0x65, 0x7a,
    0x65, 0x5f, 0x31, 0x5f, 0x6f, 0x75, 0x74, 0x70, 0x75, 0x74, 0x5f, 0x30, 0x0a, 0x1e, 0x2f, 0x64,
    0x66, 0x5f, 0x66, 0x63, 0x5f, 0x65, 0x6d, 0x62, 0x2f, 0x30, 0x2f, 0x43, 0x6f, 0x6e, 0x73, 0x74,
    0x61, 0x6e, 0x74, 0x5f, 0x6f, 0x75, 0x74, 0x70, 0x75, 0x74, 0x5f, 0x30, 0x0a, 0x20, 0x2f, 0x64,
    0x66, 0x5f, 0x66, 0x63, 0x5f, 0x65, 0x6d, 0x62, 0x2f, 0x30, 0x2f, 0x43, 0x6f, 0x6e, 0x73, 0x74,
    0x61, 0x6e, 0x74, 0x5f, 0x31, 0x5f, 0x6f, 0x75, 0x74, 0x70, 0x75, 0x74, 0x5f, 0x30, 0x12, 0x1c,
    0x2f, 0x64, 0x66, 0x5f, 0x66, 0x63, 0x5f, 0x65, 0x6d, 0x62, 0x2f, 0x30, 0x2f, 0x43, 0x6f, 0x6e,
    0x63, 0x61, 0x74, 0x5f, 0x6f, 0x75, 0x74, 0x70, 0x75, 0x74, 0x5f, 0x30, 0x1a, 0x13, 0x2f, 0x64,
    0x66, 0x5f, 0x66, 0x63, 0x5f, 0x65, 0x6d, 0x62, 0x2f, 0x30, 0x2f, 0x43, 0x6f, 0x6e, 0x63, 0x61,
    0x74, 0x22, 0x06, 0x43, 0x6f, 0x6e, 0x63, 0x61, 0x74, 0x2a, 0x0b, 0x0a, 0x04, 0x61, 0x78, 0x69,
    0x73, 0x18, 0x00, 0xa0, 0x01, 0x02, 0x0a, 0x6f, 0x0a, 0x11, 0x2f, 0x52, 0x65, 0x73, 0x68, 0x61,
    0x70, 0x65, 0x5f, 0x6f, 0x75, 0x74, 0x70, 0x75, 0x74, 0x5f, 0x30, 0x0a, 0x1c, 0x2f, 0x64, 0x66,
    0x5f, 0x66, 0x63, 0x5f, 0x65, 0x6d, 0x62, 0x2f, 0x30, 0x2f, 0x43, 0x6f, 0x6e, 0x63, 0x61, 0x74,
    0x5f, 0x6f, 0x75, 0x74, 0x70, 0x75, 0x74, 0x5f, 0x30, 0x12, 0x1d, 0x2f, 0x64, 0x66, 0x5f, 0x66,
    0x63, 0x5f, 0x65, 0x6d, 0x62, 0x2f, 0x30, 0x2f, 0x52, 0x65, 0x73, 0x68, 0x61, 0x70, 0x65, 0x5f,
    0x6f, 0x75, 0x74, 0x70, 0x75, 0x74, 0x5f, 0x30, 0x1a, 0x14, 0x2f, 0x64, 0x66, 0x5f, 0x66, 0x63,
    0x5f, 0x65, 0x6d, 0x62, 0x2f, 0x30, 0x2f, 0x52, 0x65, 0x73, 0x68, 0x61, 0x70, 0x65, 0x22, 0x07,
    0x52, 0x65, 0x73, 0x68, 0x61, 0x70, 0x65, 0x0a, 0x8d, 0x01, 0x0a, 0x1d, 0x2f, 0x64, 0x66, 0x5f,
    0x66, 0x63, 0x5f, 0x65, 0x6d, 0x62, 0x2f, 0x30, 0x2f, 0x52, 0x65, 0x73, 0x68, 0x61, 0x70, 0x65,
    0x5f, 0x6f, 0x75, 0x74, 0x70, 0x75, 0x74, 0x5f, 0x30, 0x0a, 0x12, 0x64, 0x66, 0x5f, 0x66, 0x63,
    0x5f, 0x65, 0x6d, 0x62, 0x2e, 0x30, 0x2e, 0x77, 0x65, 0x69, 0x67, 0x68, 0x74, 0x12, 0x1c, 0x2f,
    0x64, 0x66, 0x5f, 0x66, 0x63, 0x5f, 0x65, 0x6d, 0x62, 0x2f, 0x30, 0x2f, 0x45, 0x69, 0x6e, 0x73,
    0x75, 0x6d, 0x5f, 0x6f, 0x75, 0x74, 0x70, 0x75, 0x74, 0x5f, 0x30, 0x1a, 0x13, 0x2f, 0x64, 0x66,
    0x5f, 0x66, 0x63, 0x5f, 0x65, 0x6d, 0x62, 0x2f, 0x30, 0x2f, 0x45, 0x69, 0x6e, 0x73, 0x75, 0x6d,
    0x22, 0x06, 0x45, 0x69, 0x6e, 0x73, 0x75, 0x6d, 0x2a, 0x1d, 0x0a, 0x08, 0x65, 0x71, 0x75, 0x61,
    0x74, 0x69, 0x6f, 0x6e, 0x22, 0x0e, 0x62, 0x74, 0x67, 0x69, 0x2c, 0x67, 0x69, 0x68, 0x2d, 0x3e,
    0x62, 0x74, 0x67, 0x68, 0xa0, 0x01, 0x03, 0x0a, 0x5a, 0x0a, 0x1c, 0x2f, 0x64, 0x66, 0x5f, 0x66,
    0x63, 0x5f, 0x65, 0x6d, 0x62, 0x2f, 0x30, 0x2f, 0x45, 0x69, 0x6e, 0x73, 0x75, 0x6d, 0x5f, 0x6f,
    0x75, 0x74, 0x70, 0x75, 0x74, 0x5f, 0x30, 0x12, 0x1d, 0x2f, 0x64, 0x66, 0x5f, 0x66, 0x63, 0x5f,
    0x65, 0x6d, 0x62, 0x2f, 0x30, 0x2f, 0x53, 0x68, 0x61, 0x70, 0x65, 0x5f, 0x31, 0x5f, 0x6f, 0x75,
    0x74, 0x70, 0x75, 0x74, 0x5f, 0x30, 0x1a, 0x14, 0x2f, 0x64, 0x66, 0x5f, 0x66, 0x63, 0x5f, 0x65,
    0x6d, 0x62, 0x2f, 0x30, 0x2f, 0x53, 0x68, 0x61, 0x70, 0x65, 0x5f, 0x31, 0x22, 0x05, 0x53, 0x68,
    0x61, 0x70, 0x65, 0x0a, 0x61, 0x12, 0x20, 0x2f, 0x64, 0x66, 0x5f, 0x66, 0x63, 0x5f, 0x65, 0x6d,
    0x62, 0x2f, 0x30, 0x2f, 0x43, 0x6f, 0x6e, 0x73, 0x74, 0x61, 0x6e, 0x74, 0x5f, 0x32, 0x5f, 0x6f,
    0x75, 0x74, 0x70, 0x75, 0x74, 0x5f, 0x30, 0x1a, 0x17, 0x2f, 0x64, 0x66, 0x5f, 0x66, 0x63, 0x5f,
    0x65, 0x6d, 0x62, 0x2f, 0x30, 0x2f, 0x43, 0x6f, 0x6e, 0x73, 0x74, 0x61, 0x6e, 0x74, 0x5f, 0x32,
    0x22, 0x08, 0x43, 0x6f, 0x6e, 0x73, 0x74, 0x61, 0x6e, 0x74, 0x2a, 0x1a, 0x0a, 0x05, 0x76, 0x61,
    0x6c, 0x75, 0x65, 0x2a, 0x0e, 0x08, 0x01, 0x10, 0x07, 0x4a, 0x08, 0x00, 0x00, 0x00, 0x00, 0x00,
    0x00, 0x00, 0x00, 0xa0, 0x01, 0x04, 0x0a, 0x61, 0x12, 0x20, 0x2f, 0x64, 0x66, 0x5f, 0x66, 0x63,
    0x5f, 0x65, 0x6d, 0x62, 0x2f, 0x30, 0x2f, 0x43, 0x6f, 0x6e, 0x73, 0x74, 0x61, 0x6e, 0x74, 0x5f,
    0x33, 0x5f, 0x6f, 0x75, 0x74, 0x70, 0x75, 0x74, 0x5f, 0x30, 0x1a, 0x17, 0x2f, 0x64, 0x66, 0x5f,
    0x66, 0x63, 0x5f, 0x65, 0x6d, 0x62, 0x2f, 0x30, 0x2f, 0x43, 0x6f, 0x6e, 0x73, 0x74, 0x61, 0x6e,
    0x74, 0x5f, 0x33, 0x22, 0x08, 0x43, 0x6f, 0x6e, 0x73, 0x74, 0x61, 0x6e, 0x74, 0x2a, 0x1a, 0x0a,
    0x05, 0x76, 0x61, 0x6c, 0x75, 0x65, 0x2a, 0x0e, 0x08, 0x01, 0x10, 0x07, 0x4a, 0x08, 0x00, 0x00,
    0x00, 0x00, 0x00, 0x00, 0x00, 0x00, 0xa0, 0x01, 0x04, 0x0a, 0x61, 0x12, 0x20, 0x2f, 0x64, 0x66,
    0x5f, 0x66, 0x63, 0x5f, 0x65, 0x6d, 0x62, 0x2f, 0x30, 0x2f, 0x43, 0x6f, 0x6e, 0x73, 0x74, 0x61,
    0x6e, 0x74, 0x5f, 0x34, 0x5f, 0x6f, 0x75, 0x74, 0x70, 0x75, 0x74, 0x5f, 0x30, 0x1a, 0x17, 0x2f,
    0x64, 0x66, 0x5f, 0x66, 0x63, 0x5f, 0x65, 0x6d, 0x62, 0x2f, 0x30, 0x2f, 0x43, 0x6f, 0x6e, 0x73,
    0x74, 0x61, 0x6e, 0x74, 0x5f, 0x34, 0x22, 0x08, 0x43, 0x6f, 0x6e, 0x73, 0x74, 0x61, 0x6e, 0x74,
    0x2a, 0x1a, 0x0a, 0x05, 0x76, 0x61, 0x6c, 0x75, 0x65, 0x2a, 0x0e, 0x08, 0x01, 0x10, 0x07, 0x4a,
    0x08, 0x02, 0x00, 0x00, 0x00, 0x00, 0x00, 0x00, 0x00, 0xa0, 0x01, 0x04, 0x0a, 0xbd, 0x01, 0x0a,
    0x1d, 0x2f, 0x64, 0x66, 0x5f, 0x66, 0x63, 0x5f, 0x65, 0x6d, 0x62, 0x2f, 0x30, 0x2f, 0x53, 0x68,
    0x61, 0x70, 0x65, 0x5f, 0x31, 0x5f, 0x6f, 0x75, 0x74, 0x70, 0x75, 0x74, 0x5f, 0x30, 0x0a, 0x20,
    0x2f, 0x64, 0x66, 0x5f, 0x66, 0x63, 0x5f, 0x65, 0x6d, 0x62, 0x2f, 0x30, 0x2f, 0x43, 0x6f, 0x6e,
    0x73, 0x74, 0x61, 0x6e, 0x74, 0x5f, 0x33, 0x5f, 0x6f, 0x75, 0x74, 0x70, 0x75, 0x74, 0x5f, 0x30,
    0x0a, 0x20, 0x2f, 0x64, 0x66, 0x5f, 0x66, 0x63, 0x5f, 0x65, 0x6d, 0x62, 0x2f, 0x30, 0x2f, 0x43,
    0x6f, 0x6e, 0x73, 0x74, 0x61, 0x6e, 0x74, 0x5f, 0x34, 0x5f, 0x6f, 0x75, 0x74, 0x70, 0x75, 0x74,
    0x5f, 0x30, 0x0a, 0x20, 0x2f, 0x64, 0x66, 0x5f, 0x66, 0x63, 0x5f, 0x65, 0x6d, 0x62, 0x2f, 0x30,
    0x2f, 0x43, 0x6f, 0x6e, 0x73, 0x74, 0x61, 0x6e, 0x74, 0x5f, 0x32, 0x5f, 0x6f, 0x75, 0x74, 0x70,
    0x75, 0x74, 0x5f, 0x30, 0x12, 0x1b, 0x2f, 0x64, 0x66, 0x5f, 0x66, 0x63, 0x5f, 0x65, 0x6d, 0x62,
    0x2f, 0x30, 0x2f, 0x53, 0x6c, 0x69, 0x63, 0x65, 0x5f, 0x6f, 0x75, 0x74, 0x70, 0x75, 0x74, 0x5f,
    0x30, 0x1a, 0x12, 0x2f, 0x64, 0x66, 0x5f, 0x66, 0x63, 0x5f, 0x65, 0x6d, 0x62, 0x2f, 0x30, 0x2f,
    0x53, 0x6c, 0x69, 0x63, 0x65, 0x22, 0x05, 0x53, 0x6c, 0x69, 0x63, 0x65, 0x0a, 0x61, 0x12, 0x20,
    0x2f, 0x64, 0x66, 0x5f, 0x66, 0x63, 0x5f, 0x65, 0x6d, 0x62, 0x2f, 0x30, 0x2f, 0x43, 0x6f, 0x6e,
    0x73, 0x74, 0x61, 0x6e, 0x74, 0x5f, 0x35, 0x5f, 0x6f, 0x75, 0x74, 0x70, 0x75, 0x74, 0x5f, 0x30,
    0x1a, 0x17, 0x2f, 0x64, 0x66, 0x5f, 0x66, 0x63, 0x5f, 0x65, 0x6d, 0x62, 0x2f, 0x30, 0x2f, 0x43,
    0x6f, 0x6e, 0x73, 0x74, 0x61, 0x6e, 0x74, 0x5f, 0x35, 0x22, 0x08, 0x43, 0x6f, 0x6e, 0x73, 0x74,
    0x61, 0x6e, 0x74, 0x2a, 0x1a, 0x0a, 0x05, 0x76, 0x61, 0x6c, 0x75, 0x65, 0x2a, 0x0e, 0x08, 0x01,
    0x10, 0x07, 0x4a, 0x08, 0xff, 0xff, 0xff, 0xff, 0xff, 0xff, 0xff, 0xff, 0xa0, 0x01, 0x04, 0x0a,
    0x8b, 0x01, 0x0a, 0x1b, 0x2f, 0x64, 0x66, 0x5f, 0x66, 0x63, 0x5f, 0x65, 0x6d, 0x62, 0x2f, 0x30,
    0x2f, 0x53, 0x6c, 0x69, 0x63, 0x65, 0x5f, 0x6f, 0x75, 0x74, 0x70, 0x75, 0x74, 0x5f, 0x30, 0x0a,
    0x20, 0x2f, 0x64, 0x66, 0x5f, 0x66, 0x63, 0x5f, 0x65, 0x6d, 0x62, 0x2f, 0x30, 0x2f, 0x43, 0x6f,
    0x6e, 0x73, 0x74, 0x61, 0x6e, 0x74, 0x5f, 0x35, 0x5f, 0x6f, 0x75, 0x74, 0x70, 0x75, 0x74, 0x5f,
    0x30, 0x12, 0x1e, 0x2f, 0x64, 0x66, 0x5f, 0x66, 0x63, 0x5f, 0x65, 0x6d, 0x62, 0x2f, 0x30, 0x2f,
    0x43, 0x6f, 0x6e, 0x63, 0x61, 0x74, 0x5f, 0x31, 0x5f, 0x6f, 0x75, 0x74, 0x70, 0x75, 0x74, 0x5f,
    0x30, 0x1a, 0x15, 0x2f, 0x64, 0x66, 0x5f, 0x66, 0x63, 0x5f, 0x65, 0x6d, 0x62, 0x2f, 0x30, 0x2f,
    0x43, 0x6f, 0x6e, 0x63, 0x61, 0x74, 0x5f, 0x31, 0x22, 0x06, 0x43, 0x6f, 0x6e, 0x63, 0x61, 0x74,
    0x2a, 0x0b, 0x0a, 0x04, 0x61, 0x78, 0x69, 0x73, 0x18, 0x00, 0xa0, 0x01, 0x02, 0x0a, 0x80, 0x01,
    0x0a, 0x1c, 0x2f, 0x64, 0x66, 0x5f, 0x66, 0x63, 0x5f, 0x65, 0x6d, 0x62, 0x2f, 0x30, 0x2f, 0x45,
    0x69, 0x6e, 0x73, 0x75, 0x6d, 0x5f, 0x6f, 0x75, 0x74, 0x70, 0x75, 0x74, 0x5f, 0x30, 0x0a, 0x1e,
    0x2f, 0x64, 0x66, 0x5f, 0x66, 0x63, 0x5f, 0x65, 0x6d, 0x62, 0x2f, 0x30, 0x2f, 0x43, 0x6f, 0x6e,
    0x63, 0x61, 0x74, 0x5f, 0x31, 0x5f, 0x6f, 0x75, 0x74, 0x70, 0x75, 0x74, 0x5f, 0x30, 0x12, 0x1f,
    0x2f, 0x64, 0x66, 0x5f, 0x66, 0x63, 0x5f, 0x65, 0x6d, 0x62, 0x2f, 0x30, 0x2f, 0x52, 0x65, 0x73,
    0x68, 0x61, 0x70, 0x65, 0x5f, 0x31, 0x5f, 0x6f, 0x75, 0x74, 0x70, 0x75, 0x74, 0x5f, 0x30, 0x1a,
    0x16, 0x2f, 0x64, 0x66, 0x5f, 0x66, 0x63, 0x5f, 0x65, 0x6d, 0x62, 0x2f, 0x30, 0x2f, 0x52, 0x65,
    0x73, 0x68, 0x61, 0x70, 0x65, 0x5f, 0x31, 0x22, 0x07, 0x52, 0x65, 0x73, 0x68, 0x61, 0x70, 0x65,
    0x0a, 0x56, 0x0a, 0x1f, 0x2f, 0x64, 0x66, 0x5f, 0x66, 0x63, 0x5f, 0x65, 0x6d, 0x62, 0x2f, 0x30,
    0x2f, 0x52, 0x65, 0x73, 0x68, 0x61, 0x70, 0x65, 0x5f, 0x31, 0x5f, 0x6f, 0x75, 0x74, 0x70, 0x75,
    0x74, 0x5f, 0x30, 0x12, 0x1a, 0x2f, 0x64, 0x66, 0x5f, 0x66, 0x63, 0x5f, 0x65, 0x6d, 0x62, 0x2f,
    0x31, 0x2f, 0x52, 0x65, 0x6c, 0x75, 0x5f, 0x6f, 0x75, 0x74, 0x70, 0x75, 0x74, 0x5f, 0x30, 0x1a,
    0x11, 0x2f, 0x64, 0x66, 0x5f, 0x66, 0x63, 0x5f, 0x65, 0x6d, 0x62, 0x2f, 0x31, 0x2f, 0x52, 0x65,
    0x6c, 0x75, 0x22, 0x04, 0x52, 0x65, 0x6c, 0x75, 0x0a, 0x47, 0x0a, 0x02, 0x65, 0x33, 0x12, 0x15,
    0x2f, 0x54, 0x72, 0x61, 0x6e, 0x73, 0x70, 0x6f, 0x73, 0x65, 0x5f, 0x31, 0x5f, 0x6f, 0x75, 0x74,
    0x70, 0x75, 0x74, 0x5f, 0x30, 0x1a, 0x0c, 0x2f, 0x54, 0x72, 0x61, 0x6e, 0x73, 0x70, 0x6f, 0x73,
    0x65, 0x5f, 0x31, 0x22, 0x09, 0x54, 0x72, 0x61, 0x6e, 0x73, 0x70, 0x6f, 0x73, 0x65, 0x2a, 0x11,
    0x0a, 0x04, 0x70, 0x65, 0x72, 0x6d, 0x40, 0x00, 0x40, 0x02, 0x40, 0x03, 0x40, 0x01, 0xa0, 0x01,
    0x07, 0x0a, 0x3b, 0x0a, 0x15, 0x2f, 0x54, 0x72, 0x61, 0x6e, 0x73, 0x70, 0x6f, 0x73, 0x65, 0x5f,
    0x31, 0x5f, 0x6f, 0x75, 0x74, 0x70, 0x75, 0x74, 0x5f, 0x30, 0x12, 0x11, 0x2f, 0x53, 0x68, 0x61,
    0x70, 0x65, 0x5f, 0x31, 0x5f, 0x6f, 0x75, 0x74, 0x70, 0x75, 0x74, 0x5f, 0x30, 0x1a, 0x08, 0x2f,
    0x53, 0x68, 0x61, 0x70, 0x65, 0x5f, 0x31, 0x22, 0x05, 0x53, 0x68, 0x61, 0x70, 0x65, 0x0a, 0x49,
    0x12, 0x14, 0x2f, 0x43, 0x6f, 0x6e, 0x73, 0x74, 0x61, 0x6e, 0x74, 0x5f, 0x34, 0x5f, 0x6f, 0x75,
    0x74, 0x70, 0x75, 0x74, 0x5f, 0x30, 0x1a, 0x0b, 0x2f, 0x43, 0x6f, 0x6e, 0x73, 0x74, 0x61, 0x6e,
    0x74, 0x5f, 0x34, 0x22, 0x08, 0x43, 0x6f, 0x6e, 0x73, 0x74, 0x61, 0x6e, 0x74, 0x2a, 0x1a, 0x0a,
    0x05, 0x76, 0x61, 0x6c, 0x75, 0x65, 0x2a, 0x0e, 0x08, 0x01, 0x10, 0x07, 0x4a, 0x08, 0x00, 0x00,
    0x00, 0x00, 0x00, 0x00, 0x00, 0x00, 0xa0, 0x01, 0x04, 0x0a, 0x49, 0x12, 0x14, 0x2f, 0x43, 0x6f,
    0x6e, 0x73, 0x74, 0x61, 0x6e, 0x74, 0x5f, 0x35, 0x5f, 0x6f, 0x75, 0x74, 0x70, 0x75, 0x74, 0x5f,
    0x30, 0x1a, 0x0b, 0x2f, 0x43, 0x6f, 0x6e, 0x73, 0x74, 0x61, 0x6e, 0x74, 0x5f, 0x35, 0x22, 0x08,
    0x43, 0x6f, 0x6e, 0x73, 0x74, 0x61, 0x6e, 0x74, 0x2a, 0x1a, 0x0a, 0x05, 0x76, 0x61, 0x6c, 0x75,
    0x65, 0x2a, 0x0e, 0x08, 0x01, 0x10, 0x07, 0x4a, 0x08, 0x00, 0x00, 0x00, 0x00, 0x00, 0x00, 0x00,
    0x00, 0xa0, 0x01, 0x04, 0x0a, 0x49, 0x12, 0x14, 0x2f, 0x43, 0x6f, 0x6e, 0x73, 0x74, 0x61, 0x6e,
    0x74, 0x5f, 0x36, 0x5f, 0x6f, 0x75, 0x74, 0x70, 0x75, 0x74, 0x5f, 0x30, 0x1a, 0x0b, 0x2f, 0x43,
    0x6f, 0x6e, 0x73, 0x74, 0x61, 0x6e, 0x74, 0x5f, 0x36, 0x22, 0x08, 0x43, 0x6f, 0x6e, 0x73, 0x74,
    0x61, 0x6e, 0x74, 0x2a, 0x1a, 0x0a, 0x05, 0x76, 0x61, 0x6c, 0x75, 0x65, 0x2a, 0x0e, 0x08, 0x01,
    0x10, 0x07, 0x4a, 0x08, 0x02, 0x00, 0x00, 0x00, 0x00, 0x00, 0x00, 0x00, 0xa0, 0x01, 0x04, 0x0a,
    0x79, 0x0a, 0x11, 0x2f, 0x53, 0x68, 0x61, 0x70, 0x65, 0x5f, 0x31, 0x5f, 0x6f, 0x75, 0x74, 0x70,
    0x75, 0x74, 0x5f, 0x30, 0x0a, 0x14, 0x2f, 0x43, 0x6f, 0x6e, 0x73, 0x74, 0x61, 0x6e, 0x74, 0x5f,
    0x35, 0x5f, 0x6f, 0x75, 0x74, 0x70, 0x75, 0x74, 0x5f, 0x30, 0x0a, 0x14, 0x2f, 0x43, 0x6f, 0x6e,
    0x73, 0x74, 0x61, 0x6e, 0x74, 0x5f, 0x36, 0x5f, 0x6f, 0x75, 0x74, 0x70, 0x75, 0x74, 0x5f, 0x30,
    0x0a, 0x14, 0x2f, 0x43, 0x6f, 0x6e, 0x73, 0x74, 0x61, 0x6e, 0x74, 0x5f, 0x34, 0x5f, 0x6f, 0x75,
    0x74, 0x70, 0x75, 0x74, 0x5f, 0x30, 0x12, 0x11, 0x2f, 0x53, 0x6c, 0x69, 0x63, 0x65, 0x5f, 0x31,
    0x5f, 0x6f, 0x75, 0x74, 0x70, 0x75, 0x74, 0x5f, 0x30, 0x1a, 0x08, 0x2f, 0x53, 0x6c, 0x69, 0x63,
    0x65, 0x5f, 0x31, 0x22, 0x05, 0x53, 0x6c, 0x69, 0x63, 0x65, 0x0a, 0x49, 0x12, 0x14, 0x2f, 0x43,
    0x6f, 0x6e, 0x73, 0x74, 0x61, 0x6e, 0x74, 0x5f, 0x37, 0x5f, 0x6f, 0x75, 0x74, 0x70, 0x75, 0x74,
    0x5f, 0x30, 0x1a, 0x0b, 0x2f, 0x43, 0x6f, 0x6e, 0x73, 0x74, 0x61, 0x6e, 0x74, 0x5f, 0x37, 0x22,
    0x08, 0x43, 0x6f, 0x6e, 0x73, 0x74, 0x61, 0x6e, 0x74, 0x2a, 0x1a, 0x0a, 0x05, 0x76, 0x61, 0x6c,
    0x75, 0x65, 0x2a, 0x0e, 0x08, 0x01, 0x10, 0x07, 0x4a, 0x08, 0xff, 0xff, 0xff, 0xff, 0xff, 0xff,
    0xff, 0xff, 0xa0, 0x01, 0x04, 0x0a, 0x5d, 0x0a, 0x11, 0x2f, 0x53, 0x6c, 0x69, 0x63, 0x65, 0x5f,
    0x31, 0x5f, 0x6f, 0x75, 0x74, 0x70, 0x75, 0x74, 0x5f, 0x30, 0x0a, 0x14, 0x2f, 0x43, 0x6f, 0x6e,
    0x73, 0x74, 0x61, 0x6e, 0x74, 0x5f, 0x37, 0x5f, 0x6f, 0x75, 0x74, 0x70, 0x75, 0x74, 0x5f, 0x30,
    0x12, 0x12, 0x2f, 0x43, 0x6f, 0x6e, 0x63, 0x61, 0x74, 0x5f, 0x31, 0x5f, 0x6f, 0x75, 0x74, 0x70,
    0x75, 0x74, 0x5f, 0x30, 0x1a, 0x09, 0x2f, 0x43, 0x6f, 0x6e, 0x63, 0x61, 0x74, 0x5f, 0x31, 0x22,
    0x06, 0x43, 0x6f, 0x6e, 0x63, 0x61, 0x74, 0x2a, 0x0b, 0x0a, 0x04, 0x61, 0x78, 0x69, 0x73, 0x18,
    0x00, 0xa0, 0x01, 0x02, 0x0a, 0x55, 0x0a, 0x15, 0x2f, 0x54, 0x72, 0x61, 0x6e, 0x73, 0x70, 0x6f,
    0x73, 0x65, 0x5f, 0x31, 0x5f, 0x6f, 0x75, 0x74, 0x70, 0x75, 0x74, 0x5f, 0x30, 0x0a, 0x12, 0x2f,
    0x43, 0x6f, 0x6e, 0x63, 0x61, 0x74, 0x5f, 0x31, 0x5f, 0x6f, 0x75, 0x74, 0x70, 0x75, 0x74, 0x5f,
    0x30, 0x12, 0x13, 0x2f, 0x52, 0x65, 0x73, 0x68, 0x61, 0x70, 0x65, 0x5f, 0x31, 0x5f, 0x6f, 0x75,
    0x74, 0x70, 0x75, 0x74, 0x5f, 0x30, 0x1a, 0x0a, 0x2f, 0x52, 0x65, 0x73, 0x68, 0x61, 0x70, 0x65,
    0x5f, 0x31, 0x22, 0x07, 0x52, 0x65, 0x73, 0x68, 0x61, 0x70, 0x65, 0x0a, 0x5b, 0x0a, 0x13, 0x2f,
    0x52, 0x65, 0x73, 0x68, 0x61, 0x70, 0x65, 0x5f, 0x31, 0x5f, 0x6f, 0x75, 0x74, 0x70, 0x75, 0x74,
    0x5f, 0x30, 0x0a, 0x1a, 0x2f, 0x64, 0x66, 0x5f, 0x66, 0x63, 0x5f, 0x65, 0x6d, 0x62, 0x2f, 0x31,
    0x2f, 0x52, 0x65, 0x6c, 0x75, 0x5f, 0x6f, 0x75, 0x74, 0x70, 0x75, 0x74, 0x5f, 0x30, 0x12, 0x15,
    0x2f, 0x63, 0x6f, 0x6d, 0x62, 0x69, 0x6e, 0x65, 0x2f, 0x41, 0x64, 0x64, 0x5f, 0x6f, 0x75, 0x74,
    0x70, 0x75, 0x74, 0x5f, 0x30, 0x1a, 0x0c, 0x2f, 0x63, 0x6f, 0x6d, 0x62, 0x69, 0x6e, 0x65, 0x2f,
    0x41, 0x64, 0x64, 0x22, 0x03, 0x41, 0x64, 0x64, 0x0a, 0x5f, 0x0a, 0x15, 0x2f, 0x63, 0x6f, 0x6d,
    0x62, 0x69, 0x6e, 0x65, 0x2f, 0x41, 0x64, 0x64, 0x5f, 0x6f, 0x75, 0x74, 0x70, 0x75, 0x74, 0x5f,
    0x30, 0x12, 0x23, 0x2f, 0x65, 0x6d, 0x62, 0x5f, 0x67, 0x72, 0x75, 0x2f, 0x6c, 0x69, 0x6e, 0x65,
    0x61, 0x72, 0x5f, 0x69, 0x6e, 0x2f, 0x30, 0x2f, 0x53, 0x68, 0x61, 0x70, 0x65, 0x5f, 0x6f, 0x75,
    0x74, 0x70, 0x75, 0x74, 0x5f, 0x30, 0x1a, 0x1a, 0x2f, 0x65, 0x6d, 0x62, 0x5f, 0x67, 0x72, 0x75,
    0x2f, 0x6c, 0x69, 0x6e, 0x65, 0x61, 0x72, 0x5f, 0x69, 0x6e, 0x2f, 0x30, 0x2f, 0x53, 0x68, 0x61,
    0x70, 0x65, 0x22, 0x05, 0x53, 0x68, 0x61, 0x70, 0x65, 0x0a, 0x43, 0x12, 0x10, 0x6f, 0x6e, 0x6e,
    0x78, 0x3a, 0x3a, 0x47, 0x61, 0x74, 0x68, 0x65, 0x72, 0x5f, 0x31, 0x36, 0x32, 0x1a, 0x0b, 0x43,
    0x6f, 0x6e, 0x73, 0x74, 0x61, 0x6e, 0x74, 0x5f, 0x39, 0x32, 0x22, 0x08, 0x43, 0x6f, 0x6e, 0x73,
    0x74, 0x61, 0x6e, 0x74, 0x2a, 0x18, 0x0a, 0x05, 0x76, 0x61, 0x6c, 0x75, 0x65, 0x2a, 0x0c, 0x10,
    0x07, 0x4a, 0x08, 0x00, 0x00, 0x00, 0x00, 0x00, 0x00, 0x00, 0x00, 0xa0, 0x01, 0x04, 0x0a, 0x82,
    0x01, 0x0a, 0x23, 0x2f, 0x65, 0x6d, 0x62, 0x5f, 0x67, 0x72, 0x75, 0x2f, 0x6c, 0x69, 0x6e, 0x65,
    0x61, 0x72, 0x5f, 0x69, 0x6e, 0x2f, 0x30, 0x2f, 0x53, 0x68, 0x61, 0x70, 0x65, 0x5f, 0x6f, 0x75,
    0x74, 0x70, 0x75, 0x74, 0x5f, 0x30, 0x0a, 0x10, 0x6f, 0x6e, 0x6e, 0x78, 0x3a, 0x3a, 0x47, 0x61,
    0x74, 0x68, 0x65, 0x72, 0x5f, 0x31, 0x36, 0x32, 0x12, 0x24, 0x2f, 0x65, 0x6d, 0x62, 0x5f, 0x67,
    0x72, 0x75, 0x2f, 0x6c, 0x69, 0x6e, 0x65, 0x61, 0x72, 0x5f, 0x69, 0x6e, 0x2f, 0x30, 0x2f, 0x47,
    0x61, 0x74, 0x68, 0x65, 0x72, 0x5f, 0x6f, 0x75, 0x74, 0x70, 0x75, 0x74, 0x5f, 0x30, 0x1a, 0x1b,
    0x2f, 0x65, 0x6d, 0x62, 0x5f, 0x67, 0x72, 0x75, 0x2f, 0x6c, 0x69, 0x6e, 0x65, 0x61, 0x72, 0x5f,
    0x69, 0x6e, 0x2f, 0x30, 0x2f, 0x47, 0x61, 0x74, 0x68, 0x65, 0x72, 0x22, 0x06, 0x47, 0x61, 0x74,
    0x68, 0x65, 0x72, 0x0a, 0x43, 0x12, 0x10, 0x6f, 0x6e, 0x6e, 0x78, 0x3a, 0x3a, 0x47, 0x61, 0x74,
    0x68, 0x65, 0x72, 0x5f, 0x31, 0x36, 0x34, 0x1a, 0x0b, 0x43, 0x6f, 0x6e, 0x73, 0x74, 0x61, 0x6e,
    0x74, 0x5f, 0x39, 0x34, 0x22, 0x08, 0x43, 0x6f, 0x6e, 0x73, 0x74, 0x61, 0x6e, 0x74, 0x2a, 0x18,
    0x0a, 0x05, 0x76, 0x61, 0x6c, 0x75, 0x65, 0x2a, 0x0c, 0x10, 0x07, 0x4a, 0x08, 0x01, 0x00, 0x00,
    0x00, 0x00, 0x00, 0x00, 0x00, 0xa0, 0x01, 0x04, 0x0a, 0x86, 0x01, 0x0a, 0x23, 0x2f, 0x65, 0x6d,
    0x62, 0x5f, 0x67, 0x72, 0x75, 0x2f, 0x6c, 0x69, 0x6e, 0x65, 0x61, 0x72, 0x5f, 0x69, 0x6e, 0x2f,
    0x30, 0x2f, 0x53, 0x68, 0x61, 0x70, 0x65, 0x5f, 0x6f, 0x75, 0x74, 0x70, 0x75, 0x74, 0x5f, 0x30,
    0x0a, 0x10, 0x6f, 0x6e, 0x6e, 0x78, 0x3a, 0x3a, 0x47, 0x61, 0x74, 0x68, 0x65, 0x72, 0x5f, 0x31,
    0x36, 0x34, 0x12, 0x26, 0x2f, 0x65, 0x6d, 0x62, 0x5f, 0x67, 0x72, 0x75, 0x2f, 0x6c, 0x69, 0x6e,
    0x65, 0x61, 0x72, 0x5f, 0x69, 0x6e, 0x2f, 0x30, 0x2f, 0x47, 0x61, 0x74, 0x68, 0x65, 0x72, 0x5f,
    0x31, 0x5f, 0x6f, 0x75, 0x74, 0x70, 0x75, 0x74, 0x5f, 0x30, 0x1a, 0x1d, 0x2f, 0x65, 0x6d, 0x62,
    0x5f, 0x67, 0x72, 0x75, 0x2f, 0x6c, 0x69, 0x6e, 0x65, 0x61, 0x72, 0x5f, 0x69, 0x6e, 0x2f, 0x30,
    0x2f, 0x47, 0x61, 0x74, 0x68, 0x65, 0x72, 0x5f, 0x31, 0x22, 0x06, 0x47, 0x61, 0x74, 0x68, 0x65,
    0x72, 0x0a, 0x87, 0x01, 0x0a, 0x24, 0x2f, 0x65, 0x6d, 0x62, 0x5f, 0x67, 0x72, 0x75, 0x2f, 0x6c,
    0x69, 0x6e, 0x65, 0x61, 0x72, 0x5f, 0x69, 0x6e, 0x2f, 0x30, 0x2f, 0x47, 0x61, 0x74, 0x68, 0x65,
    0x72, 0x5f, 0x6f, 0x75, 0x74, 0x70, 0x75, 0x74, 0x5f, 0x30, 0x12, 0x27, 0x2f, 0x65, 0x6d, 0x62,
    0x5f, 0x67, 0x72, 0x75, 0x2f, 0x6c, 0x69, 0x6e, 0x65, 0x61, 0x72, 0x5f, 0x69, 0x6e, 0x2f, 0x30,
    0x2f, 0x55, 0x6e, 0x73, 0x71, 0x75, 0x65, 0x65, 0x7a, 0x65, 0x5f, 0x6f, 0x75, 0x74, 0x70, 0x75,
    0x74, 0x5f, 0x30, 0x1a, 0x1e, 0x2f, 0x65, 0x6d, 0x62, 0x5f, 0x67, 0x72, 0x75, 0x2f, 0x6c, 0x69,
    0x6e, 0x65, 0x61, 0x72, 0x5f, 0x69, 0x6e, 0x2f, 0x30, 0x2f, 0x55, 0x6e, 0x73, 0x71, 0x75, 0x65,
    0x65, 0x7a, 0x65, 0x22, 0x09, 0x55, 0x6e, 0x73, 0x71, 0x75, 0x65, 0x65, 0x7a, 0x65, 0x2a, 0x0b,
    0x0a, 0x04, 0x61, 0x78, 0x65, 0x73, 0x40, 0x00, 0xa0, 0x01, 0x07, 0x0a, 0x8d, 0x01, 0x0a, 0x26,
    0x2f, 0x65, 0x6d, 0x62, 0x5f, 0x67, 0x72, 0x75, 0x2f, 0x6c, 0x69, 0x6e, 0x65, 0x61, 0x72, 0x5f,
    0x69, 0x6e, 0x2f, 0x30, 0x2f, 0x47, 0x61, 0x74, 0x68, 0x65, 0x72, 0x5f, 0x31, 0x5f, 0x6f, 0x75,
    0x74, 0x70, 0x75, 0x74, 0x5f, 0x30, 0x12, 0x29, 0x2f, 0x65, 0x6d, 0x62, 0x5f, 0x67, 0x72, 0x75,
    0x2f, 0x6c, 0x69, 0x6e, 0x65, 0x61, 0x72, 0x5f, 0x69, 0x6e, 0x2f, 0x30, 0x2f, 0x55, 0x6e, 0x73,
    0x71, 0x75, 0x65, 0x65, 0x7a, 0x65, 0x5f, 0x31, 0x5f, 0x6f, 0x75, 0x74, 0x70, 0x75, 0x74, 0x5f,
    0x30, 0x1a, 0x20, 0x2f, 0x65, 0x6d, 0x62, 0x5f, 0x67, 0x72, 0x75, 0x2f, 0x6c, 0x69, 0x6e, 0x65,
    0x61, 0x72, 0x5f, 0x69, 0x6e, 0x2f, 0x30, 0x2f, 0x55, 0x6e, 0x73, 0x71, 0x75, 0x65, 0x65, 0x7a,
    0x65, 0x5f, 0x31, 0x22, 0x09, 0x55, 0x6e, 0x73, 0x71, 0x75, 0x65, 0x65, 0x7a, 0x65, 0x2a, 0x0b,
    0x0a, 0x04, 0x61, 0x78, 0x65, 0x73, 0x40, 0x00, 0xa0, 0x01, 0x07, 0x0a, 0x6d, 0x12, 0x26, 0x2f,
    0x65, 0x6d, 0x62, 0x5f, 0x67, 0x72, 0x75, 0x2f, 0x6c, 0x69, 0x6e, 0x65, 0x61, 0x72, 0x5f, 0x69,
    0x6e, 0x2f, 0x30, 0x2f, 0x43, 0x6f, 0x6e, 0x73, 0x74, 0x61, 0x6e, 0x74, 0x5f, 0x6f, 0x75, 0x74,
    0x70, 0x75, 0x74, 0x5f, 0x30, 0x1a, 0x1d, 0x2f, 0x65, 0x6d, 0x62, 0x5f, 0x67, 0x72, 0x75, 0x2f,
    0x6c, 0x69, 0x6e, 0x65, 0x61, 0x72, 0x5f, 0x69, 0x6e, 0x2f, 0x30, 0x2f, 0x43, 0x6f, 0x6e, 0x73,
    0x74, 0x61, 0x6e, 0x74, 0x22, 0x08, 0x43, 0x6f, 0x6e, 0x73, 0x74, 0x61, 0x6e, 0x74, 0x2a, 0x1a,
    0x0a, 0x05, 0x76, 0x61, 0x6c, 0x75, 0x65, 0x2a, 0x0e, 0x08, 0x01, 0x10, 0x07, 0x4a, 0x08, 0x10,
    0x00, 0x00, 0x00, 0x00, 0x00, 0x00, 0x00, 0xa0, 0x01, 0x04, 0x0a, 0x71, 0x12, 0x28, 0x2f, 0x65,
    0x6d, 0x62, 0x5f, 0x67, 0x72, 0x75, 0x2f, 0x6c, 0x69, 0x6e, 0x65, 0x61, 0x72, 0x5f, 0x69, 0x6e,
    0x2f, 0x30, 0x2f, 0x43, 0x6f, 0x6e, 0x73, 0x74, 0x61, 0x6e, 0x74, 0x5f, 0x31, 0x5f, 0x6f, 0x75,
    0x74, 0x70, 0x75, 0x74, 0x5f, 0x30, 0x1a, 0x1f, 0x2f, 0x65, 0x6d, 0x62, 0x5f, 0x67, 0x72, 0x75,
    0x2f, 0x6c, 0x69, 0x6e, 0x65, 0x61, 0x72, 0x5f, 0x69, 0x6e, 0x2f, 0x30, 0x2f, 0x43, 0x6f, 0x6e,
    0x73, 0x74, 0x61, 0x6e, 0x74, 0x5f, 0x31, 0x22, 0x08, 0x43, 0x6f, 0x6e, 0x73, 0x74, 0x61, 0x6e,
    0x74, 0x2a, 0x1a, 0x0a, 0x05, 0x76, 0x61, 0x6c, 0x75, 0x65, 0x2a, 0x0e, 0x08, 0x01, 0x10, 0x07,
    0x4a, 0x08, 0x20, 0x00, 0x00, 0x00, 0x00, 0x00, 0x00, 0x00, 0xa0, 0x01, 0x04, 0x0a, 0xfe, 0x01,
    0x0a, 0x27, 0x2f, 0x65, 0x6d, 0x62, 0x5f, 0x67, 0x72, 0x75, 0x2f, 0x6c, 0x69, 0x6e, 0x65, 0x61,
    0x72, 0x5f, 0x69, 0x6e, 0x2f, 0x30, 0x2f, 0x55, 0x6e, 0x73, 0x71, 0x75, 0x65, 0x65, 0x7a, 0x65,
    0x5f, 0x6f, 0x75, 0x74, 0x70, 0x75, 0x74, 0x5f, 0x30, 0x0a, 0x29, 0x2f, 0x65, 0x6d, 0x62, 0x5f,
    0x67, 0x72, 0x75, 0x2f, 0x6c, 0x69, 0x6e, 0x65, 0x61, 0x72, 0x5f, 0x69, 0x6e, 0x2f, 0x30, 0x2f,
    0x55, 0x6e, 0x73, 0x71, 0x75, 0x65, 0x65, 0x7a, 0x65, 0x5f, 0x31, 0x5f, 0x6f, 0x75, 0x74, 0x70,
    0x75, 0x74, 0x5f, 0x30, 0x0a, 0x26, 0x2f, 0x65, 0x6d, 0x62, 0x5f, 0x67, 0x72, 0x75, 0x2f, 0x6c,
    0x69, 0x6e, 0x65, 0x61, 0x72, 0x5f, 0x69, 0x6e, 0x2f, 0x30, 0x2f, 0x43, 0x6f, 0x6e, 0x73, 0x74,
    0x61, 0x6e, 0x74, 0x5f, 0x6f, 0x75, 0x74, 0x70, 0x75, 0x74, 0x5f, 0x30, 0x0a, 0x28, 0x2f, 0x65,
    0x6d, 0x62, 0x5f, 0x67, 0x72, 0x75, 0x2f, 0x6c, 0x69, 0x6e, 0x65, 0x61, 0x72, 0x5f, 0x69, 0x6e,
    0x2f, 0x30, 0x2f, 0x43, 0x6f, 0x6e, 0x73, 0x74, 0x61, 0x6e, 0x74, 0x5f, 0x31, 0x5f, 0x6f, 0x75,
    0x74, 0x70, 0x75, 0x74, 0x5f, 0x30, 0x12, 0x24, 0x2f, 0x65, 0x6d, 0x62, 0x5f, 0x67, 0x72, 0x75,
    0x2f, 0x6c, 0x69, 0x6e, 0x65, 0x61, 0x72, 0x5f, 0x69, 0x6e, 0x2f, 0x30, 0x2f, 0x43, 0x6f, 0x6e,
    0x63, 0x61, 0x74, 0x5f, 0x6f, 0x75, 0x74, 0x70, 0x75, 0x74, 0x5f, 0x30, 0x1a, 0x1b, 0x2f, 0x65,
    0x6d, 0x62, 0x5f, 0x67, 0x72, 0x75, 0x2f, 0x6c, 0x69, 0x6e, 0x65, 0x61, 0x72, 0x5f, 0x69, 0x6e,
    0x2f, 0x30, 0x2f, 0x43, 0x6f, 0x6e, 0x63, 0x61, 0x74, 0x22, 0x06, 0x43, 0x6f, 0x6e, 0x63, 0x61,
    0x74, 0x2a, 0x0b, 0x0a, 0x04, 0x61, 0x78, 0x69, 0x73, 0x18, 0x00, 0xa0, 0x01, 0x02, 0x0a, 0x8b,
    0x01, 0x0a, 0x15, 0x2f, 0x63, 0x6f, 0x6d, 0x62, 0x69, 0x6e, 0x65, 0x2f, 0x41, 0x64, 0x64, 0x5f,
    0x6f, 0x75, 0x74, 0x70, 0x75, 0x74, 0x5f, 0x30, 0x0a, 0x24, 0x2f, 0x65, 0x6d, 0x62, 0x5f, 0x67,
    0x72, 0x75, 0x2f, 0x6c, 0x69, 0x6e, 0x65, 0x61, 0x72, 0x5f, 0x69, 0x6e, 0x2f, 0x30, 0x2f, 0x43,
    0x6f, 0x6e, 0x63, 0x61, 0x74, 0x5f, 0x6f, 0x75, 0x74, 0x70, 0x75, 0x74, 0x5f, 0x30, 0x12, 0x25,
    0x2f, 0x65, 0x6d, 0x62, 0x5f, 0x67, 0x72, 0x75, 0x2f, 0x6c, 0x69, 0x6e, 0x65, 0x61, 0x72, 0x5f,
    0x69, 0x6e, 0x2f, 0x30, 0x2f, 0x52, 0x65, 0x73, 0x68, 0x61, 0x70, 0x65, 0x5f, 0x6f, 0x75, 0x74,
    0x70, 0x75, 0x74, 0x5f, 0x30, 0x1a, 0x1c, 0x2f, 0x65, 0x6d, 0x62, 0x5f, 0x67, 0x72, 0x75, 0x2f,
    0x6c, 0x69, 0x6e, 0x65, 0x61, 0x72, 0x5f, 0x69, 0x6e, 0x2f, 0x30, 0x2f, 0x52, 0x65, 0x73, 0x68,
    0x61, 0x70, 0x65, 0x22, 0x07, 0x52, 0x65, 0x73, 0x68, 0x61, 0x70, 0x65, 0x0a, 0xad, 0x01, 0x0a,
    0x25, 0x2f, 0x65, 0x6d, 0x62, 0x5f, 0x67, 0x72, 0x75, 0x2f, 0x6c, 0x69, 0x6e, 0x65, 0x61, 0x72,
    0x5f, 0x69, 0x6e, 0x2f, 0x30, 0x2f, 0x52, 0x65, 0x73, 0x68, 0x61, 0x70, 0x65, 0x5f, 0x6f, 0x75,
    0x74, 0x70, 0x75, 0x74, 0x5f, 0x30, 0x0a, 0x1a, 0x65, 0x6d, 0x62, 0x5f, 0x67, 0x72, 0x75, 0x2e,
    0x6c, 0x69, 0x6e, 0x65, 0x61, 0x72, 0x5f, 0x69, 0x6e, 0x2e, 0x30, 0x2e, 0x77, 0x65, 0x69, 0x67,
    0x68, 0x74, 0x12, 0x24, 0x2f, 0x65, 0x6d, 0x62, 0x5f, 0x67, 0x72, 0x75, 0x2f, 0x6c, 0x69, 0x6e,
    0x65, 0x61, 0x72, 0x5f, 0x69, 0x6e, 0x2f, 0x30, 0x2f, 0x45, 0x69, 0x6e, 0x73, 0x75, 0x6d, 0x5f,
    0x6f, 0x75, 0x74, 0x70, 0x75, 0x74, 0x5f, 0x30, 0x1a, 0x1b, 0x2f, 0x65, 0x6d, 0x62, 0x5f, 0x67,
    0x72, 0x75, 0x2f, 0x6c, 0x69, 0x6e, 0x65, 0x61, 0x72, 0x5f, 0x69, 0x6e, 0x2f, 0x30, 0x2f, 0x45,
    0x69, 0x6e, 0x73, 0x75, 0x6d, 0x22, 0x06, 0x45, 0x69, 0x6e, 0x73, 0x75, 0x6d, 0x2a, 0x1d, 0x0a,
    0x08, 0x65, 0x71, 0x75, 0x61, 0x74, 0x69, 0x6f, 0x6e, 0x22, 0x0e, 0x62, 0x74, 0x67, 0x69, 0x2c,
    0x67, 0x69, 0x68, 0x2d, 0x3e, 0x62, 0x74, 0x67, 0x68, 0xa0, 0x01, 0x03, 0x0a, 0x72, 0x0a, 0x24,
    0x2f, 0x65, 0x6d, 0x62, 0x5f, 0x67, 0x72, 0x75, 0x2f, 0x6c, 0x69, 0x6e, 0x65, 0x61, 0x72, 0x5f,
    0x69, 0x6e, 0x2f, 0x30, 0x2f, 0x45, 0x69, 0x6e, 0x73, 0x75, 0x6d, 0x5f, 0x6f, 0x75, 0x74, 0x70,
    0x75, 0x74, 0x5f, 0x30, 0x12, 0x25, 0x2f, 0x65, 0x6d, 0x62, 0x5f, 0x67, 0x72, 0x75, 0x2f, 0x6c,
    0x69, 0x6e, 0x65, 0x61, 0x72, 0x5f, 0x69, 0x6e, 0x2f, 0x30, 0x2f, 0x53, 0x68, 0x61, 0x70, 0x65,
    0x5f, 0x31, 0x5f, 0x6f, 0x75, 0x74, 0x70, 0x75, 0x74, 0x5f, 0x30, 0x1a, 0x1c, 0x2f, 0x65, 0x6d,
    0x62, 0x5f, 0x67, 0x72, 0x75, 0x2f, 0x6c, 0x69, 0x6e, 0x65, 0x61, 0x72, 0x5f, 0x69, 0x6e, 0x2f,
    0x30, 0x2f, 0x53, 0x68, 0x61, 0x70, 0x65, 0x5f, 0x31, 0x22, 0x05, 0x53, 0x68, 0x61, 0x70, 0x65,
    0x0a, 0x71, 0x12, 0x28, 0x2f, 0x65, 0x6d, 0x62, 0x5f, 0x67, 0x72, 0x75, 0x2f, 0x6c, 0x69, 0x6e,
    0x65, 0x61, 0x72, 0x5f, 0x69, 0x6e, 0x2f, 0x30, 0x2f, 0x43, 0x6f, 0x6e, 0x73, 0x74, 0x61, 0x6e,
    0x74, 0x5f, 0x32, 0x5f, 0x6f, 0x75, 0x74, 0x70, 0x75, 0x74, 0x5f, 0x30, 0x1a, 0x1f, 0x2f, 0x65,
    0x6d, 0x62, 0x5f, 0x67, 0x72, 0x75, 0x2f, 0x6c, 0x69, 0x6e, 0x65, 0x61, 0x72, 0x5f, 0x69, 0x6e,
    0x2f, 0x30, 0x2f, 0x43, 0x6f, 0x6e, 0x73, 0x74, 0x61, 0x6e, 0x74, 0x5f, 0x32, 0x22, 0x08, 0x43,
    0x6f, 0x6e, 0x73, 0x74, 0x61, 0x6e, 0x74, 0x2a, 0x1a, 0x0a, 0x05, 0x76, 0x61, 0x6c, 0x75, 0x65,
    0x2a, 0x0e, 0x08, 0x01, 0x10, 0x07, 0x4a, 0x08, 0x00, 0x00, 0x00, 0x00, 0x00, 0x00, 0x00, 0x00,
    0xa0, 0x01, 0x04, 0x0a, 0x71, 0x12, 0x28, 0x2f, 0x65, 0x6d, 0x62, 0x5f, 0x67, 0x72, 0x75, 0x2f,
    0x6c, 0x69, 0x6e, 0x65, 0x61, 0x72, 0x5f, 0x69, 0x6e, 0x2f, 0x30, 0x2f, 0x43, 0x6f, 0x6e, 0x73,
    0x74, 0x61, 0x6e, 0x74, 0x5f, 0x33, 0x5f, 0x6f, 0x75, 0x74, 0x70, 0x75, 0x74, 0x5f, 0x30, 0x1a,
    0x1f, 0x2f, 0x65, 0x6d, 0x62, 0x5f, 0x67, 0x72, 0x75, 0x2f, 0x6c, 0x69, 0x6e, 0x65, 0x61, 0x72,
    0x5f, 0x69, 0x6e, 0x2f, 0x30, 0x2f, 0x43, 0x6f, 0x6e, 0x73, 0x74, 0x61, 0x6e, 0x74, 0x5f, 0x33,
    0x22, 0x08, 0x43, 0x6f, 0x6e, 0x73, 0x74, 0x61, 0x6e, 0x74, 0x2a, 0x1a, 0x0a, 0x05, 0x76, 0x61,
    0x6c, 0x75, 0x65, 0x2a, 0x0e, 0x08, 0x01, 0x10, 0x07, 0x4a, 0x08, 0x00, 0x00, 0x00, 0x00, 0x00,
    0x00, 0x00, 0x00, 0xa0, 0x01, 0x04, 0x0a, 0x71, 0x12, 0x28, 0x2f, 0x65, 0x6d, 0x62, 0x5f, 0x67,
    0x72, 0x75, 0x2f, 0x6c, 0x69, 0x6e, 0x65, 0x61, 0x72, 0x5f, 0x69, 0x6e, 0x2f, 0x30, 0x2f, 0x43,
    0x6f, 0x6e, 0x73, 0x74, 0x61, 0x6e, 0x74, 0x5f, 0x34, 0x5f, 0x6f, 0x75, 0x74, 0x70, 0x75, 0x74,
    0x5f, 0x30, 0x1a, 0x1f, 0x2f, 0x65, 0x6d, 0x62, 0x5f, 0x67, 0x72, 0x75, 0x2f, 0x6c, 0x69, 0x6e,
    0x65, 0x61, 0x72, 0x5f, 0x69, 0x6e, 0x2f, 0x30, 0x2f, 0x43, 0x6f, 0x6e, 0x73, 0x74, 0x61, 0x6e,
    0x74, 0x5f, 0x34, 0x22, 0x08, 0x43, 0x6f, 0x6e, 0x73, 0x74, 0x61, 0x6e, 0x74, 0x2a, 0x1a, 0x0a,
    0x05, 0x76, 0x61, 0x6c, 0x75, 0x65, 0x2a, 0x0e, 0x08, 0x01, 0x10, 0x07, 0x4a, 0x08, 0x02, 0x00,
    0x00, 0x00, 0x00, 0x00, 0x00, 0x00, 0xa0, 0x01, 0x04, 0x0a, 0xed, 0x01, 0x0a, 0x25, 0x2f, 0x65,
    0x6d, 0x62, 0x5f, 0x67, 0x72, 0x75, 0x2f, 0x6c, 0x69, 0x6e, 0x65, 0x61, 0x72, 0x5f, 0x69, 0x6e,
    0x2f, 0x30, 0x2f, 0x53, 0x68, 0x61, 0x70, 0x65, 0x5f, 0x31, 0x5f, 0x6f, 0x75, 0x74, 0x70, 0x75,
    0x74, 0x5f, 0x30, 0x0a, 0x28, 0x2f, 0x65, 0x6d, 0x62, 0x5f, 0x67, 0x72, 0x75, 0x2f, 0x6c, 0x69,
    0x6e, 0x65, 0x61, 0x72, 0x5f, 0x69, 0x6e, 0x2f, 0x30, 0x2f, 0x43, 0x6f, 0x6e, 0x73, 0x74, 0x61,
    0x6e, 0x74, 0x5f, 0x33, 0x5f, 0x6f, 0x75, 0x74, 0x70, 0x75, 0x74, 0x5f, 0x30, 0x0a, 0x28, 0x2f,
    0x65, 0x6d, 0x62, 0x5f, 0x67, 0x72, 0x75, 0x2f, 0x6c, 0x69, 0x6e, 0x65, 0x61, 0x72, 0x5f, 0x69,
    0x6e, 0x2f, 0x30, 0x2f, 0x43, 0x6f, 0x6e, 0x73, 0x74, 0x61, 0x6e, 0x74, 0x5f, 0x34, 0x5f, 0x6f,
    0x75, 0x74, 0x70, 0x75, 0x74, 0x5f, 0x30, 0x0a, 0x28, 0x2f, 0x65, 0x6d, 0x62, 0x5f, 0x67, 0x72,
    0x75, 0x2f, 0x6c, 0x69, 0x6e, 0x65, 0x61, 0x72, 0x5f, 0x69, 0x6e, 0x2f, 0x30, 0x2f, 0x43, 0x6f,
    0x6e, 0x73, 0x74, 0x61, 0x6e, 0x74, 0x5f, 0x32, 0x5f, 0x6f, 0x75, 0x74, 0x70, 0x75, 0x74, 0x5f,
    0x30, 0x12, 0x23, 0x2f, 0x65, 0x6d, 0x62, 0x5f, 0x67, 0x72, 0x75, 0x2f, 0x6c, 0x69, 0x6e, 0x65,
    0x61, 0x72, 0x5f, 0x69, 0x6e, 0x2f, 0x30, 0x2f, 0x53, 0x6c, 0x69, 0x63, 0x65, 0x5f, 0x6f, 0x75,
    0x74, 0x70, 0x75, 0x74, 0x5f, 0x30, 0x1a, 0x1a, 0x2f, 0x65, 0x6d, 0x62, 0x5f, 0x67, 0x72, 0x75,
    0x2f, 0x6c, 0x69, 0x6e, 0x65, 0x61, 0x72, 0x5f, 0x69, 0x6e, 0x2f, 0x30, 0x2f, 0x53, 0x6c, 0x69,
    0x63, 0x65, 0x22, 0x05, 0x53, 0x6c, 0x69, 0x63, 0x65, 0x0a, 0x71, 0x12, 0x28, 0x2f, 0x65, 0x6d,
    0x62, 0x5f, 0x67, 0x72, 0x75, 0x2f, 0x6c, 0x69, 0x6e, 0x65, 0x61, 0x72, 0x5f, 0x69, 0x6e, 0x2f,
    0x30, 0x2f, 0x43, 0x6f, 0x6e, 0x73, 0x74, 0x61, 0x6e, 0x74, 0x5f, 0x35, 0x5f, 0x6f, 0x75, 0x74,
    0x70, 0x75, 0x74, 0x5f, 0x30, 0x1a, 0x1f, 0x2f, 0x65, 0x6d, 0x62, 0x5f, 0x67, 0x72, 0x75, 0x2f,
    0x6c, 0x69, 0x6e, 0x65, 0x61, 0x72, 0x5f, 0x69, 0x6e, 0x2f, 0x30, 0x2f, 0x43, 0x6f, 0x6e, 0x73,
    0x74, 0x61, 0x6e, 0x74, 0x5f, 0x35, 0x22, 0x08, 0x43, 0x6f, 0x6e, 0x73, 0x74, 0x61, 0x6e, 0x74,
    0x2a, 0x1a, 0x0a, 0x05, 0x76, 0x61, 0x6c, 0x75, 0x65, 0x2a, 0x0e, 0x08, 0x01, 0x10, 0x07, 0x4a,
    0x08, 0xff, 0xff, 0xff, 0xff, 0xff, 0xff, 0xff, 0xff, 0xa0, 0x01, 0x04, 0x0a, 0xab, 0x01, 0x0a,
    0x23, 0x2f, 0x65, 0x6d, 0x62, 0x5f, 0x67, 0x72, 0x75, 0x2f, 0x6c, 0x69, 0x6e, 0x65, 0x61, 0x72,
    0x5f, 0x69, 0x6e, 0x2f, 0x30, 0x2f, 0x53, 0x6c, 0x69, 0x63, 0x65, 0x5f, 0x6f, 0x75, 0x74, 0x70,
    0x75, 0x74, 0x5f, 0x30, 0x0a, 0x28, 0x2f, 0x65, 0x6d, 0x62, 0x5f, 0x67, 0x72, 0x75, 0x2f, 0x6c,
    0x69, 0x6e, 0x65, 0x61, 0x72, 0x5f, 0x69, 0x6e, 0x2f, 0x30, 0x2f, 0x43, 0x6f, 0x6e, 0x73, 0x74,
    0x61, 0x6e, 0x74, 0x5f, 0x35, 0x5f, 0x6f, 0x75, 0x74, 0x70, 0x75, 0x74, 0x5f, 0x30, 0x12, 0x26,
    0x2f, 0x65, 0x6d, 0x62, 0x5f, 0x67, 0x72, 0x75, 0x2f, 0x6c, 0x69, 0x6e, 0x65, 0x61, 0x72, 0x5f,
    0x69, 0x6e, 0x2f, 0x30, 0x2f, 0x43, 0x6f, 0x6e, 0x63, 0x61, 0x74, 0x5f, 0x31, 0x5f, 0x6f, 0x75,
    0x74, 0x70, 0x75, 0x74, 0x5f, 0x30, 0x1a, 0x1d, 0x2f, 0x65, 0x6d, 0x62, 0x5f, 0x67, 0x72, 0x75,
    0x2f, 0x6c, 0x69, 0x6e, 0x65, 0x61, 0x72, 0x5f, 0x69, 0x6e, 0x2f, 0x30, 0x2f, 0x43, 0x6f, 0x6e,
    0x63, 0x61, 0x74, 0x5f, 0x31, 0x22, 0x06, 0x43, 0x6f, 0x6e, 0x63, 0x61, 0x74, 0x2a, 0x0b, 0x0a,
    0x04, 0x61, 0x78, 0x69, 0x73, 0x18, 0x00, 0xa0, 0x01, 0x02, 0x0a, 0xa0, 0x01, 0x0a, 0x24, 0x2f,
    0x65, 0x6d, 0x62, 0x5f, 0x67, 0x72, 0x75, 0x2f, 0x6c, 0x69, 0x6e, 0x65, 0x61, 0x72, 0x5f, 0x69,
    0x6e, 0x2f, 0x30, 0x2f, 0x45, 0x69, 0x6e, 0x73, 0x75, 0x6d, 0x5f, 0x6f, 0x75, 0x74, 0x70, 0x75,
    0x74, 0x5f, 0x30, 0x0a, 0x26, 0x2f, 0x65, 0x6d, 0x62, 0x5f, 0x67, 0x72, 0x75, 0x2f, 0x6c, 0x69,
    0x6e, 0x65, 0x61, 0x72, 0x5f, 0x69, 0x6e, 0x2f, 0x30, 0x2f, 0x43, 0x6f, 0x6e, 0x63, 0x61, 0x74,
    0x5f, 0x31, 0x5f, 0x6f, 0x75, 0x74, 0x70, 0x75, 0x74, 0x5f, 0x30, 0x12, 0x27, 0x2f, 0x65, 0x6d,
    0x62, 0x5f, 0x67, 0x72, 0x75, 0x2f, 0x6c, 0x69, 0x6e, 0x65, 0x61, 0x72, 0x5f, 0x69, 0x6e, 0x2f,
    0x30, 0x2f, 0x52, 0x65, 0x73, 0x68, 0x61, 0x70, 0x65, 0x5f, 0x31, 0x5f, 0x6f, 0x75, 0x74, 0x70,
    0x75, 0x74, 0x5f, 0x30, 0x1a, 0x1e, 0x2f, 0x65, 0x6d, 0x62, 0x5f, 0x67, 0x72, 0x75, 0x2f, 0x6c,
    0x69, 0x6e, 0x65, 0x61, 0x72, 0x5f, 0x69, 0x6e, 0x2f, 0x30, 0x2f, 0x52, 0x65, 0x73, 0x68, 0x61,
    0x70, 0x65, 0x5f, 0x31, 0x22, 0x07, 0x52, 0x65, 0x73, 0x68, 0x61, 0x70, 0x65, 0x0a, 0x6e, 0x0a,
    0x27, 0x2f, 0x65, 0x6d, 0x62, 0x5f, 0x67, 0x72, 0x75, 0x2f, 0x6c, 0x69, 0x6e, 0x65, 0x61, 0x72,
    0x5f, 0x69, 0x6e, 0x2f, 0x30, 0x2f, 0x52, 0x65, 0x73, 0x68, 0x61, 0x70, 0x65, 0x5f, 0x31, 0x5f,
    0x6f, 0x75, 0x74, 0x70, 0x75, 0x74, 0x5f, 0x30, 0x12, 0x22, 0x2f, 0x65, 0x6d, 0x62, 0x5f, 0x67,
    0x72, 0x75, 0x2f, 0x6c, 0x69, 0x6e, 0x65, 0x61, 0x72, 0x5f, 0x69, 0x6e, 0x2f, 0x31, 0x2f, 0x52,
    0x65, 0x6c, 0x75, 0x5f, 0x6f, 0x75, 0x74, 0x70, 0x75, 0x74, 0x5f, 0x30, 0x1a, 0x19, 0x2f, 0x65,
    0x6d, 0x62, 0x5f, 0x67, 0x72, 0x75, 0x2f, 0x6c, 0x69, 0x6e, 0x65, 0x61, 0x72, 0x5f, 0x69, 0x6e,
    0x2f, 0x31, 0x2f, 0x52, 0x65, 0x6c, 0x75, 0x22, 0x04, 0x52, 0x65, 0x6c, 0x75, 0x0a, 0x71, 0x0a,
    0x22, 0x2f, 0x65, 0x6d, 0x62, 0x5f, 0x67, 0x72, 0x75, 0x2f, 0x6c, 0x69, 0x6e, 0x65, 0x61, 0x72,
    0x5f, 0x69, 0x6e, 0x2f, 0x31, 0x2f, 0x52, 0x65, 0x6c, 0x75, 0x5f, 0x6f, 0x75, 0x74, 0x70, 0x75,
    0x74, 0x5f, 0x30, 0x12, 0x1b, 0x2f, 0x65, 0x6d, 0x62, 0x5f, 0x67, 0x72, 0x75, 0x2f, 0x54, 0x72,
    0x61, 0x6e, 0x73, 0x70, 0x6f, 0x73, 0x65, 0x5f, 0x6f, 0x75, 0x74, 0x70, 0x75, 0x74, 0x5f, 0x30,
    0x1a, 0x12, 0x2f, 0x65, 0x6d, 0x62, 0x5f, 0x67, 0x72, 0x75, 0x2f, 0x54, 0x72, 0x61, 0x6e, 0x73,
    0x70, 0x6f, 0x73, 0x65, 0x22, 0x09, 0x54, 0x72, 0x61, 0x6e, 0x73, 0x70, 0x6f, 0x73, 0x65, 0x2a,
    0x0f, 0x0a, 0x04, 0x70, 0x65, 0x72, 0x6d, 0x40, 0x01, 0x40, 0x00, 0x40, 0x02, 0xa0, 0x01, 0x07,
    0x0a, 0xef, 0x01, 0x0a, 0x1b, 0x2f, 0x65, 0x6d, 0x62, 0x5f, 0x67, 0x72, 0x75, 0x2f, 0x54, 0x72,
    0x61, 0x6e, 0x73, 0x70, 0x6f, 0x73, 0x65, 0x5f, 0x6f, 0x75, 0x74, 0x70, 0x75, 0x74, 0x5f, 0x30,
    0x0a, 0x1c, 0x2f, 0x65, 0x6d, 0x62, 0x5f, 0x67, 0x72, 0x75, 0x2f, 0x43, 0x6f, 0x6e, 0x73, 0x74,
    0x61, 0x6e, 0x74, 0x5f, 0x33, 0x5f, 0x6f, 0x75, 0x74, 0x70, 0x75, 0x74, 0x5f, 0x30, 0x0a, 0x1c,
    0x2f, 0x65, 0x6d, 0x62, 0x5f, 0x67, 0x72, 0x75, 0x2f, 0x43, 0x6f, 0x6e, 0x73, 0x74, 0x61, 0x6e,
    0x74, 0x5f, 0x34, 0x5f, 0x6f, 0x75, 0x74, 0x70, 0x75, 0x74, 0x5f, 0x30, 0x0a, 0x1c, 0x2f, 0x65,
    0x6d, 0x62, 0x5f, 0x67, 0x72, 0x75, 0x2f, 0x43, 0x6f, 0x6e, 0x73, 0x74, 0x61, 0x6e, 0x74, 0x5f,
    0x35, 0x5f, 0x6f, 0x75, 0x74, 0x70, 0x75, 0x74, 0x5f, 0x30, 0x0a, 0x00, 0x0a, 0x02, 0x68, 0x30,
    0x12, 0x15, 0x2f, 0x65, 0x6d, 0x62, 0x5f, 0x67, 0x72, 0x75, 0x2f, 0x47, 0x52, 0x55, 0x5f, 0x6f,
    0x75, 0x74, 0x70, 0x75, 0x74, 0x5f, 0x30, 0x12, 0x15, 0x2f, 0x65, 0x6d, 0x62, 0x5f, 0x67, 0x72,
    0x75, 0x2f, 0x47, 0x52, 0x55, 0x5f, 0x6f, 0x75, 0x74, 0x70, 0x75, 0x74, 0x5f, 0x31, 0x1a, 0x0c,
    0x2f, 0x65, 0x6d, 0x62, 0x5f, 0x67, 0x72, 0x75, 0x2f, 0x47, 0x52, 0x55, 0x22, 0x03, 0x47, 0x52,
    0x55, 0x2a, 0x13, 0x0a, 0x0b, 0x68, 0x69, 0x64, 0x64, 0x65, 0x6e, 0x5f, 0x73, 0x69, 0x7a, 0x65,
    0x18, 0x80, 0x02, 0xa0, 0x01, 0x02, 0x2a, 0x1a, 0x0a, 0x13, 0x6c, 0x69, 0x6e, 0x65, 0x61, 0x72,
    0x5f, 0x62, 0x65, 0x66, 0x6f, 0x72, 0x65, 0x5f, 0x72, 0x65, 0x73, 0x65, 0x74, 0x18, 0x01, 0xa0,
    0x01, 0x02, 0x0a, 0x5a, 0x0a, 0x15, 0x2f, 0x65, 0x6d, 0x62, 0x5f, 0x67, 0x72, 0x75, 0x2f, 0x47,
    0x52, 0x55, 0x5f, 0x6f, 0x75, 0x74, 0x70, 0x75, 0x74, 0x5f, 0x30, 0x12, 0x19, 0x2f, 0x65, 0x6d,
    0x62, 0x5f, 0x67, 0x72, 0x75, 0x2f, 0x53, 0x71, 0x75, 0x65, 0x65, 0x7a, 0x65, 0x5f, 0x6f, 0x75,
    0x74, 0x70, 0x75, 0x74, 0x5f, 0x30, 0x1a, 0x10, 0x2f, 0x65, 0x6d, 0x62, 0x5f, 0x67, 0x72, 0x75,
    0x2f, 0x53, 0x71, 0x75, 0x65, 0x65, 0x7a, 0x65, 0x22, 0x07, 0x53, 0x71, 0x75, 0x65, 0x65, 0x7a,
    0x65, 0x2a, 0x0b, 0x0a, 0x04, 0x61, 0x78, 0x65, 0x73, 0x40, 0x01, 0xa0, 0x01, 0x07, 0x0a, 0x6c,
    0x0a, 0x19, 0x2f, 0x65, 0x6d, 0x62, 0x5f, 0x67, 0x72, 0x75, 0x2f, 0x53, 0x71, 0x75, 0x65, 0x65,
    0x7a, 0x65, 0x5f, 0x6f, 0x75, 0x74, 0x70, 0x75, 0x74, 0x5f, 0x30, 0x12, 0x1d, 0x2f, 0x65, 0x6d,
    0x62, 0x5f, 0x67, 0x72, 0x75, 0x2f, 0x54, 0x72, 0x61, 0x6e, 0x73, 0x70, 0x6f, 0x73, 0x65, 0x5f,
    0x31, 0x5f, 0x6f, 0x75, 0x74, 0x70, 0x75, 0x74, 0x5f, 0x30, 0x1a, 0x14, 0x2f, 0x65, 0x6d, 0x62,
    0x5f, 0x67, 0x72, 0x75, 0x2f, 0x54, 0x72, 0x61, 0x6e, 0x73, 0x70, 0x6f, 0x73, 0x65, 0x5f, 0x31,
    0x22, 0x09, 0x54, 0x72, 0x61, 0x6e, 0x73, 0x70, 0x6f, 0x73, 0x65, 0x2a, 0x0f, 0x0a, 0x04, 0x70,
    0x65, 0x72, 0x6d, 0x40, 0x01, 0x40, 0x00, 0x40, 0x02, 0xa0, 0x01, 0x07, 0x0a, 0x69, 0x0a, 0x1d,
    0x2f, 0x65, 0x6d, 0x62, 0x5f, 0x67, 0x72, 0x75, 0x2f, 0x54, 0x72, 0x61, 0x6e, 0x73, 0x70, 0x6f,
    0x73, 0x65, 0x5f, 0x31, 0x5f, 0x6f, 0x75, 0x74, 0x70, 0x75, 0x74, 0x5f, 0x30, 0x12, 0x24, 0x2f,
    0x65, 0x6d, 0x62, 0x5f, 0x67, 0x72, 0x75, 0x2f, 0x6c, 0x69, 0x6e, 0x65, 0x61, 0x72, 0x5f, 0x6f,
    0x75, 0x74, 0x2f, 0x30, 0x2f, 0x53, 0x68, 0x61, 0x70, 0x65, 0x5f, 0x6f, 0x75, 0x74, 0x70, 0x75,
    0x74, 0x5f, 0x30, 0x1a, 0x1b, 0x2f, 0x65, 0x6d, 0x62, 0x5f, 0x67, 0x72, 0x75, 0x2f, 0x6c, 0x69,
    0x6e, 0x65, 0x61, 0x72, 0x5f, 0x6f, 0x75, 0x74, 0x2f, 0x30, 0x2f, 0x53, 0x68, 0x61, 0x70, 0x65,
    0x22, 0x05, 0x53, 0x68, 0x61, 0x70, 0x65, 0x0a, 0x44, 0x12, 0x10, 0x6f, 0x6e, 0x6e, 0x78, 0x3a,
    0x3a, 0x47, 0x61, 0x74, 0x68, 0x65, 0x72, 0x5f, 0x32, 0x35, 0x33, 0x1a, 0x0c, 0x43, 0x6f, 0x6e,
    0x73, 0x74, 0x61, 0x6e, 0x74, 0x5f, 0x31, 0x32, 0x38, 0x22, 0x08, 0x43, 0x6f, 0x6e, 0x73, 0x74,
    0x61, 0x6e, 0x74, 0x2a, 0x18, 0x0a, 0x05, 0x76, 0x61, 0x6c, 0x75, 0x65, 0x2a, 0x0c, 0x10, 0x07,
    0x4a, 0x08, 0x00, 0x00, 0x00, 0x00, 0x00, 0x00, 0x00, 0x00, 0xa0, 0x01, 0x04, 0x0a, 0x85, 0x01,
    0x0a, 0x24, 0x2f, 0x65, 0x6d, 0x62, 0x5f, 0x67, 0x72, 0x75, 0x2f, 0x6c, 0x69, 0x6e, 0x65, 0x61,
    0x72, 0x5f, 0x6f, 0x75, 0x74, 0x2f, 0x30, 0x2f, 0x53, 0x68, 0x61, 0x70, 0x65, 0x5f, 0x6f, 0x75,
    0x74, 0x70, 0x75, 0x74, 0x5f, 0x30, 0x0a, 0x10, 0x6f, 0x6e, 0x6e, 0x78, 0x3a, 0x3a, 0x47, 0x61,
    0x74, 0x68, 0x65, 0x72, 0x5f, 0x32, 0x35, 0x33, 0x12, 0x25, 0x2f, 0x65, 0x6d, 0x62, 0x5f, 0x67,
    0x72, 0x75, 0x2f, 0x6c, 0x69, 0x6e, 0x65, 0x61, 0x72, 0x5f, 0x6f, 0x75, 0x74, 0x2f, 0x30, 0x2f,
    0x47, 0x61, 0x74, 0x68, 0x65, 0x72, 0x5f, 0x6f, 0x75, 0x74, 0x70, 0x75, 0x74, 0x5f, 0x30, 0x1a,
    0x1c, 0x2f, 0x65, 0x6d, 0x62, 0x5f, 0x67, 0x72, 0x75, 0x2f, 0x6c, 0x69, 0x6e, 0x65, 0x61, 0x72,
    0x5f, 0x6f, 0x75, 0x74, 0x2f, 0x30, 0x2f, 0x47, 0x61, 0x74, 0x68, 0x65, 0x72, 0x22, 0x06, 0x47,
    0x61, 0x74, 0x68, 0x65, 0x72, 0x0a, 0x44, 0x12, 0x10, 0x6f, 0x6e, 0x6e, 0x78, 0x3a, 0x3a, 0x47,
    0x61, 0x74, 0x68, 0x65, 0x72, 0x5f, 0x32, 0x35, 0x35, 0x1a, 0x0c, 0x43, 0x6f, 0x6e, 0x73, 0x74,
    0x61, 0x6e, 0x74, 0x5f, 0x31, 0x33, 0x30, 0x22, 0x08, 0x43, 0x6f, 0x6e, 0x73, 0x74, 0x61, 0x6e,
    0x74, 0x2a, 0x18, 0x0a, 0x05, 0x76, 0x61, 0x6c, 0x75, 0x65, 0x2a, 0x0c, 0x10, 0x07, 0x4a, 0x08,
    0x01, 0x00, 0x00, 0x00, 0x00, 0x00, 0x00, 0x00, 0xa0, 0x01, 0x04, 0x0a, 0x89, 0x01, 0x0a, 0x24,
    0x2f, 0x65, 0x6d, 0x62, 0x5f, 0x67, 0x72, 0x75, 0x2f, 0x6c, 0x69, 0x6e, 0x65, 0x61, 0x72, 0x5f,
    0x6f, 0x75, 0x74, 0x2f, 0x30, 0x2f, 0x53, 0x68, 0x61, 0x70, 0x65, 0x5f, 0x6f, 0x75, 0x74, 0x70,
    0x75, 0x74, 0x5f, 0x30, 0x0a, 0x10, 0x6f, 0x6e, 0x6e, 0x78, 0x3a, 0x3a, 0x47, 0x61, 0x74, 0x68,
    0x65, 0x72, 0x5f, 0x32, 0x35, 0x35, 0x12, 0x27, 0x2f, 0x65, 0x6d, 0x62, 0x5f, 0x67, 0x72, 0x75,
    0x2f, 0x6c, 0x69, 0x6e, 0x65, 0x61, 0x72, 0x5f, 0x6f, 0x75, 0x74, 0x2f, 0x30, 0x2f, 0x47, 0x61,
    0x74, 0x68, 0x65, 0x72, 0x5f, 0x31, 0x5f, 0x6f, 0x75, 0x74, 0x70, 0x75, 0x74, 0x5f, 0x30, 0x1a,
    0x1e, 0x2f, 0x65, 0x6d, 0x62, 0x5f, 0x67, 0x72, 0x75, 0x2f, 0x6c, 0x69, 0x6e, 0x65, 0x61, 0x72,
    0x5f, 0x6f, 0x75, 0x74, 0x2f, 0x30, 0x2f, 0x47, 0x61, 0x74, 0x68, 0x65, 0x72, 0x5f, 0x31, 0x22,
    0x06, 0x47, 0x61, 0x74, 0x68, 0x65, 0x72, 0x0a, 0x8a, 0x01, 0x0a, 0x25, 0x2f, 0x65, 0x6d, 0x62,
    0x5f, 0x67, 0x72, 0x75, 0x2f, 0x6c, 0x69, 0x6e, 0x65, 0x61, 0x72, 0x5f, 0x6f, 0x75, 0x74, 0x2f,
    0x30, 0x2f, 0x47, 0x61, 0x74, 0x68, 0x65, 0x72, 0x5f, 0x6f, 0x75, 0x74, 0x70, 0x75, 0x74, 0x5f,
    0x30, 0x12, 0x28, 0x2f, 0x65, 0x6d, 0x62, 0x5f, 0x67, 0x72, 0x75, 0x2f, 0x6c, 0x69, 0x6e, 0x65,
    0x61, 0x72, 0x5f, 0x6f, 0x75, 0x74, 0x2f, 0x30, 0x2f, 0x55, 0x6e, 0x73, 0x71, 0x75, 0x65, 0x65,
    0x7a, 0x65, 0x5f, 0x6f, 0x75, 0x74, 0x70, 0x75, 0x74, 0x5f, 0x30, 0x1a, 0x1f, 0x2f, 0x65, 0x6d,
    0x62, 0x5f, 0x67, 0x72, 0x75, 0x2f, 0x6c, 0x69, 0x6e, 0x65, 0x61, 0x72, 0x5f, 0x6f, 0x75, 0x74,
    0x2f, 0x30, 0x2f, 0x55, 0x6e, 0x73, 0x71, 0x75, 0x65, 0x65, 0x7a, 0x65, 0x22, 0x09, 0x55, 0x6e,
    0x73, 0x71, 0x75, 0x65, 0x65, 0x7a, 0x65, 0x2a, 0x0b, 0x0a, 0x04, 0x61, 0x78, 0x65, 0x73, 0x40,
    0x00, 0xa0, 0x01, 0x07, 0x0a, 0x90, 0x01, 0x0a, 0x27, 0x2f, 0x65, 0x6d, 0x62, 0x5f, 0x67, 0x72,
    0x75, 0x2f, 0x6c, 0x69, 0x6e, 0x65, 0x61, 0x72, 0x5f, 0x6f, 0x75, 0x74, 0x2f, 0x30, 0x2f, 0x47,
    0x61, 0x74, 0x68, 0x65, 0x72, 0x5f, 0x31, 0x5f, 0x6f, 0x75, 0x74, 0x70, 0x75, 0x74, 0x5f, 0x30,
    0x12, 0x2a, 0x2f, 0x65, 0x6d, 0x62, 0x5f, 0x67, 0x72, 0x75, 0x2f, 0x6c, 0x69, 0x6e, 0x65, 0x61,
    0x72, 0x5f, 0x6f, 0x75, 0x74, 0x2f, 0x30, 0x2f, 0x55, 0x6e, 0x73, 0x71, 0x75, 0x65, 0x65, 0x7a,
    0x65, 0x5f, 0x31, 0x5f, 0x6f, 0x75, 0x74, 0x70, 0x75, 0x74, 0x5f, 0x30, 0x1a, 0x21, 0x2f, 0x65,
    0x6d, 0x62, 0x5f, 0x67, 0x72, 0x75, 0x2f, 0x6c, 0x69, 0x6e, 0x65, 0x61, 0x72, 0x5f, 0x6f, 0x75,
    0x74, 0x2f, 0x30, 0x2f, 0x55, 0x6e, 0x73, 0x71, 0x75, 0x65, 0x65, 0x7a, 0x65, 0x5f, 0x31, 0x22,
    0x09, 0x55, 0x6e, 0x73, 0x71, 0x75, 0x65, 0x65, 0x7a, 0x65, 0x2a, 0x0b, 0x0a, 0x04, 0x61, 0x78,
    0x65, 0x73, 0x40, 0x00, 0xa0, 0x01, 0x07, 0x0a, 0x6f, 0x12, 0x27, 0x2f, 0x65, 0x6d, 0x62, 0x5f,
    0x67, 0x72, 0x75, 0x2f, 0x6c, 0x69, 0x6e, 0x65, 0x61, 0x72, 0x5f, 0x6f, 0x75, 0x74, 0x2f, 0x30,
    0x2f, 0x43, 0x6f, 0x6e, 0x73, 0x74, 0x61, 0x6e, 0x74, 0x5f, 0x6f, 0x75, 0x74, 0x70, 0x75, 0x74,
    0x5f, 0x30, 0x1a, 0x1e, 0x2f, 0x65, 0x6d, 0x62, 0x5f, 0x67, 0x72, 0x75, 0x2f, 0x6c, 0x69, 0x6e,
    0x65, 0x61, 0x72, 0x5f, 0x6f, 0x75, 0x74, 0x2f, 0x30, 0x2f, 0x43, 0x6f, 0x6e, 0x73, 0x74, 0x61,
    0x6e, 0x74, 0x22, 0x08, 0x43, 0x6f, 0x6e, 0x73, 0x74, 0x61, 0x6e, 0x74, 0x2a, 0x1a, 0x0a, 0x05,
    0x76, 0x61, 0x6c, 0x75, 0x65, 0x2a, 0x0e, 0x08, 0x01, 0x10, 0x07, 0x4a, 0x08, 0x10, 0x00, 0x00,
    0x00, 0x00, 0x00, 0x00, 0x00, 0xa0, 0x01, 0x04, 0x0a, 0x73, 0x12, 0x29, 0x2f, 0x65, 0x6d, 0x62,
    0x5f, 0x67, 0x72, 0x75, 0x2f, 0x6c, 0x69, 0x6e, 0x65, 0x61, 0x72, 0x5f, 0x6f, 0x75, 0x74, 0x2f,
    0x30, 0x2f, 0x43, 0x6f, 0x6e, 0x73, 0x74, 0x61, 0x6e, 0x74, 0x5f, 0x31, 0x5f, 0x6f, 0x75, 0x74,
    0x70, 0x75, 0x74, 0x5f, 0x30, 0x1a, 0x20, 0x2f, 0x65, 0x6d, 0x62, 0x5f, 0x67, 0x72, 0x75, 0x2f,
    0x6c, 0x69, 0x6e, 0x65, 0x61, 0x72, 0x5f, 0x6f, 0x75, 0x74, 0x2f, 0x30, 0x2f, 0x43, 0x6f, 0x6e,
    0x73, 0x74, 0x61, 0x6e, 0x74, 0x5f, 0x31, 0x22, 0x08, 0x43, 0x6f, 0x6e, 0x73, 0x74, 0x61, 0x6e,
    0x74, 0x2a, 0x1a, 0x0a, 0x05, 0x76, 0x61, 0x6c, 0x75, 0x65, 0x2a, 0x0e, 0x08, 0x01, 0x10, 0x07,
    0x4a, 0x08, 0x10, 0x00, 0x00, 0x00, 0x00, 0x00, 0x00, 0x00, 0xa0, 0x01, 0x04, 0x0a, 0x84, 0x02,
    0x0a, 0x28, 0x2f, 0x65, 0x6d, 0x62, 0x5f, 0x67, 0x72, 0x75, 0x2f, 0x6c, 0x69, 0x6e, 0x65, 0x61,
    0x72, 0x5f, 0x6f, 0x75, 0x74, 0x2f, 0x30, 0x2f, 0x55, 0x6e, 0x73, 0x71, 0x75, 0x65, 0x65, 0x7a,
    0x65, 0x5f, 0x6f, 0x75, 0x74, 0x70, 0x75, 0x74, 0x5f, 0x30, 0x0a, 0x2a, 0x2f, 0x65, 0x6d, 0x62,
    0x5f, 0x67, 0x72, 0x75, 0x2f, 0x6c, 0x69, 0x6e, 0x65, 0x61, 0x72, 0x5f, 0x6f, 0x75, 0x74, 0x2f,
    0x30, 0x2f, 0x55, 0x6e, 0x73, 0x71, 0x75, 0x65, 0x65, 0x7a, 0x65, 0x5f, 0x31, 0x5f, 0x6f, 0x75,
    0x74, 0x70, 0x75, 0x74, 0x5f, 0x30, 0x0a, 0x27, 0x2f, 0x65, 0x6d, 0x62, 0x5f, 0x67, 0x72, 0x75,
    0x2f, 0x6c, 0x69, 0x6e, 0x65, 0x61, 0x72, 0x5f, 0x6f, 0x75, 0x74, 0x2f, 0x30, 0x2f, 0x43, 0x6f,
    0x6e, 0x73, 0x74, 0x61, 0x6e, 0x74, 0x5f, 0x6f, 0x75, 0x74, 0x70, 0x75, 0x74, 0x5f, 0x30, 0x0a,
    0x29, 0x2f, 0x65, 0x6d, 0x62, 0x5f, 0x67, 0x72, 0x75, 0x2f, 0x6c, 0x69, 0x6e, 0x65, 0x61, 0x72,
    0x5f, 0x6f, 0x75, 0x74, 0x2f, 0x30, 0x2f, 0x43, 0x6f, 0x6e, 0x73, 0x74, 0x61, 0x6e, 0x74, 0x5f,
    0x31, 0x5f, 0x6f, 0x75, 0x74, 0x70, 0x75, 0x74, 0x5f, 0x30, 0x12, 0x25, 0x2f, 0x65, 0x6d, 0x62,
    0x5f, 0x67, 0x72, 0x75, 0x2f, 0x6c, 0x69, 0x6e, 0x65, 0x61, 0x72, 0x5f, 0x6f, 0x75, 0x74, 0x2f,
    0x30, 0x2f, 0x43, 0x6f, 0x6e, 0x63, 0x61, 0x74, 0x5f, 0x6f, 0x75, 0x74, 0x70, 0x75, 0x74, 0x5f,
    0x30, 0x1a, 0x1c, 0x2f, 0x65, 0x6d, 0x62, 0x5f, 0x67, 0x72, 0x75, 0x2f, 0x6c, 0x69, 0x6e, 0x65,
    0x61, 0x72, 0x5f, 0x6f, 0x75, 0x74, 0x2f, 0x30, 0x2f, 0x43, 0x6f, 0x6e, 0x63, 0x61, 0x74, 0x22,
    0x06, 0x43, 0x6f, 0x6e, 0x63, 0x61, 0x74, 0x2a, 0x0b, 0x0a, 0x04, 0x61, 0x78, 0x69, 0x73, 0x18,
    0x00, 0xa0, 0x01, 0x02, 0x0a, 0x96, 0x01, 0x0a, 0x1d, 0x2f, 0x65, 0x6d, 0x62, 0x5f, 0x67, 0x72,
    0x75, 0x2f, 0x54, 0x72, 0x61, 0x6e, 0x73, 0x70, 0x6f, 0x73, 0x65, 0x5f, 0x31, 0x5f, 0x6f, 0x75,
    0x74, 0x70, 0x75, 0x74, 0x5f, 0x30, 0x0a, 0x25, 0x2f, 0x65, 0x6d, 0x62, 0x5f, 0x67, 0x72, 0x75,
    0x2f, 0x6c, 0x69, 0x6e, 0x65, 0x61, 0x72, 0x5f, 0x6f, 0x75, 0x74, 0x2f, 0x30, 0x2f, 0x43, 0x6f,
    0x6e, 0x63, 0x61, 0x74, 0x5f, 0x6f, 0x75, 0x74, 0x70, 0x75, 0x74, 0x5f, 0x30, 0x12, 0x26, 0x2f,
    0x65, 0x6d, 0x62, 0x5f, 0x67, 0x72, 0x75, 0x2f, 0x6c, 0x69, 0x6e, 0x65, 0x61, 0x72, 0x5f, 0x6f,
    0x75, 0x74, 0x2f, 0x30, 0x2f, 0x52, 0x65, 0x73, 0x68, 0x61, 0x70, 0x65, 0x5f, 0x6f, 0x75, 0x74,
    0x70, 0x75, 0x74, 0x5f, 0x30, 0x1a, 0x1d, 0x2f, 0x65, 0x6d, 0x62, 0x5f, 0x67, 0x72, 0x75, 0x2f,
    0x6c, 0x69, 0x6e, 0x65, 0x61, 0x72, 0x5f, 0x6f, 0x75, 0x74, 0x2f, 0x30, 0x2f, 0x52, 0x65, 0x73,
    0x68, 0x61, 0x70, 0x65, 0x22, 0x07, 0x52, 0x65, 0x73, 0x68, 0x61, 0x70, 0x65, 0x0a, 0xb1, 0x01,
    0x0a, 0x26, 0x2f, 0x65, 0x6d, 0x62, 0x5f, 0x67, 0x72, 0x75, 0x2f, 0x6c, 0x69, 0x6e, 0x65, 0x61,
    0x72, 0x5f, 0x6f, 0x75, 0x74, 0x2f, 0x30, 0x2f, 0x52, 0x65, 0x73, 0x68, 0x61, 0x70, 0x65, 0x5f,
    0x6f, 0x75, 0x74, 0x70, 0x75, 0x74, 0x5f, 0x30, 0x0a, 0x1b, 0x65, 0x6d, 0x62, 0x5f, 0x67, 0x72,
    0x75, 0x2e, 0x6c, 0x69, 0x6e, 0x65, 0x61, 0x72, 0x5f, 0x6f, 0x75, 0x74, 0x2e, 0x30, 0x2e, 0x77,
    0x65, 0x69, 0x67, 0x68, 0x74, 0x12, 0x25, 0x2f, 0x65, 0x6d, 0x62, 0x5f, 0x67, 0x72, 0x75, 0x2f,
    0x6c, 0x69, 0x6e, 0x65, 0x61, 0x72, 0x5f, 0x6f, 0x75, 0x74, 0x2f, 0x30, 0x2f, 0x45, 0x69, 0x6e,
    0x73, 0x75, 0x6d, 0x5f, 0x6f, 0x75, 0x74, 0x70, 0x75, 0x74, 0x5f, 0x30, 0x1a, 0x1c, 0x2f, 0x65,
    0x6d, 0x62, 0x5f, 0x67, 0x72, 0x75, 0x2f, 0x6c, 0x69, 0x6e, 0x65, 0x61, 0x72, 0x5f, 0x6f, 0x75,
    0x74, 0x2f, 0x30, 0x2f, 0x45, 0x69, 0x6e, 0x73, 0x75, 0x6d, 0x22, 0x06, 0x45, 0x69, 0x6e, 0x73,
    0x75, 0x6d, 0x2a, 0x1d, 0x0a, 0x08, 0x65, 0x71, 0x75, 0x61, 0x74, 0x69, 0x6f, 0x6e, 0x22, 0x0e,
    0x62, 0x74, 0x67, 0x69, 0x2c, 0x67, 0x69, 0x68, 0x2d, 0x3e, 0x62, 0x74, 0x67, 0x68, 0xa0, 0x01,
    0x03, 0x0a, 0x75, 0x0a, 0x25, 0x2f, 0x65, 0x6d, 0x62, 0x5f, 0x67, 0x72, 0x75, 0x2f, 0x6c, 0x69,
    0x6e, 0x65, 0x61, 0x72, 0x5f, 0x6f, 0x75, 0x74, 0x2f, 0x30, 0x2f, 0x45, 0x69, 0x6e, 0x73, 0x75,
    0x6d, 0x5f, 0x6f, 0x75, 0x74, 0x70, 0x75, 0x74, 0x5f, 0x30, 0x12, 0x26, 0x2f, 0x65, 0x6d, 0x62,
    0x5f, 0x67, 0x72, 0x75, 0x2f, 0x6c, 0x69, 0x6e, 0x65, 0x61, 0x72, 0x5f, 0x6f, 0x75, 0x74, 0x2f,
    0x30, 0x2f, 0x53, 0x68, 0x61, 0x70, 0x65, 0x5f, 0x31, 0x5f, 0x6f, 0x75, 0x74, 0x70, 0x75, 0x74,
    0x5f, 0x30, 0x1a, 0x1d, 0x2f, 0x65, 0x6d, 0x62, 0x5f, 0x67, 0x72, 0x75, 0x2f, 0x6c, 0x69, 0x6e,
    0x65, 0x61, 0x72, 0x5f, 0x6f, 0x75, 0x74, 0x2f, 0x30, 0x2f, 0x53, 0x68, 0x61, 0x70, 0x65, 0x5f,
    0x31, 0x22, 0x05, 0x53, 0x68, 0x61, 0x70, 0x65, 0x0a, 0x73, 0x12, 0x29, 0x2f, 0x65, 0x6d, 0x62,
    0x5f, 0x67, 0x72, 0x75, 0x2f, 0x6c, 0x69, 0x6e, 0x65, 0x61, 0x72, 0x5f, 0x6f, 0x75, 0x74, 0x2f,
    0x30, 0x2f, 0x43, 0x6f, 0x6e, 0x73, 0x74, 0x61, 0x6e, 0x74, 0x5f, 0x32, 0x5f, 0x6f, 0x75, 0x74,
    0x70, 0x75, 0x74, 0x5f, 0x30, 0x1a, 0x20, 0x2f, 0x65, 0x6d, 0x62, 0x5f, 0x67, 0x72, 0x75, 0x2f,
    0x6c, 0x69, 0x6e, 0x65, 0x61, 0x72, 0x5f, 0x6f, 0x75, 0x74, 0x2f, 0x30, 0x2f, 0x43, 0x6f, 0x6e,
    0x73, 0x74, 0x61, 0x6e, 0x74, 0x5f, 0x32, 0x22, 0x08, 0x43, 0x6f, 0x6e, 0x73, 0x74, 0x61, 0x6e,
    0x74, 0x2a, 0x1a, 0x0a, 0x05, 0x76, 0x61, 0x6c, 0x75, 0x65, 0x2a, 0x0e, 0x08, 0x01, 0x10, 0x07,
    0x4a, 0x08, 0x00, 0x00, 0x00, 0x00, 0x00, 0x00, 0x00, 0x00, 0xa0, 0x01, 0x04, 0x0a, 0x73, 0x12,
    0x29, 0x2f, 0x65, 0x6d, 0x62, 0x5f, 0x67, 0x72, 0x75, 0x2f, 0x6c, 0x69, 0x6e, 0x65, 0x61, 0x72,
    0x5f, 0x6f, 0x75, 0x74, 0x2f, 0x30, 0x2f, 0x43, 0x6f, 0x6e, 0x73, 0x74, 0x61, 0x6e, 0x74, 0x5f,
    0x33, 0x5f, 0x6f, 0x75, 0x74, 0x70, 0x75, 0x74, 0x5f, 0x30, 0x1a, 0x20, 0x2f, 0x65, 0x6d, 0x62,
    0x5f, 0x67, 0x72, 0x75, 0x2f, 0x6c, 0x69, 0x6e, 0x65, 0x61, 0x72, 0x5f, 0x6f, 0x75, 0x74, 0x2f,
    0x30, 0x2f, 0x43, 0x6f, 0x6e, 0x73, 0x74, 0x61, 0x6e, 0x74, 0x5f, 0x33, 0x22, 0x08, 0x43, 0x6f,
    0x6e, 0x73, 0x74, 0x61, 0x6e, 0x74, 0x2a, 0x1a, 0x0a, 0x05, 0x76, 0x61, 0x6c, 0x75, 0x65, 0x2a,
    0x0e, 0x08, 0x01, 0x10, 0x07, 0x4a, 0x08, 0x00, 0x00, 0x00, 0x00, 0x00, 0x00, 0x00, 0x00, 0xa0,
    0x01, 0x04, 0x0a, 0x73, 0x12, 0x29, 0x2f, 0x65, 0x6d, 0x62, 0x5f, 0x67, 0x72, 0x75, 0x2f, 0x6c,
    0x69, 0x6e, 0x65, 0x61, 0x72, 0x5f, 0x6f, 0x75, 0x74, 0x2f, 0x30, 0x2f, 0x43, 0x6f, 0x6e, 0x73,
    0x74, 0x61, 0x6e, 0x74, 0x5f, 0x34, 0x5f, 0x6f, 0x75, 0x74, 0x70, 0x75, 0x74, 0x5f, 0x30, 0x1a,
    0x20, 0x2f, 0x65, 0x6d, 0x62, 0x5f, 0x67, 0x72, 0x75, 0x2f, 0x6c, 0x69, 0x6e, 0x65, 0x61, 0x72,
    0x5f, 0x6f, 0x75, 0x74, 0x2f, 0x30, 0x2f, 0x43, 0x6f, 0x6e, 0x73, 0x74, 0x61, 0x6e, 0x74, 0x5f,
    0x34, 0x22, 0x08, 0x43, 0x6f, 0x6e, 0x73, 0x74, 0x61, 0x6e, 0x74, 0x2a, 0x1a, 0x0a, 0x05, 0x76,
    0x61, 0x6c, 0x75, 0x65, 0x2a, 0x0e, 0x08, 0x01, 0x10, 0x07, 0x4a, 0x08, 0x02, 0x00, 0x00, 0x00,
    0x00, 0x00, 0x00, 0x00, 0xa0, 0x01, 0x04, 0x0a, 0xf3, 0x01, 0x0a, 0x26, 0x2f, 0x65, 0x6d, 0x62,
    0x5f, 0x67, 0x72, 0x75, 0x2f, 0x6c, 0x69, 0x6e, 0x65, 0x61, 0x72, 0x5f, 0x6f, 0x75, 0x74, 0x2f,
    0x30, 0x2f, 0x53, 0x68, 0x61, 0x70, 0x65, 0x5f, 0x31, 0x5f, 0x6f, 0x75, 0x74, 0x70, 0x75, 0x74,
    0x5f, 0x30, 0x0a, 0x29, 0x2f, 0x65, 0x6d, 0x62, 0x5f, 0x67, 0x72, 0x75, 0x2f, 0x6c, 0x69, 0x6e,
    0x65, 0x61, 0x72, 0x5f, 0x6f, 0x75, 0x74, 0x2f, 0x30, 0x2f, 0x43, 0x6f, 0x6e, 0x73, 0x74, 0x61,
    0x6e, 0x74, 0x5f, 0x33, 0x5f, 0x6f, 0x75, 0x74, 0x70, 0x75, 0x74, 0x5f, 0x30, 0x0a, 0x29, 0x2f,
    0x65, 0x6d, 0x62, 0x5f, 0x67, 0x72, 0x75, 0x2f, 0x6c, 0x69, 0x6e, 0x65, 0x61, 0x72, 0x5f, 0x6f,
    0x75, 0x74, 0x2f, 0x30, 0x2f, 0x43, 0x6f, 0x6e, 0x73, 0x74, 0x61, 0x6e, 0x74, 0x5f, 0x34, 0x5f,
    0x6f, 0x75, 0x74, 0x70, 0x75, 0x74, 0x5f, 0x30, 0x0a, 0x29, 0x2f, 0x65, 0x6d, 0x62, 0x5f, 0x67,
    0x72, 0x75, 0x2f, 0x6c, 0x69, 0x6e, 0x65, 0x61, 0x72, 0x5f, 0x6f, 0x75, 0x74, 0x2f, 0x30, 0x2f,
    0x43, 0x6f, 0x6e, 0x73, 0x74, 0x61, 0x6e, 0x74, 0x5f, 0x32, 0x5f, 0x6f, 0x75, 0x74, 0x70, 0x75,
    0x74, 0x5f, 0x30, 0x12, 0x24, 0x2f, 0x65, 0x6d, 0x62, 0x5f, 0x67, 0x72, 0x75, 0x2f, 0x6c, 0x69,
    0x6e, 0x65, 0x61, 0x72, 0x5f, 0x6f, 0x75, 0x74, 0x2f, 0x30, 0x2f, 0x53, 0x6c, 0x69, 0x63, 0x65,
    0x5f, 0x6f, 0x75, 0x74, 0x70, 0x75, 0x74, 0x5f, 0x30, 0x1a, 0x1b, 0x2f, 0x65, 0x6d, 0x62, 0x5f,
    0x67, 0x72, 0x75, 0x2f, 0x6c, 0x69, 0x6e, 0x65, 0x61, 0x72, 0x5f, 0x6f, 0x75, 0x74, 0x2f, 0x30,
    0x2f, 0x53, 0x6c, 0x69, 0x63, 0x65, 0x22, 0x05, 0x53, 0x6c, 0x69, 0x63, 0x65, 0x0a, 0x73, 0x12,
    0x29, 0x2f, 0x65, 0x6d, 0x62, 0x5f, 0x67, 0x72, 0x75, 0x2f, 0x6c, 0x69, 0x6e, 0x65, 0x61, 0x72,
    0x5f, 0x6f, 0x75, 0x74, 0x2f, 0x30, 0x2f, 0x43, 0x6f, 0x6e, 0x73, 0x74, 0x61, 0x6e, 0x74, 0x5f,
    0x35, 0x5f, 0x6f, 0x75, 0x74, 0x70, 0x75, 0x74, 0x5f, 0x30, 0x1a, 0x20, 0x2f, 0x65, 0x6d, 0x62,
    0x5f, 0x67, 0x72, 0x75, 0x2f, 0x6c, 0x69, 0x6e, 0x65, 0x61, 0x72, 0x5f, 0x6f, 0x75, 0x74, 0x2f,
    0x30, 0x2f, 0x43, 0x6f, 0x6e, 0x73, 0x74, 0x61, 0x6e, 0x74, 0x5f, 0x35, 0x22, 0x08, 0x43, 0x6f,
    0x6e, 0x73, 0x74, 0x61, 0x6e, 0x74, 0x2a, 0x1a, 0x0a, 0x05, 0x76, 0x61, 0x6c, 0x75, 0x65, 0x2a,
    0x0e, 0x08, 0x01, 0x10, 0x07, 0x4a, 0x08, 0xff, 0xff, 0xff, 0xff, 0xff, 0xff, 0xff, 0xff, 0xa0,
    0x01, 0x04, 0x0a, 0xaf, 0x01, 0x0a, 0x24, 0x2f, 0x65, 0x6d, 0x62, 0x5f, 0x67, 0x72, 0x75, 0x2f,
    0x6c, 0x69, 0x6e, 0x65, 0x61, 0x72, 0x5f, 0x6f, 0x75, 0x74, 0x2f, 0x30, 0x2f, 0x53, 0x6c, 0x69,
    0x63, 0x65, 0x5f, 0x6f, 0x75, 0x74, 0x70, 0x75, 0x74, 0x5f, 0x30, 0x0a, 0x29, 0x2f, 0x65, 0x6d,
    0x62, 0x5f, 0x67, 0x72, 0x75, 0x2f, 0x6c, 0x69, 0x6e, 0x65, 0x61, 0x72, 0x5f, 0x6f, 0x75, 0x74,
    0x2f, 0x30, 0x2f, 0x43, 0x6f, 0x6e, 0x73, 0x74, 0x61, 0x6e, 0x74, 0x5f, 0x35, 0x5f, 0x6f, 0x75,
    0x74, 0x70, 0x75, 0x74, 0x5f, 0x30, 0x12, 0x27, 0x2f, 0x65, 0x6d, 0x62, 0x5f, 0x67, 0x72, 0x75,
    0x2f, 0x6c, 0x69, 0x6e, 0x65, 0x61, 0x72, 0x5f, 0x6f, 0x75, 0x74, 0x2f, 0x30, 0x2f, 0x43, 0x6f,
    0x6e, 0x63, 0x61, 0x74, 0x5f, 0x31, 0x5f, 0x6f, 0x75, 0x74, 0x70, 0x75, 0x74, 0x5f, 0x30, 0x1a,
    0x1e, 0x2f, 0x65, 0x6d, 0x62, 0x5f, 0x67, 0x72, 0x75, 0x2f, 0x6c, 0x69, 0x6e, 0x65, 0x61, 0x72,
    0x5f, 0x6f, 0x75, 0x74, 0x2f, 0x30, 0x2f, 0x43, 0x6f, 0x6e, 0x63, 0x61, 0x74, 0x5f, 0x31, 0x22,
    0x06, 0x43, 0x6f, 0x6e, 0x63, 0x61, 0x74, 0x2a, 0x0b, 0x0a, 0x04, 0x61, 0x78, 0x69, 0x73, 0x18,
    0x00, 0xa0, 0x01, 0x02, 0x0a, 0xa4, 0x01, 0x0a, 0x25, 0x2f, 0x65, 0x6d, 0x62, 0x5f, 0x67, 0x72,
    0x75, 0x2f, 0x6c, 0x69, 0x6e, 0x65, 0x61, 0x72, 0x5f, 0x6f, 0x75, 0x74, 0x2f, 0x30, 0x2f, 0x45,
    0x69, 0x6e, 0x73, 0x75, 0x6d, 0x5f, 0x6f, 0x75, 0x74, 0x70, 0x75, 0x74, 0x5f, 0x30, 0x0a, 0x27,
    0x2f, 0x65, 0x6d, 0x62, 0x5f, 0x67, 0x72, 0x75, 0x2f, 0x6c, 0x69, 0x6e, 0x65, 0x61, 0x72, 0x5f,
    0x6f, 0x75, 0x74, 0x2f, 0x30, 0x2f, 0x43, 0x6f, 0x6e, 0x63, 0x61, 0x74, 0x5f, 0x31, 0x5f, 0x6f,
    0x75, 0x74, 0x70, 0x75, 0x74, 0x5f, 0x30, 0x12, 0x28, 0x2f, 0x65, 0x6d, 0x62, 0x5f, 0x67, 0x72,
    0x75, 0x2f, 0x6c, 0x69, 0x6e, 0x65, 0x61, 0x72, 0x5f, 0x6f, 0x75, 0x74, 0x2f, 0x30, 0x2f, 0x52,
    0x65, 0x73, 0x68, 0x61, 0x70, 0x65, 0x5f, 0x31, 0x5f, 0x6f, 0x75, 0x74, 0x70, 0x75, 0x74, 0x5f,
    0x30, 0x1a, 0x1f, 0x2f, 0x65, 0x6d, 0x62, 0x5f, 0x67, 0x72, 0x75, 0x2f, 0x6c, 0x69, 0x6e, 0x65,
    0x61, 0x72, 0x5f, 0x6f, 0x75, 0x74, 0x2f, 0x30, 0x2f, 0x52, 0x65, 0x73, 0x68, 0x61, 0x70, 0x65,
    0x5f, 0x31, 0x22, 0x07, 0x52, 0x65, 0x73, 0x68, 0x61, 0x70, 0x65, 0x0a, 0x51, 0x0a, 0x28, 0x2f,
    0x65, 0x6d, 0x62, 0x5f, 0x67, 0x72, 0x75, 0x2f, 0x6c, 0x69, 0x6e, 0x65, 0x61, 0x72, 0x5f, 0x6f,
    0x75, 0x74, 0x2f, 0x30, 0x2f, 0x52, 0x65, 0x73, 0x68, 0x61, 0x70, 0x65, 0x5f, 0x31, 0x5f, 0x6f,
    0x75, 0x74, 0x70, 0x75, 0x74, 0x5f, 0x30, 0x12, 0x03, 0x65, 0x6d, 0x62, 0x1a, 0x1a, 0x2f, 0x65,
    0x6d, 0x62, 0x5f, 0x67, 0x72, 0x75, 0x2f, 0x6c, 0x69, 0x6e, 0x65, 0x61, 0x72, 0x5f, 0x6f, 0x75,
    0x74, 0x2f, 0x31, 0x2f, 0x52, 0x65, 0x6c, 0x75, 0x22, 0x04, 0x52, 0x65, 0x6c, 0x75, 0x0a, 0x4e,
    0x0a, 0x03, 0x65, 0x6d, 0x62, 0x0a, 0x10, 0x6f, 0x6e, 0x6e, 0x78, 0x3a, 0x3a, 0x4d, 0x61, 0x74,
    0x4d, 0x75, 0x6c, 0x5f, 0x33, 0x33, 0x37, 0x12, 0x1a, 0x2f, 0x6c, 0x73, 0x6e, 0x72, 0x5f, 0x66,
    0x63, 0x2f, 0x30, 0x2f, 0x4d, 0x61, 0x74, 0x4d, 0x75, 0x6c, 0x5f, 0x6f, 0x75, 0x74, 0x70, 0x75,
    0x74, 0x5f, 0x30, 0x1a, 0x11, 0x2f, 0x6c, 0x73, 0x6e, 0x72, 0x5f, 0x66, 0x63, 0x2f, 0x30, 0x2f,
    0x4d, 0x61, 0x74, 0x4d, 0x75, 0x6c, 0x22, 0x06, 0x4d, 0x61, 0x74, 0x4d, 0x75, 0x6c, 0x0a, 0x5a,
    0x0a, 0x0e, 0x6c, 0x73, 0x6e, 0x72, 0x5f, 0x66, 0x63, 0x2e, 0x30, 0x2e, 0x62, 0x69, 0x61, 0x73,
    0x0a, 0x1a, 0x2f, 0x6c, 0x73, 0x6e, 0x72, 0x5f, 0x66, 0x63, 0x2f, 0x30, 0x2f, 0x4d, 0x61, 0x74,
    0x4d, 0x75, 0x6c, 0x5f, 0x6f, 0x75, 0x74, 0x70, 0x75, 0x74, 0x5f, 0x30, 0x12, 0x17, 0x2f, 0x6c,
    0x73, 0x6e, 0x72, 0x5f, 0x66, 0x63, 0x2f, 0x30, 0x2f, 0x41, 0x64, 0x64, 0x5f, 0x6f, 0x75, 0x74,
    0x70, 0x75, 0x74, 0x5f, 0x30, 0x1a, 0x0e, 0x2f, 0x6c, 0x73, 0x6e, 0x72, 0x5f, 0x66, 0x63, 0x2f,
    0x30, 0x2f, 0x41, 0x64, 0x64, 0x22, 0x03, 0x41, 0x64, 0x64, 0x0a, 0x53, 0x0a, 0x17, 0x2f, 0x6c,
    0x73, 0x6e, 0x72, 0x5f, 0x66, 0x63, 0x2f, 0x30, 0x2f, 0x41, 0x64, 0x64, 0x5f, 0x6f, 0x75, 0x74,
    0x70, 0x75, 0x74, 0x5f, 0x30, 0x12, 0x1b, 0x2f, 0x6c, 0x73, 0x6e, 0x72, 0x5f, 0x66, 0x63, 0x2f,
    0x31, 0x2f, 0x53, 0x69, 0x67, 0x6d, 0x6f, 0x69, 0x64, 0x5f, 0x6f, 0x75, 0x74, 0x70, 0x75, 0x74,
    0x5f, 0x30, 0x1a, 0x12, 0x2f, 0x6c, 0x73, 0x6e, 0x72, 0x5f, 0x66, 0x63, 0x2f, 0x31, 0x2f, 0x53,
    0x69, 0x67, 0x6d, 0x6f, 0x69, 0x64, 0x22, 0x07, 0x53, 0x69, 0x67, 0x6d, 0x6f, 0x69, 0x64, 0x0a,
    0x43, 0x12, 0x14, 0x2f, 0x43, 0x6f, 0x6e, 0x73, 0x74, 0x61, 0x6e, 0x74, 0x5f, 0x38, 0x5f, 0x6f,
    0x75, 0x74, 0x70, 0x75, 0x74, 0x5f, 0x30, 0x1a, 0x0b, 0x2f, 0x43, 0x6f, 0x6e, 0x73, 0x74, 0x61,
    0x6e, 0x74, 0x5f, 0x38, 0x22, 0x08, 0x43, 0x6f, 0x6e, 0x73, 0x74, 0x61, 0x6e, 0x74, 0x2a, 0x14,
    0x0a, 0x05, 0x76, 0x61, 0x6c, 0x75, 0x65, 0x2a, 0x08, 0x10, 0x01, 0x4a, 0x04, 0x00, 0x00, 0x48,
    0x42, 0xa0, 0x01, 0x04, 0x0a, 0x4d, 0x0a, 0x1b, 0x2f, 0x6c, 0x73, 0x6e, 0x72, 0x5f, 0x66, 0x63,
    0x2f, 0x31, 0x2f, 0x53, 0x69, 0x67, 0x6d, 0x6f, 0x69, 0x64, 0x5f, 0x6f, 0x75, 0x74, 0x70, 0x75,
    0x74, 0x5f, 0x30, 0x0a, 0x14, 0x2f, 0x43, 0x6f, 0x6e, 0x73, 0x74, 0x61, 0x6e, 0x74, 0x5f, 0x38,
    0x5f, 0x6f, 0x75, 0x74, 0x70, 0x75, 0x74, 0x5f, 0x30, 0x12, 0x0d, 0x2f, 0x4d, 0x75, 0x6c, 0x5f,
    0x6f, 0x75, 0x74, 0x70, 0x75, 0x74, 0x5f, 0x30, 0x1a, 0x04, 0x2f, 0x4d, 0x75, 0x6c, 0x22, 0x03,
    0x4d, 0x75, 0x6c, 0x0a, 0x43, 0x12, 0x14, 0x2f, 0x43, 0x6f, 0x6e, 0x73, 0x74, 0x61, 0x6e, 0x74,
    0x5f, 0x39, 0x5f, 0x6f, 0x75, 0x74, 0x70, 0x75, 0x74, 0x5f, 0x30, 0x1a, 0x0b, 0x2f, 0x43, 0x6f,
    0x6e, 0x73, 0x74, 0x61, 0x6e, 0x74, 0x5f, 0x39, 0x22, 0x08, 0x43, 0x6f, 0x6e, 0x73, 0x74, 0x61,
    0x6e, 0x74, 0x2a, 0x14, 0x0a, 0x05, 0x76, 0x61, 0x6c, 0x75, 0x65, 0x2a, 0x08, 0x10, 0x01, 0x4a,
    0x04, 0x00, 0x00, 0x70, 0xc1, 0xa0, 0x01, 0x04, 0x0a, 0x36, 0x0a, 0x0d, 0x2f, 0x4d, 0x75, 0x6c,
    0x5f, 0x6f, 0x75, 0x74, 0x70, 0x75, 0x74, 0x5f, 0x30, 0x0a, 0x14, 0x2f, 0x43, 0x6f, 0x6e, 0x73,
    0x74, 0x61, 0x6e, 0x74, 0x5f, 0x39, 0x5f, 0x6f, 0x75, 0x74, 0x70, 0x75, 0x74, 0x5f, 0x30, 0x12,
    0x04, 0x6c, 0x73, 0x6e, 0x72, 0x1a, 0x04, 0x2f, 0x41, 0x64, 0x64, 0x22, 0x03, 0x41, 0x64, 0x64,
    0x0a, 0x29, 0x0a, 0x15, 0x2f, 0x65, 0x6d, 0x62, 0x5f, 0x67, 0x72, 0x75, 0x2f, 0x47, 0x52, 0x55,
    0x5f, 0x6f, 0x75, 0x74, 0x70, 0x75, 0x74, 0x5f, 0x31, 0x12, 0x06, 0x68, 0x30, 0x5f, 0x6f, 0x75,
    0x74, 0x22, 0x08, 0x49, 0x64, 0x65, 0x6e, 0x74, 0x69, 0x74, 0x79, 0x0a, 0x73, 0x0a, 0x19, 0x2f,
    0x65, 0x72, 0x62, 0x5f, 0x63, 0x6f, 0x6e, 0x76, 0x30, 0x2f, 0x30, 0x2f, 0x50, 0x61, 0x64, 0x5f,
    0x6f, 0x75, 0x74, 0x70, 0x75, 0x74, 0x5f, 0x30, 0x0a, 0x15, 0x73, 0x74, 0x72, 0x65, 0x61, 0x6d,
    0x5f, 0x65, 0x72, 0x62, 0x5f, 0x63, 0x61, 0x63, 0x68, 0x65, 0x73, 0x74, 0x61, 0x72, 0x74, 0x0a,
    0x13, 0x73, 0x74, 0x72, 0x65, 0x61, 0x6d, 0x5f, 0x65, 0x72, 0x62, 0x5f, 0x63, 0x61, 0x63, 0x68,
    0x65, 0x65, 0x6e, 0x64, 0x0a, 0x14, 0x73, 0x74, 0x72, 0x65, 0x61, 0x6d, 0x5f, 0x65, 0x72, 0x62,
    0x5f, 0x63, 0x61, 0x63, 0x68, 0x65, 0x61, 0x78, 0x69, 0x73, 0x12, 0x0d, 0x65, 0x72, 0x62, 0x5f,
    0x63, 0x61, 0x63, 0x68, 0x65, 0x5f, 0x6f, 0x75, 0x74, 0x22, 0x05, 0x53, 0x6c, 0x69, 0x63, 0x65,
    0x0a, 0x76, 0x0a, 0x18, 0x2f, 0x64, 0x66, 0x5f, 0x63, 0x6f, 0x6e, 0x76, 0x30, 0x2f, 0x30, 0x2f,
    0x50, 0x61, 0x64, 0x5f, 0x6f, 0x75, 0x74, 0x70, 0x75, 0x74, 0x5f, 0x30, 0x0a, 0x16, 0x73, 0x74,
    0x72, 0x65, 0x61, 0x6d, 0x5f, 0x73, 0x70, 0x65, 0x63, 0x5f, 0x63, 0x61, 0x63, 0x68, 0x65, 0x73,
    0x74, 0x61, 0x72, 0x74, 0x0a, 0x14, 0x73, 0x74, 0x72, 0x65, 0x61, 0x6d, 0x5f, 0x73, 0x70, 0x65,
    0x63, 0x5f, 0x63, 0x61, 0x63, 0x68, 0x65, 0x65, 0x6e, 0x64, 0x0a, 0x15, 0x73, 0x74, 0x72, 0x65,
    0x61, 0x6d, 0x5f, 0x73, 0x70, 0x65, 0x63, 0x5f, 0x63, 0x61, 0x63, 0x68, 0x65, 0x61, 0x78, 0x69,
    0x73, 0x12, 0x0e, 0x73, 0x70, 0x65, 0x63, 0x5f, 0x63, 0x61, 0x63, 0x68, 0x65, 0x5f, 0x6f, 0x75,
    0x74, 0x22, 0x05, 0x53, 0x6c, 0x69, 0x63, 0x65, 0x12, 0x09, 0x74, 0x6f, 0x72, 0x63, 0x68, 0x5f,
    0x6a, 0x69, 0x74, 0x2a, 0x58, 0x08, 0x40, 0x08, 0x01, 0x08, 0x01, 0x08, 0x03, 0x10, 0x01, 0x42,
    0x12, 0x65, 0x72, 0x62, 0x5f, 0x63, 0x6f, 0x6e, 0x76, 0x31, 0x2e, 0x30, 0x2e, 0x77, 0x65, 0x69,
    0x67, 0x68, 0x74, 0x6a, 0x14, 0x0a, 0x08, 0x6c, 0x6f, 0x63, 0x61, 0x74, 0x69, 0x6f, 0x6e, 0x12,
    0x08, 0x65, 0x6e, 0x63, 0x2e, 0x6f, 0x6e, 0x6e, 0x78, 0x6a, 0x11, 0x0a, 0x06, 0x6f, 0x66, 0x66,
    0x73, 0x65, 0x74, 0x12, 0x07, 0x31, 0x35, 0x39, 0x37, 0x35, 0x38, 0x30, 0x6a, 0x0d, 0x0a, 0x06,
    0x6c, 0x65, 0x6e, 0x67, 0x74, 0x68, 0x12, 0x03, 0x37, 0x36, 0x38, 0x70, 0x01, 0x2a, 0x58, 0x08,
    0x40, 0x08, 0x01, 0x08, 0x01, 0x08, 0x03, 0x10, 0x01, 0x42, 0x12, 0x65, 0x72, 0x62, 0x5f, 0x63,
    0x6f, 0x6e, 0x76, 0x32, 0x2e, 0x30, 0x2e, 0x77, 0x65, 0x69, 0x67, 0x68, 0x74, 0x6a, 0x14, 0x0a,
    0x08, 0x6c, 0x6f, 0x63, 0x61, 0x74, 0x69, 0x6f, 0x6e, 0x12, 0x08, 0x65, 0x6e, 0x63, 0x2e, 0x6f,
    0x6e, 0x6e, 0x78, 0x6a, 0x11, 0x0a, 0x06, 0x6f, 0x66, 0x66, 0x73, 0x65, 0x74, 0x12, 0x07, 0x31,
    0x35, 0x39, 0x38, 0x33, 0x38, 0x34, 0x6a, 0x0d, 0x0a, 0x06, 0x6c, 0x65, 0x6e, 0x67, 0x74, 0x68,
    0x12, 0x03, 0x37, 0x36, 0x38, 0x70, 0x01, 0x2a, 0x58, 0x08, 0x40, 0x08, 0x01, 0x08, 0x01, 0x08,
    0x03, 0x10, 0x01, 0x42, 0x12, 0x65, 0x72, 0x62, 0x5f, 0x63, 0x6f, 0x6e, 0x76, 0x33, 0x2e, 0x30,
    0x2e, 0x77, 0x65, 0x69, 0x67, 0x68, 0x74, 0x6a, 0x14, 0x0a, 0x08, 0x6c, 0x6f, 0x63, 0x61, 0x74,
    0x69, 0x6f, 0x6e, 0x12, 0x08, 0x65, 0x6e, 0x63, 0x2e, 0x6f, 0x6e, 0x6e, 0x78, 0x6a, 0x11, 0x0a,
    0x06, 0x6f, 0x66, 0x66, 0x73, 0x65, 0x74, 0x12, 0x07, 0x31, 0x35, 0x39, 0x39, 0x31, 0x38, 0x38,
    0x6a, 0x0d, 0x0a, 0x06, 0x6c, 0x65, 0x6e, 0x67, 0x74, 0x68, 0x12, 0x03, 0x37, 0x36, 0x38, 0x70,
    0x01, 0x2a, 0x58, 0x08, 0x40, 0x08, 0x01, 0x08, 0x03, 0x08, 0x03, 0x10, 0x01, 0x42, 0x11, 0x64,
    0x66, 0x5f, 0x63, 0x6f, 0x6e, 0x76, 0x30, 0x2e, 0x31, 0x2e, 0x77, 0x65, 0x69, 0x67, 0x68, 0x74,
    0x6a, 0x14, 0x0a, 0x08, 0x6c, 0x6f, 0x63, 0x61, 0x74, 0x69, 0x6f, 0x6e, 0x12, 0x08, 0x65, 0x6e,
    0x63, 0x2e, 0x6f, 0x6e, 0x6e, 0x78, 0x6a, 0x11, 0x0a, 0x06, 0x6f, 0x66, 0x66, 0x73, 0x65, 0x74,
    0x12, 0x07, 0x31, 0x35, 0x39, 0x39, 0x39, 0x39, 0x31, 0x6a, 0x0e, 0x0a, 0x06, 0x6c, 0x65, 0x6e,
    0x67, 0x74, 0x68, 0x12, 0x04, 0x32, 0x33, 0x30, 0x34, 0x70, 0x01, 0x2a, 0x57, 0x08, 0x40, 0x08,
    0x01, 0x08, 0x01, 0x08, 0x03, 0x10, 0x01, 0x42, 0x11, 0x64, 0x66, 0x5f, 0x63, 0x6f, 0x6e, 0x76,
    0x31, 0x2e, 0x30, 0x2e, 0x77, 0x65, 0x69, 0x67, 0x68, 0x74, 0x6a, 0x14, 0x0a, 0x08, 0x6c, 0x6f,
    0x63, 0x61, 0x74, 0x69, 0x6f, 0x6e, 0x12, 0x08, 0x65, 0x6e, 0x63, 0x2e, 0x6f, 0x6e, 0x6e, 0x78,
    0x6a, 0x11, 0x0a, 0x06, 0x6f, 0x66, 0x66, 0x73, 0x65, 0x74, 0x12, 0x07, 0x31, 0x36, 0x30, 0x32,
    0x33, 0x33, 0x30, 0x6a, 0x0d, 0x0a, 0x06, 0x6c, 0x65, 0x6e, 0x67, 0x74, 0x68, 0x12, 0x03, 0x37,
    0x36, 0x38, 0x70, 0x01, 0x2a, 0x59, 0x08, 0x20, 0x08, 0x60, 0x08, 0x10, 0x10, 0x01, 0x42, 0x12,
    0x64, 0x66, 0x5f, 0x66, 0x63, 0x5f, 0x65, 0x6d, 0x62, 0x2e, 0x30, 0x2e, 0x77, 0x65, 0x69, 0x67,
    0x68, 0x74, 0x6a, 0x14, 0x0a, 0x08, 0x6c, 0x6f, 0x63, 0x61, 0x74, 0x69, 0x6f, 0x6e, 0x12, 0x08,
    0x65, 0x6e, 0x63, 0x2e, 0x6f, 0x6e, 0x6e, 0x78, 0x6a, 0x11, 0x0a, 0x06, 0x6f, 0x66, 0x66, 0x73,
    0x65, 0x74, 0x12, 0x07, 0x31, 0x36, 0x30, 0x33, 0x31, 0x33, 0x34, 0x6a, 0x10, 0x0a, 0x06, 0x6c,
    0x65, 0x6e, 0x67, 0x74, 0x68, 0x12, 0x06, 0x31, 0x39, 0x36, 0x36, 0x30, 0x38, 0x70, 0x01, 0x2a,
    0x60, 0x08, 0x10, 0x08, 0x20, 0x08, 0x10, 0x10, 0x01, 0x42, 0x1a, 0x65, 0x6d, 0x62, 0x5f, 0x67,
    0x72, 0x75, 0x2e, 0x6c, 0x69, 0x6e, 0x65, 0x61, 0x72, 0x5f, 0x69, 0x6e, 0x2e, 0x30, 0x2e, 0x77,
    0x65, 0x69, 0x67, 0x68, 0x74, 0x6a, 0x14, 0x0a, 0x08, 0x6c, 0x6f, 0x63, 0x61, 0x74, 0x69, 0x6f,
    0x6e, 0x12, 0x08, 0x65, 0x6e, 0x63, 0x2e, 0x6f, 0x6e, 0x6e, 0x78, 0x6a, 0x11, 0x0a, 0x06, 0x6f,
    0x66, 0x66, 0x73, 0x65, 0x74, 0x12, 0x07, 0x31, 0x37, 0x39, 0x39, 0x37, 0x38, 0x36, 0x6a, 0x0f,
    0x0a, 0x06, 0x6c, 0x65, 0x6e, 0x67, 0x74, 0x68, 0x12, 0x05, 0x33, 0x32, 0x37, 0x36, 0x38, 0x70,
    0x01, 0x2a, 0x61, 0x08, 0x10, 0x08, 0x10, 0x08, 0x20, 0x10, 0x01, 0x42, 0x1b, 0x65, 0x6d, 0x62,
    0x5f, 0x67, 0x72, 0x75, 0x2e, 0x6c, 0x69, 0x6e, 0x65, 0x61, 0x72, 0x5f, 0x6f, 0x75, 0x74, 0x2e,
    0x30, 0x2e, 0x77, 0x65, 0x69, 0x67, 0x68, 0x74, 0x6a, 0x14, 0x0a, 0x08, 0x6c, 0x6f, 0x63, 0x61,
    0x74, 0x69, 0x6f, 0x6e, 0x12, 0x08, 0x65, 0x6e, 0x63, 0x2e, 0x6f, 0x6e, 0x6e, 0x78, 0x6a, 0x11,
    0x0a, 0x06, 0x6f, 0x66, 0x66, 0x73, 0x65, 0x74, 0x12, 0x07, 0x31, 0x38, 0x33, 0x32, 0x35, 0x39,
    0x39, 0x6a, 0x0f, 0x0a, 0x06, 0x6c, 0x65, 0x6e, 0x67, 0x74, 0x68, 0x12, 0x05, 0x33, 0x32, 0x37,
    0x36, 0x38, 0x70, 0x01, 0x2a, 0x4c, 0x08, 0x01, 0x10, 0x01, 0x42, 0x0e, 0x6c, 0x73, 0x6e, 0x72,
    0x5f, 0x66, 0x63, 0x2e, 0x30, 0x2e, 0x62, 0x69, 0x61, 0x73, 0x6a, 0x14, 0x0a, 0x08, 0x6c, 0x6f,
    0x63, 0x61, 0x74, 0x69, 0x6f, 0x6e, 0x12, 0x08, 0x65, 0x6e, 0x63, 0x2e, 0x6f, 0x6e, 0x6e, 0x78,
    0x6a, 0x11, 0x0a, 0x06, 0x6f, 0x66, 0x66, 0x73, 0x65, 0x74, 0x12, 0x07, 0x31, 0x38, 0x36, 0x35,
    0x33, 0x39, 0x31, 0x6a, 0x0b, 0x0a, 0x06, 0x6c, 0x65, 0x6e, 0x67, 0x74, 0x68, 0x12, 0x01, 0x34,
    0x70, 0x01, 0x2a, 0x55, 0x08, 0x40, 0x08, 0x01, 0x08, 0x03, 0x08, 0x03, 0x10, 0x01, 0x42, 0x0e,
    0x6f, 0x6e, 0x6e, 0x78, 0x3a, 0x3a, 0x43, 0x6f, 0x6e, 0x76, 0x5f, 0x32, 0x38, 0x32, 0x6a, 0x14,
    0x0a, 0x08, 0x6c, 0x6f, 0x63, 0x61, 0x74, 0x69, 0x6f, 0x6e, 0x12, 0x08, 0x65, 0x6e, 0x63, 0x2e,
    0x6f, 0x6e, 0x6e, 0x78, 0x6a, 0x11, 0x0a, 0x06, 0x6f, 0x66, 0x66, 0x73, 0x65, 0x74, 0x12, 0x07,
    0x31, 0x38, 0x36, 0x35, 0x34, 0x32, 0x37, 0x6a, 0x0e, 0x0a, 0x06, 0x6c, 0x65, 0x6e, 0x67, 0x74,
    0x68, 0x12, 0x04, 0x32, 0x33, 0x30, 0x34, 0x70, 0x01, 0x2a, 0x4e, 0x08, 0x40, 0x10, 0x01, 0x42,
    0x0e, 0x6f, 0x6e, 0x6e, 0x78, 0x3a, 0x3a, 0x43, 0x6f, 0x6e, 0x76, 0x5f, 0x32, 0x38, 0x33, 0x6a,
    0x14, 0x0a, 0x08, 0x6c, 0x6f, 0x63, 0x61, 0x74, 0x69, 0x6f, 0x6e, 0x12, 0x08, 0x65, 0x6e, 0x63,
    0x2e, 0x6f, 0x6e, 0x6e, 0x78, 0x6a, 0x11, 0x0a, 0x06, 0x6f, 0x66, 0x66, 0x73, 0x65, 0x74, 0x12,
    0x07, 0x31, 0x38, 0x36, 0x37, 0x37, 0x35, 0x37, 0x6a, 0x0d, 0x0a, 0x06, 0x6c, 0x65, 0x6e, 0x67,
    0x74, 0x68, 0x12, 0x03, 0x32, 0x35, 0x36, 0x70, 0x01, 0x2a, 0x56, 0x08, 0x40, 0x08, 0x40, 0x08,
    0x01, 0x08, 0x01, 0x10, 0x01, 0x42, 0x0e, 0x6f, 0x6e, 0x6e, 0x78, 0x3a, 0x3a, 0x43, 0x6f, 0x6e,
    0x76, 0x5f, 0x32, 0x38, 0x35, 0x6a, 0x14, 0x0a, 0x08, 0x6c, 0x6f, 0x63, 0x61, 0x74, 0x69, 0x6f,
    0x6e, 0x12, 0x08, 0x65, 0x6e, 0x63, 0x2e, 0x6f, 0x6e, 0x6e, 0x78, 0x6a, 0x11, 0x0a, 0x06, 0x6f,
    0x66, 0x66, 0x73, 0x65, 0x74, 0x12, 0x07, 0x31, 0x38, 0x36, 0x38, 0x30, 0x34, 0x37, 0x6a, 0x0f,
    0x0a, 0x06, 0x6c, 0x65, 0x6e, 0x67, 0x74, 0x68, 0x12, 0x05, 0x31, 0x36, 0x33, 0x38, 0x34, 0x70,
    0x01, 0x2a, 0x4e, 0x08, 0x40, 0x10, 0x01, 0x42, 0x0e, 0x6f, 0x6e, 0x6e, 0x78, 0x3a, 0x3a, 0x43,
    0x6f, 0x6e, 0x76, 0x5f, 0x32, 0x38, 0x36, 0x6a, 0x14, 0x0a, 0x08, 0x6c, 0x6f, 0x63, 0x61, 0x74,
    0x69, 0x6f, 0x6e, 0x12, 0x08, 0x65, 0x6e, 0x63, 0x2e, 0x6f, 0x6e, 0x6e, 0x78, 0x6a, 0x11, 0x0a,
    0x06, 0x6f, 0x66, 0x66, 0x73, 0x65, 0x74, 0x12, 0x07, 0x31, 0x38, 0x38, 0x34, 0x34, 0x35, 0x37,
    0x6a, 0x0d, 0x0a, 0x06, 0x6c, 0x65, 0x6e, 0x67, 0x74, 0x68, 0x12, 0x03, 0x32, 0x35, 0x36, 0x70,
    0x01, 0x2a, 0x56, 0x08, 0x40, 0x08, 0x40, 0x08, 0x01, 0x08, 0x01, 0x10, 0x01, 0x42, 0x0e, 0x6f,
    0x6e, 0x6e, 0x78, 0x3a, 0x3a, 0x43, 0x6f, 0x6e, 0x76, 0x5f, 0x32, 0x38, 0x38, 0x6a, 0x14, 0x0a,
    0x08, 0x6c, 0x6f, 0x63, 0x61, 0x74, 0x69, 0x6f, 0x6e, 0x12, 0x08, 0x65, 0x6e, 0x63, 0x2e, 0x6f,
    0x6e, 0x6e, 0x78, 0x6a, 0x11, 0x0a, 0x06, 0x6f, 0x66, 0x66, 0x73, 0x65, 0x74, 0x12, 0x07, 0x31,
    0x38, 0x38, 0x34, 0x37, 0x34, 0x37, 0x6a, 0x0f, 0x0a, 0x06, 0x6c, 0x65, 0x6e, 0x67, 0x74, 0x68,
    0x12, 0x05, 0x31, 0x36, 0x33, 0x38, 0x34, 0x70, 0x01, 0x2a, 0x4e, 0x08, 0x40, 0x10, 0x01, 0x42,
    0x0e, 0x6f, 0x6e, 0x6e, 0x78, 0x3a, 0x3a, 0x43, 0x6f, 0x6e, 0x76, 0x5f, 0x32, 0x38, 0x39, 0x6a,
    0x14, 0x0a, 0x08, 0x6c, 0x6f, 0x63, 0x61, 0x74, 0x69, 0x6f, 0x6e, 0x12, 0x08, 0x65, 0x6e, 0x63,
    0x2e, 0x6f, 0x6e, 0x6e, 0x78, 0x6a, 0x11, 0x0a, 0x06, 0x6f, 0x66, 0x66, 0x73, 0x65, 0x74, 0x12,
    0x07, 0x31, 0x39, 0x30, 0x31, 0x31, 0x35, 0x37, 0x6a, 0x0d, 0x0a, 0x06, 0x6c, 0x65, 0x6e, 0x67,
    0x74, 0x68, 0x12, 0x03, 0x32, 0x35, 0x36, 0x70, 0x01, 0x2a, 0x56, 0x08, 0x40, 0x08, 0x40, 0x08,
    0x01, 0x08, 0x01, 0x10, 0x01, 0x42, 0x0e, 0x6f, 0x6e, 0x6e, 0x78, 0x3a, 0x3a, 0x43, 0x6f, 0x6e,
    0x76, 0x5f, 0x32, 0x39, 0x31, 0x6a, 0x14, 0x0a, 0x08, 0x6c, 0x6f, 0x63, 0x61, 0x74, 0x69, 0x6f,
    0x6e, 0x12, 0x08, 0x65, 0x6e, 0x63, 0x2e, 0x6f, 0x6e, 0x6e, 0x78, 0x6a, 0x11, 0x0a, 0x06, 0x6f,
    0x66, 0x66, 0x73, 0x65, 0x74, 0x12, 0x07, 0x31, 0x39, 0x30, 0x31, 0x34, 0x34, 0x37, 0x6a, 0x0f,
    0x0a, 0x06, 0x6c, 0x65, 0x6e, 0x67, 0x74, 0x68, 0x12, 0x05, 0x31, 0x36, 0x33, 0x38, 0x34, 0x70,
    0x01, 0x2a, 0x4e, 0x08, 0x40, 0x10, 0x01, 0x42, 0x0e, 0x6f, 0x6e, 0x6e, 0x78, 0x3a, 0x3a, 0x43,
    0x6f, 0x6e, 0x76, 0x5f, 0x32, 0x39, 0x32, 0x6a, 0x14, 0x0a, 0x08, 0x6c, 0x6f, 0x63, 0x61, 0x74,
    0x69, 0x6f, 0x6e, 0x12, 0x08, 0x65, 0x6e, 0x63, 0x2e, 0x6f, 0x6e, 0x6e, 0x78, 0x6a, 0x11, 0x0a,
    0x06, 0x6f, 0x66, 0x66, 0x73, 0x65, 0x74, 0x12, 0x07, 0x31, 0x39, 0x31, 0x37, 0x38, 0x35, 0x37,
    0x6a, 0x0d, 0x0a, 0x06, 0x6c, 0x65, 0x6e, 0x67, 0x74, 0x68, 0x12, 0x03, 0x32, 0x35, 0x36, 0x70,
    0x01, 0x2a, 0x56, 0x08, 0x40, 0x08, 0x40, 0x08, 0x01, 0x08, 0x01, 0x10, 0x01, 0x42, 0x0e, 0x6f,
    0x6e, 0x6e, 0x78, 0x3a, 0x3a, 0x43, 0x6f, 0x6e, 0x76, 0x5f, 0x32, 0x39, 0x34, 0x6a, 0x14, 0x0a,
    0x08, 0x6c, 0x6f, 0x63, 0x61, 0x74, 0x69, 0x6f, 0x6e, 0x12, 0x08, 0x65, 0x6e, 0x63, 0x2e, 0x6f,
    0x6e, 0x6e, 0x78, 0x6a, 0x11, 0x0a, 0x06, 0x6f, 0x66, 0x66, 0x73, 0x65, 0x74, 0x12, 0x07, 0x31,
    0x39, 0x31, 0x38, 0x31, 0x34, 0x37, 0x6a, 0x0f, 0x0a, 0x06, 0x6c, 0x65, 0x6e, 0x67, 0x74, 0x68,
    0x12, 0x05, 0x31, 0x36, 0x33, 0x38, 0x34, 0x70, 0x01, 0x2a, 0x4e, 0x08, 0x40, 0x10, 0x01, 0x42,
    0x0e, 0x6f, 0x6e, 0x6e, 0x78, 0x3a, 0x3a, 0x43, 0x6f, 0x6e, 0x76, 0x5f, 0x32, 0x39, 0x35, 0x6a,
    0x14, 0x0a, 0x08, 0x6c, 0x6f, 0x63, 0x61, 0x74, 0x69, 0x6f, 0x6e, 0x12, 0x08, 0x65, 0x6e, 0x63,
    0x2e, 0x6f, 0x6e, 0x6e, 0x78, 0x6a, 0x11, 0x0a, 0x06, 0x6f, 0x66, 0x66, 0x73, 0x65, 0x74, 0x12,
    0x07, 0x31, 0x39, 0x33, 0x34, 0x35, 0x35, 0x37, 0x6a, 0x0d, 0x0a, 0x06, 0x6c, 0x65, 0x6e, 0x67,
    0x74, 0x68, 0x12, 0x03, 0x32, 0x35, 0x36, 0x70, 0x01, 0x2a, 0x56, 0x08, 0x40, 0x08, 0x40, 0x08,
    0x01, 0x08, 0x01, 0x10, 0x01, 0x42, 0x0e, 0x6f, 0x6e, 0x6e, 0x78, 0x3a, 0x3a, 0x43, 0x6f, 0x6e,
    0x76, 0x5f, 0x32, 0x39, 0x37, 0x6a, 0x14, 0x0a, 0x08, 0x6c, 0x6f, 0x63, 0x61, 0x74, 0x69, 0x6f,
    0x6e, 0x12, 0x08, 0x65, 0x6e, 0x63, 0x2e, 0x6f, 0x6e, 0x6e, 0x78, 0x6a, 0x11, 0x0a, 0x06, 0x6f,
    0x66, 0x66, 0x73, 0x65, 0x74, 0x12, 0x07, 0x31, 0x39, 0x33, 0x34, 0x38, 0x34, 0x37, 0x6a, 0x0f,
    0x0a, 0x06, 0x6c, 0x65, 0x6e, 0x67, 0x74, 0x68, 0x12, 0x05, 0x31, 0x36, 0x33, 0x38, 0x34, 0x70,
    0x01, 0x2a, 0x4e, 0x08, 0x40, 0x10, 0x01, 0x42, 0x0e, 0x6f, 0x6e, 0x6e, 0x78, 0x3a, 0x3a, 0x43,
    0x6f, 0x6e, 0x76, 0x5f, 0x32, 0x39, 0x38, 0x6a, 0x14, 0x0a, 0x08, 0x6c, 0x6f, 0x63, 0x61, 0x74,
    0x69, 0x6f, 0x6e, 0x12, 0x08, 0x65, 0x6e, 0x63, 0x2e, 0x6f, 0x6e, 0x6e, 0x78, 0x6a, 0x11, 0x0a,
    0x06, 0x6f, 0x66, 0x66, 0x73, 0x65, 0x74, 0x12, 0x07, 0x31, 0x39, 0x35, 0x31, 0x32, 0x35, 0x37,
    0x6a, 0x0d, 0x0a, 0x06, 0x6c, 0x65, 0x6e, 0x67, 0x74, 0x68, 0x12, 0x03, 0x32, 0x35, 0x36, 0x70,
    0x01, 0x2a, 0x54, 0x08, 0x80, 0x04, 0x08, 0x01, 0x10, 0x01, 0x42, 0x10, 0x6f, 0x6e, 0x6e, 0x78,
    0x3a, 0x3a, 0x4d, 0x61, 0x74, 0x4d, 0x75, 0x6c, 0x5f, 0x33, 0x33, 0x37, 0x6a, 0x14, 0x0a, 0x08,
    0x6c, 0x6f, 0x63, 0x61, 0x74, 0x69, 0x6f, 0x6e, 0x12, 0x08, 0x65, 0x6e, 0x63, 0x2e, 0x6f, 0x6e,
    0x6e, 0x78, 0x6a, 0x11, 0x0a, 0x06, 0x6f, 0x66, 0x66, 0x73, 0x65, 0x74, 0x12, 0x07, 0x31, 0x39,
    0x35, 0x31, 0x35, 0x34, 0x34, 0x6a, 0x0e, 0x0a, 0x06, 0x6c, 0x65, 0x6e, 0x67, 0x74, 0x68, 0x12,
    0x04, 0x32, 0x30, 0x34, 0x38, 0x70, 0x01, 0x2a, 0x27, 0x08, 0x01, 0x10, 0x07, 0x3a, 0x0a, 0xfe,
    0xff, 0xff, 0xff, 0xff, 0xff, 0xff, 0xff, 0xff, 0x01, 0x42, 0x15, 0x73, 0x74, 0x72, 0x65, 0x61,
    0x6d, 0x5f, 0x65, 0x72, 0x62, 0x5f, 0x63, 0x61, 0x63, 0x68, 0x65, 0x73, 0x74, 0x61, 0x72, 0x74,
    0x2a, 0x24, 0x08, 0x01, 0x10, 0x07, 0x3a, 0x09, 0xff, 0xff, 0xff, 0xff, 0xff, 0xff, 0xff, 0xff,
    0x7f, 0x42, 0x13, 0x73, 0x74, 0x72, 0x65, 0x61, 0x6d, 0x5f, 0x65, 0x72, 0x62, 0x5f, 0x63, 0x61,
    0x63, 0x68, 0x65, 0x65, 0x6e, 0x64, 0x2a, 0x1d, 0x08, 0x01, 0x10, 0x07, 0x3a, 0x01, 0x02, 0x42,
    0x14, 0x73, 0x74, 0x72, 0x65, 0x61, 0x6d, 0x5f, 0x65, 0x72, 0x62, 0x5f, 0x63, 0x61, 0x63, 0x68,
    0x65, 0x61, 0x78, 0x69, 0x73, 0x2a, 0x28, 0x08, 0x01, 0x10, 0x07, 0x3a, 0x0a, 0xfe, 0xff, 0xff,
    0xff, 0xff, 0xff, 0xff, 0xff, 0xff, 0x01, 0x42, 0x16, 0x73, 0x74, 0x72, 0x65, 0x61, 0x6d, 0x5f,
    0x73, 0x70, 0x65, 0x63, 0x5f, 0x63, 0x61, 0x63, 0x68, 0x65, 0x73, 0x74, 0x61, 0x72, 0x74, 0x2a,
    0x25, 0x08, 0x01, 0x10, 0x07, 0x3a, 0x09, 0xff, 0xff, 0xff, 0xff, 0xff, 0xff, 0xff, 0xff, 0x7f,
    0x42, 0x14, 0x73, 0x74, 0x72, 0x65, 0x61, 0x6d, 0x5f, 0x73, 0x70, 0x65, 0x63, 0x5f, 0x63, 0x61,
    0x63, 0x68, 0x65, 0x65, 0x6e, 0x64, 0x2a, 0x1e, 0x08, 0x01, 0x10, 0x07, 0x3a, 0x01, 0x02, 0x42,
    0x15, 0x73, 0x74, 0x72, 0x65, 0x61, 0x6d, 0x5f, 0x73, 0x70, 0x65, 0x63, 0x5f, 0x63, 0x61, 0x63,
    0x68, 0x65, 0x61, 0x78, 0x69, 0x73, 0x2a, 0x63, 0x08, 0x01, 0x08, 0x80, 0x06, 0x08, 0x80, 0x02,
    0x10, 0x01, 0x42, 0x1c, 0x2f, 0x65, 0x6d, 0x62, 0x5f, 0x67, 0x72, 0x75, 0x2f, 0x43, 0x6f, 0x6e,
    0x73, 0x74, 0x61, 0x6e, 0x74, 0x5f, 0x33, 0x5f, 0x6f, 0x75, 0x74, 0x70, 0x75, 0x74, 0x5f, 0x30,
    0x6a, 0x14, 0x0a, 0x08, 0x6c, 0x6f, 0x63, 0x61, 0x74, 0x69, 0x6f, 0x6e, 0x12, 0x08, 0x65, 0x6e,
    0x63, 0x2e, 0x6f, 0x6e, 0x6e, 0x78, 0x6a, 0x0f, 0x0a, 0x06, 0x6f, 0x66, 0x66, 0x73, 0x65, 0x74,
    0x12, 0x05, 0x31, 0x34, 0x34, 0x33, 0x32, 0x6a, 0x10, 0x0a, 0x06, 0x6c, 0x65, 0x6e, 0x67, 0x74,
    0x68, 0x12, 0x06, 0x37, 0x38, 0x36, 0x34, 0x33, 0x32, 0x70, 0x01, 0x2a, 0x64, 0x08, 0x01, 0x08,
    0x80, 0x06, 0x08, 0x80, 0x02, 0x10, 0x01, 0x42, 0x1c, 0x2f, 0x65, 0x6d, 0x62, 0x5f, 0x67, 0x72,
    0x75, 0x2f, 0x43, 0x6f, 0x6e, 0x73, 0x74, 0x61, 0x6e, 0x74, 0x5f, 0x34, 0x5f, 0x6f, 0x75, 0x74,
    0x70, 0x75, 0x74, 0x5f, 0x30, 0x6a, 0x14, 0x0a, 0x08, 0x6c, 0x6f, 0x63, 0x61, 0x74, 0x69, 0x6f,
    0x6e, 0x12, 0x08, 0x65, 0x6e, 0x63, 0x2e, 0x6f, 0x6e, 0x6e, 0x78, 0x6a, 0x10, 0x0a, 0x06, 0x6f,
    0x66, 0x66, 0x73, 0x65, 0x74, 0x12, 0x06, 0x38, 0x30, 0x30, 0x39, 0x36, 0x31, 0x6a, 0x10, 0x0a,
    0x06, 0x6c, 0x65, 0x6e, 0x67, 0x74, 0x68, 0x12, 0x06, 0x37, 0x38, 0x36, 0x34, 0x33, 0x32, 0x70,
    0x01, 0x2a, 0x60, 0x08, 0x01, 0x08, 0x80, 0x0c, 0x10, 0x01, 0x42, 0x1c, 0x2f, 0x65, 0x6d, 0x62,
    0x5f, 0x67, 0x72, 0x75, 0x2f, 0x43, 0x6f, 0x6e, 0x73, 0x74, 0x61, 0x6e, 0x74, 0x5f, 0x35, 0x5f,
    0x6f, 0x75, 0x74, 0x70, 0x75, 0x74, 0x5f, 0x30, 0x6a, 0x14, 0x0a, 0x08, 0x6c, 0x6f, 0x63, 0x61,
    0x74, 0x69, 0x6f, 0x6e, 0x12, 0x08, 0x65, 0x6e, 0x63, 0x2e, 0x6f, 0x6e, 0x6e, 0x78, 0x6a, 0x11,
    0x0a, 0x06, 0x6f, 0x66, 0x66, 0x73, 0x65, 0x74, 0x12, 0x07, 0x31, 0x35, 0x38, 0x37, 0x34, 0x38,
    0x33, 0x6a, 0x0e, 0x0a, 0x06, 0x6c, 0x65, 0x6e, 0x67, 0x74, 0x68, 0x12, 0x04, 0x36, 0x31, 0x34,
    0x34, 0x70, 0x01, 0x5a, 0x23, 0x0a, 0x08, 0x66, 0x65, 0x61, 0x74, 0x5f, 0x65, 0x72, 0x62, 0x12,
    0x17, 0x0a, 0x15, 0x08, 0x01, 0x12, 0x11, 0x0a, 0x02, 0x08, 0x01, 0x0a, 0x02, 0x08, 0x01, 0x0a,
    0x03, 0x12, 0x01, 0x53, 0x0a, 0x02, 0x08, 0x20, 0x5a, 0x24, 0x0a, 0x09, 0x66, 0x65, 0x61, 0x74,
    0x5f, 0x73, 0x70, 0x65, 0x63, 0x12, 0x17, 0x0a, 0x15, 0x08, 0x01, 0x12, 0x11, 0x0a, 0x02, 0x08,
    0x01, 0x0a, 0x02, 0x08, 0x02, 0x0a, 0x03, 0x12, 0x01, 0x53, 0x0a, 0x02, 0x08, 0x60, 0x5a, 0x19,
    0x0a, 0x02, 0x68, 0x30, 0x12, 0x13, 0x0a, 0x11, 0x08, 0x01, 0x12, 0x0d, 0x0a, 0x02, 0x08, 0x01,
    0x0a, 0x02, 0x08, 0x01, 0x0a, 0x03, 0x08, 0x80, 0x02, 0x5a, 0x23, 0x0a, 0x09, 0x65, 0x72, 0x62,
    0x5f, 0x63, 0x61, 0x63, 0x68, 0x65, 0x12, 0x16, 0x0a, 0x14, 0x08, 0x01, 0x12, 0x10, 0x0a, 0x02,
    0x08, 0x01, 0x0a, 0x02, 0x08, 0x01, 0x0a, 0x02, 0x08, 0x02, 0x0a, 0x02, 0x08, 0x20, 0x5a, 0x24,
    0x0a, 0x0a, 0x73, 0x70, 0x65, 0x63, 0x5f, 0x63, 0x61, 0x63, 0x68, 0x65, 0x12, 0x16, 0x0a, 0x14,
    0x08, 0x01, 0x12, 0x10, 0x0a, 0x02, 0x08, 0x01, 0x0a, 0x02, 0x08, 0x02, 0x0a, 0x02, 0x08, 0x02,
    0x0a, 0x02, 0x08, 0x60, 0x62, 0x35, 0x0a, 0x02, 0x65, 0x30, 0x12, 0x2f, 0x0a, 0x2d, 0x08, 0x01,
    0x12, 0x29, 0x0a, 0x0e, 0x12, 0x0c, 0x52, 0x65, 0x6c, 0x75, 0x65, 0x30, 0x5f, 0x64, 0x69, 0x6d,
    0x5f, 0x30, 0x0a, 0x02, 0x08, 0x40, 0x0a, 0x03, 0x12, 0x01, 0x53, 0x0a, 0x0e, 0x12, 0x0c, 0x52,
    0x65, 0x6c, 0x75, 0x65, 0x30, 0x5f, 0x64, 0x69, 0x6d, 0x5f, 0x33, 0x62, 0x35, 0x0a, 0x02, 0x65,
    0x31, 0x12, 0x2f, 0x0a, 0x2d, 0x08, 0x01, 0x12, 0x29, 0x0a, 0x0e, 0x12, 0x0c, 0x52, 0x65, 0x6c,
    0x75, 0x65, 0x31, 0x5f, 0x64, 0x69, 0x6d, 0x5f, 0x30, 0x0a, 0x02, 0x08, 0x40, 0x0a, 0x03, 0x12,
    0x01, 0x53, 0x0a, 0x0e, 0x12, 0x0c, 0x52, 0x65, 0x6c, 0x75, 0x65, 0x30, 0x5f, 0x64, 0x69, 0x6d,
    0x5f, 0x33, 0x62, 0x35, 0x0a, 0x02, 0x65, 0x32, 0x12, 0x2f, 0x0a, 0x2d, 0x08, 0x01, 0x12, 0x29,
    0x0a, 0x0e, 0x12, 0x0c, 0x52, 0x65, 0x6c, 0x75, 0x65, 0x32, 0x5f, 0x64, 0x69, 0x6d, 0x5f, 0x30,
    0x0a, 0x02, 0x08, 0x40, 0x0a, 0x03, 0x12, 0x01, 0x53, 0x0a, 0x0e, 0x12, 0x0c, 0x52, 0x65, 0x6c,
    0x75, 0x65, 0x30, 0x5f, 0x64, 0x69, 0x6d, 0x5f, 0x33, 0x62, 0x35, 0x0a, 0x02, 0x65, 0x33, 0x12,
    0x2f, 0x0a, 0x2d, 0x08, 0x01, 0x12, 0x29, 0x0a, 0x0e, 0x12, 0x0c, 0x52, 0x65, 0x6c, 0x75, 0x65,
    0x33, 0x5f, 0x64, 0x69, 0x6d, 0x5f, 0x30, 0x0a, 0x02, 0x08, 0x40, 0x0a, 0x03, 0x12, 0x01, 0x53,
    0x0a, 0x0e, 0x12, 0x0c, 0x52, 0x65, 0x6c, 0x75, 0x65, 0x30, 0x5f, 0x64, 0x69, 0x6d, 0x5f, 0x33,
    0x62, 0x34, 0x0a, 0x03, 0x65, 0x6d, 0x62, 0x12, 0x2d, 0x0a, 0x2b, 0x08, 0x01, 0x12, 0x27, 0x0a,
    0x0f, 0x12, 0x0d, 0x52, 0x65, 0x6c, 0x75, 0x65, 0x6d, 0x62, 0x5f, 0x64, 0x69, 0x6d, 0x5f, 0x30,
    0x0a, 0x03, 0x12, 0x01, 0x53, 0x0a, 0x0f, 0x12, 0x0d, 0x52, 0x65, 0x6c, 0x75, 0x65, 0x6d, 0x62,
    0x5f, 0x64, 0x69, 0x6d, 0x5f, 0x32, 0x62, 0x35, 0x0a, 0x02, 0x63, 0x30, 0x12, 0x2f, 0x0a, 0x2d,
    0x08, 0x01, 0x12, 0x29, 0x0a, 0x0e, 0x12, 0x0c, 0x52, 0x65, 0x6c, 0x75, 0x63, 0x30, 0x5f, 0x64,
    0x69, 0x6d, 0x5f, 0x30, 0x0a, 0x02, 0x08, 0x40, 0x0a, 0x03, 0x12, 0x01, 0x53, 0x0a, 0x0e, 0x12,
    0x0c, 0x52, 0x65, 0x6c, 0x75, 0x65, 0x30, 0x5f, 0x64, 0x69, 0x6d, 0x5f, 0x33, 0x62, 0x28, 0x0a,
    0x04, 0x6c, 0x73, 0x6e, 0x72, 0x12, 0x20, 0x0a, 0x1e, 0x08, 0x01, 0x12, 0x1a, 0x0a, 0x0f, 0x12,
    0x0d, 0x41, 0x64, 0x64, 0x6c, 0x73, 0x6e, 0x72, 0x5f, 0x64, 0x69, 0x6d, 0x5f, 0x30, 0x0a, 0x03,
    0x12, 0x01, 0x53, 0x0a, 0x02, 0x08, 0x01, 0x62, 0x1d, 0x0a, 0x06, 0x68, 0x30, 0x5f, 0x6f, 0x75,
    0x74, 0x12, 0x13, 0x0a, 0x11, 0x08, 0x01, 0x12, 0x0d, 0x0a, 0x02, 0x08, 0x01, 0x0a, 0x02, 0x08,
    0x01, 0x0a, 0x03, 0x08, 0x80, 0x02, 0x62, 0x27, 0x0a, 0x0d, 0x65, 0x72, 0x62, 0x5f, 0x63, 0x61,
    0x63, 0x68, 0x65, 0x5f, 0x6f, 0x75, 0x74, 0x12, 0x16, 0x0a, 0x14, 0x08, 0x01, 0x12, 0x10, 0x0a,
    0x02, 0x08, 0x01, 0x0a, 0x02, 0x08, 0x01, 0x0a, 0x02, 0x08, 0x02, 0x0a, 0x02, 0x08, 0x20, 0x62,
    0x28, 0x0a, 0x0e, 0x73, 0x70, 0x65, 0x63, 0x5f, 0x63, 0x61, 0x63, 0x68, 0x65, 0x5f, 0x6f, 0x75,
    0x74, 0x12, 0x16, 0x0a, 0x14, 0x08, 0x01, 0x12, 0x10, 0x0a, 0x02, 0x08, 0x01, 0x0a, 0x02, 0x08,
    0x02, 0x0a, 0x02, 0x08, 0x02, 0x0a, 0x02, 0x08, 0x60, 0x42, 0x02, 0x10, 0x0c,
};
static constexpr const char* kRustEncStateInputs[] = {
    "h0",
    "erb_cache",
    "spec_cache",
};
static constexpr const char* kRustEncStateOutputs[] = {
    "h0_out",
    "erb_cache_out",
    "spec_cache_out",
};
static constexpr size_t kRustEncStateSizes[] = {
    256,
    64,
    384,
};
static constexpr std::array<int64_t, 4> kRustEncStateShapes[] = {
    {1, 1, 256, 0},
    {1, 1, 2, 32},
    {1, 2, 2, 96},
};
static constexpr size_t kRustEncStateRanks[] = {3, 4, 4};

// Source SHA-256: ab669a1d10afe20911728b33053a452071042317a90581092b325da7b2f9d895
static constexpr size_t kRustErbSourceBytes = 3292397;
static constexpr uint64_t kRustErbFingerprint = UINT64_C(0xca7f78946d96aab3);
static constexpr unsigned char kRustErbGraph[] = {
    0x08, 0x07, 0x12, 0x07, 0x70, 0x79, 0x74, 0x6f, 0x72, 0x63, 0x68, 0x1a, 0x06, 0x31, 0x2e, 0x31,
    0x33, 0x2e, 0x31, 0x3a, 0x80, 0x69, 0x0a, 0x24, 0x0a, 0x02, 0x65, 0x33, 0x12, 0x0f, 0x2f, 0x53,
    0x68, 0x61, 0x70, 0x65, 0x5f, 0x6f, 0x75, 0x74, 0x70, 0x75, 0x74, 0x5f, 0x30, 0x1a, 0x06, 0x2f,
    0x53, 0x68, 0x61, 0x70, 0x65, 0x22, 0x05, 0x53, 0x68, 0x61, 0x70, 0x65, 0x0a, 0x41, 0x12, 0x0f,
    0x6f, 0x6e, 0x6e, 0x78, 0x3a, 0x3a, 0x47, 0x61, 0x74, 0x68, 0x65, 0x72, 0x5f, 0x36, 0x34, 0x1a,
    0x0a, 0x43, 0x6f, 0x6e, 0x73, 0x74, 0x61, 0x6e, 0x74, 0x5f, 0x31, 0x22, 0x08, 0x43, 0x6f, 0x6e,
    0x73, 0x74, 0x61, 0x6e, 0x74, 0x2a, 0x18, 0x0a, 0x05, 0x76, 0x61, 0x6c, 0x75, 0x65, 0x2a, 0x0c,
    0x10, 0x07, 0x4a, 0x08, 0x00, 0x00, 0x00, 0x00, 0x00, 0x00, 0x00, 0x00, 0xa0, 0x01, 0x04, 0x0a,
    0x45, 0x0a, 0x0f, 0x2f, 0x53, 0x68, 0x61, 0x70, 0x65, 0x5f, 0x6f, 0x75, 0x74, 0x70, 0x75, 0x74,
    0x5f, 0x30, 0x0a, 0x0f, 0x6f, 0x6e, 0x6e, 0x78, 0x3a, 0x3a, 0x47, 0x61, 0x74, 0x68, 0x65, 0x72,
    0x5f, 0x36, 0x34, 0x12, 0x10, 0x2f, 0x47, 0x61, 0x74, 0x68, 0x65, 0x72, 0x5f, 0x6f, 0x75, 0x74,
    0x70, 0x75, 0x74, 0x5f, 0x30, 0x1a, 0x07, 0x2f, 0x47, 0x61, 0x74, 0x68, 0x65, 0x72, 0x22, 0x06,
    0x47, 0x61, 0x74, 0x68, 0x65, 0x72, 0x0a, 0x41, 0x12, 0x0f, 0x6f, 0x6e, 0x6e, 0x78, 0x3a, 0x3a,
    0x47, 0x61, 0x74, 0x68, 0x65, 0x72, 0x5f, 0x36, 0x36, 0x1a, 0x0a, 0x43, 0x6f, 0x6e, 0x73, 0x74,
    0x61, 0x6e, 0x74, 0x5f, 0x33, 0x22, 0x08, 0x43, 0x6f, 0x6e, 0x73, 0x74, 0x61, 0x6e, 0x74, 0x2a,
    0x18, 0x0a, 0x05, 0x76, 0x61, 0x6c, 0x75, 0x65, 0x2a, 0x0c, 0x10, 0x07, 0x4a, 0x08, 0x02, 0x00,
    0x00, 0x00, 0x00, 0x00, 0x00, 0x00, 0xa0, 0x01, 0x04, 0x0a, 0x49, 0x0a, 0x0f, 0x2f, 0x53, 0x68,
    0x61, 0x70, 0x65, 0x5f, 0x6f, 0x75, 0x74, 0x70, 0x75, 0x74, 0x5f, 0x30, 0x0a, 0x0f, 0x6f, 0x6e,
    0x6e, 0x78, 0x3a, 0x3a, 0x47, 0x61, 0x74, 0x68, 0x65, 0x72, 0x5f, 0x36, 0x36, 0x12, 0x12, 0x2f,
    0x47, 0x61, 0x74, 0x68, 0x65, 0x72, 0x5f, 0x31, 0x5f, 0x6f, 0x75, 0x74, 0x70, 0x75, 0x74, 0x5f,
    0x30, 0x1a, 0x09, 0x2f, 0x47, 0x61, 0x74, 0x68, 0x65, 0x72, 0x5f, 0x31, 0x22, 0x06, 0x47, 0x61,
    0x74, 0x68, 0x65, 0x72, 0x0a, 0x41, 0x12, 0x0f, 0x6f, 0x6e, 0x6e, 0x78, 0x3a, 0x3a, 0x47, 0x61,
    0x74, 0x68, 0x65, 0x72, 0x5f, 0x36, 0x38, 0x1a, 0x0a, 0x43, 0x6f, 0x6e, 0x73, 0x74, 0x61, 0x6e,
    0x74, 0x5f, 0x35, 0x22, 0x08, 0x43, 0x6f, 0x6e, 0x73, 0x74, 0x61, 0x6e, 0x74, 0x2a, 0x18, 0x0a,
    0x05, 0x76, 0x61, 0x6c, 0x75, 0x65, 0x2a, 0x0c, 0x10, 0x07, 0x4a, 0x08, 0x03, 0x00, 0x00, 0x00,
    0x00, 0x00, 0x00, 0x00, 0xa0, 0x01, 0x04, 0x0a, 0x49, 0x0a, 0x0f, 0x2f, 0x53, 0x68, 0x61, 0x70,
    0x65, 0x5f, 0x6f, 0x75, 0x74, 0x70, 0x75, 0x74, 0x5f, 0x30, 0x0a, 0x0f, 0x6f, 0x6e, 0x6e, 0x78,
    0x3a, 0x3a, 0x47, 0x61, 0x74, 0x68, 0x65, 0x72, 0x5f, 0x36, 0x38, 0x12, 0x12, 0x2f, 0x47, 0x61,
    0x74, 0x68, 0x65, 0x72, 0x5f, 0x32, 0x5f, 0x6f, 0x75, 0x74, 0x70, 0x75, 0x74, 0x5f, 0x30, 0x1a,
    0x09, 0x2f, 0x47, 0x61, 0x74, 0x68, 0x65, 0x72, 0x5f, 0x32, 0x22, 0x06, 0x47, 0x61, 0x74, 0x68,
    0x65, 0x72, 0x0a, 0x49, 0x0a, 0x03, 0x65, 0x6d, 0x62, 0x12, 0x21, 0x2f, 0x65, 0x6d, 0x62, 0x5f,
    0x67, 0x72, 0x75, 0x2f, 0x6c, 0x69, 0x6e, 0x65, 0x61, 0x72, 0x5f, 0x69, 0x6e, 0x2f, 0x53, 0x68,
    0x61, 0x70, 0x65, 0x5f, 0x6f, 0x75, 0x74, 0x70, 0x75, 0x74, 0x5f, 0x30, 0x1a, 0x18, 0x2f, 0x65,
    0x6d, 0x62, 0x5f, 0x67, 0x72, 0x75, 0x2f, 0x6c, 0x69, 0x6e, 0x65, 0x61, 0x72, 0x5f, 0x69, 0x6e,
    0x2f, 0x53, 0x68, 0x61, 0x70, 0x65, 0x22, 0x05, 0x53, 0x68, 0x61, 0x70, 0x65, 0x0a, 0x41, 0x12,
    0x0f, 0x6f, 0x6e, 0x6e, 0x78, 0x3a, 0x3a, 0x47, 0x61, 0x74, 0x68, 0x65, 0x72, 0x5f, 0x37, 0x31,
    0x1a, 0x0a, 0x43, 0x6f, 0x6e, 0x73, 0x74, 0x61, 0x6e, 0x74, 0x5f, 0x38, 0x22, 0x08, 0x43, 0x6f,
    0x6e, 0x73, 0x74, 0x61, 0x6e, 0x74, 0x2a, 0x18, 0x0a, 0x05, 0x76, 0x61, 0x6c, 0x75, 0x65, 0x2a,
    0x0c, 0x10, 0x07, 0x4a, 0x08, 0x00, 0x00, 0x00, 0x00, 0x00, 0x00, 0x00, 0x00, 0xa0, 0x01, 0x04,
    0x0a, 0x7b, 0x0a, 0x21, 0x2f, 0x65, 0x6d, 0x62, 0x5f, 0x67, 0x72, 0x75, 0x2f, 0x6c, 0x69, 0x6e,
    0x65, 0x61, 0x72, 0x5f, 0x69, 0x6e, 0x2f, 0x53, 0x68, 0x61, 0x70, 0x65, 0x5f, 0x6f, 0x75, 0x74,
    0x70, 0x75, 0x74, 0x5f, 0x30, 0x0a, 0x0f, 0x6f, 0x6e, 0x6e, 0x78, 0x3a, 0x3a, 0x47, 0x61, 0x74,
    0x68, 0x65, 0x72, 0x5f, 0x37, 0x31, 0x12, 0x22, 0x2f, 0x65, 0x6d, 0x62, 0x5f, 0x67, 0x72, 0x75,
    0x2f, 0x6c, 0x69, 0x6e, 0x65, 0x61, 0x72, 0x5f, 0x69, 0x6e, 0x2f, 0x47, 0x61, 0x74, 0x68, 0x65,
    0x72, 0x5f, 0x6f, 0x75, 0x74, 0x70, 0x75, 0x74, 0x5f, 0x30, 0x1a, 0x19, 0x2f, 0x65, 0x6d, 0x62,
    0x5f, 0x67, 0x72, 0x75, 0x2f, 0x6c, 0x69, 0x6e, 0x65, 0x61, 0x72, 0x5f, 0x69, 0x6e, 0x2f, 0x47,
    0x61, 0x74, 0x68, 0x65, 0x72, 0x22, 0x06, 0x47, 0x61, 0x74, 0x68, 0x65, 0x72, 0x0a, 0x42, 0x12,
    0x0f, 0x6f, 0x6e, 0x6e, 0x78, 0x3a, 0x3a, 0x47, 0x61, 0x74, 0x68, 0x65, 0x72, 0x5f, 0x37, 0x33,
    0x1a, 0x0b, 0x43, 0x6f, 0x6e, 0x73, 0x74, 0x61, 0x6e, 0x74, 0x5f, 0x31, 0x30, 0x22, 0x08, 0x43,
    0x6f, 0x6e, 0x73, 0x74, 0x61, 0x6e, 0x74, 0x2a, 0x18, 0x0a, 0x05, 0x76, 0x61, 0x6c, 0x75, 0x65,
    0x2a, 0x0c, 0x10, 0x07, 0x4a, 0x08, 0x01, 0x00, 0x00, 0x00, 0x00, 0x00, 0x00, 0x00, 0xa0, 0x01,
    0x04, 0x0a, 0x7f, 0x0a, 0x21, 0x2f, 0x65, 0x6d, 0x62, 0x5f, 0x67, 0x72, 0x75, 0x2f, 0x6c, 0x69,
    0x6e, 0x65, 0x61, 0x72, 0x5f, 0x69, 0x6e, 0x2f, 0x53, 0x68, 0x61, 0x70, 0x65, 0x5f, 0x6f, 0x75,
    0x74, 0x70, 0x75, 0x74, 0x5f, 0x30, 0x0a, 0x0f, 0x6f, 0x6e, 0x6e, 0x78, 0x3a, 0x3a, 0x47, 0x61,
    0x74, 0x68, 0x65, 0x72, 0x5f, 0x37, 0x33, 0x12, 0x24, 0x2f, 0x65, 0x6d, 0x62, 0x5f, 0x67, 0x72,
    0x75, 0x2f, 0x6c, 0x69, 0x6e, 0x65, 0x61, 0x72, 0x5f, 0x69, 0x6e, 0x2f, 0x47, 0x61, 0x74, 0x68,
    0x65, 0x72, 0x5f, 0x31, 0x5f, 0x6f, 0x75, 0x74, 0x70, 0x75, 0x74, 0x5f, 0x30, 0x1a, 0x1b, 0x2f,
    0x65, 0x6d, 0x62, 0x5f, 0x67, 0x72, 0x75, 0x2f, 0x6c, 0x69, 0x6e, 0x65, 0x61, 0x72, 0x5f, 0x69,
    0x6e, 0x2f, 0x47, 0x61, 0x74, 0x68, 0x65, 0x72, 0x5f, 0x31, 0x22, 0x06, 0x47, 0x61, 0x74, 0x68,
    0x65, 0x72, 0x0a, 0x81, 0x01, 0x0a, 0x22, 0x2f, 0x65, 0x6d, 0x62, 0x5f, 0x67, 0x72, 0x75, 0x2f,
    0x6c, 0x69, 0x6e, 0x65, 0x61, 0x72, 0x5f, 0x69, 0x6e, 0x2f, 0x47, 0x61, 0x74, 0x68, 0x65, 0x72,
    0x5f, 0x6f, 0x75, 0x74, 0x70, 0x75, 0x74, 0x5f, 0x30, 0x12, 0x25, 0x2f, 0x65, 0x6d, 0x62, 0x5f,
    0x67, 0x72, 0x75, 0x2f, 0x6c, 0x69, 0x6e, 0x65, 0x61, 0x72, 0x5f, 0x69, 0x6e, 0x2f, 0x55, 0x6e,
    0x73, 0x71, 0x75, 0x65, 0x65, 0x7a, 0x65, 0x5f, 0x6f, 0x75, 0x74, 0x70, 0x75, 0x74, 0x5f, 0x30,
    0x1a, 0x1c, 0x2f, 0x65, 0x6d, 0x62, 0x5f, 0x67, 0x72, 0x75, 0x2f, 0x6c, 0x69, 0x6e, 0x65, 0x61,
    0x72, 0x5f, 0x69, 0x6e, 0x2f, 0x55, 0x6e, 0x73, 0x71, 0x75, 0x65, 0x65, 0x7a, 0x65, 0x22, 0x09,
    0x55, 0x6e, 0x73, 0x71, 0x75, 0x65, 0x65, 0x7a, 0x65, 0x2a, 0x0b, 0x0a, 0x04, 0x61, 0x78, 0x65,
    0x73, 0x40, 0x00, 0xa0, 0x01, 0x07, 0x0a, 0x87, 0x01, 0x0a, 0x24, 0x2f, 0x65, 0x6d, 0x62, 0x5f,
    0x67, 0x72, 0x75, 0x2f, 0x6c, 0x69, 0x6e, 0x65, 0x61, 0x72, 0x5f, 0x69, 0x6e, 0x2f, 0x47, 0x61,
    0x74, 0x68, 0x65, 0x72, 0x5f, 0x31, 0x5f, 0x6f, 0x75, 0x74, 0x70, 0x75, 0x74, 0x5f, 0x30, 0x12,
    0x27, 0x2f, 0x65, 0x6d, 0x62, 0x5f, 0x67, 0x72, 0x75, 0x2f, 0x6c, 0x69, 0x6e, 0x65, 0x61, 0x72,
    0x5f, 0x69, 0x6e, 0x2f, 0x55, 0x6e, 0x73, 0x71, 0x75, 0x65, 0x65, 0x7a, 0x65, 0x5f, 0x31, 0x5f,
    0x6f, 0x75, 0x74, 0x70, 0x75, 0x74, 0x5f, 0x30, 0x1a, 0x1e, 0x2f, 0x65, 0x6d, 0x62, 0x5f, 0x67,
    0x72, 0x75, 0x2f, 0x6c, 0x69, 0x6e, 0x65, 0x61, 0x72, 0x5f, 0x69, 0x6e, 0x2f, 0x55, 0x6e, 0x73,
    0x71, 0x75, 0x65, 0x65, 0x7a, 0x65, 0x5f, 0x31, 0x22, 0x09, 0x55, 0x6e, 0x73, 0x71, 0x75, 0x65,
    0x65, 0x7a, 0x65, 0x2a, 0x0b, 0x0a, 0x04, 0x61, 0x78, 0x65, 0x73, 0x40, 0x00, 0xa0, 0x01, 0x07,
    0x0a, 0x69, 0x12, 0x24, 0x2f, 0x65, 0x6d, 0x62, 0x5f, 0x67, 0x72, 0x75, 0x2f, 0x6c, 0x69, 0x6e,
    0x65, 0x61, 0x72, 0x5f, 0x69, 0x6e, 0x2f, 0x43, 0x6f, 0x6e, 0x73, 0x74, 0x61, 0x6e, 0x74, 0x5f,
    0x6f, 0x75, 0x74, 0x70, 0x75, 0x74, 0x5f, 0x30, 0x1a, 0x1b, 0x2f, 0x65, 0x6d, 0x62, 0x5f, 0x67,
    0x72, 0x75, 0x2f, 0x6c, 0x69, 0x6e, 0x65, 0x61, 0x72, 0x5f, 0x69, 0x6e, 0x2f, 0x43, 0x6f, 0x6e,
    0x73, 0x74, 0x61, 0x6e, 0x74, 0x22, 0x08, 0x43, 0x6f, 0x6e, 0x73, 0x74, 0x61, 0x6e, 0x74, 0x2a,
    0x1a, 0x0a, 0x05, 0x76, 0x61, 0x6c, 0x75, 0x65, 0x2a, 0x0e, 0x08, 0x01, 0x10, 0x07, 0x4a, 0x08,
    0x10, 0x00, 0x00, 0x00, 0x00, 0x00, 0x00, 0x00, 0xa0, 0x01, 0x04, 0x0a, 0x6d, 0x12, 0x26, 0x2f,
    0x65, 0x6d, 0x62, 0x5f, 0x67, 0x72, 0x75, 0x2f, 0x6c, 0x69, 0x6e, 0x65, 0x61, 0x72, 0x5f, 0x69,
    0x6e, 0x2f, 0x43, 0x6f, 0x6e, 0x73, 0x74, 0x61, 0x6e, 0x74, 0x5f, 0x31, 0x5f, 0x6f, 0x75, 0x74,
    0x70, 0x75, 0x74, 0x5f, 0x30, 0x1a, 0x1d, 0x2f, 0x65, 0x6d, 0x62, 0x5f, 0x67, 0x72, 0x75, 0x2f,
    0x6c, 0x69, 0x6e, 0x65, 0x61, 0x72, 0x5f, 0x69, 0x6e, 0x2f, 0x43, 0x6f, 0x6e, 0x73, 0x74, 0x61,
    0x6e, 0x74, 0x5f, 0x31, 0x22, 0x08, 0x43, 0x6f, 0x6e, 0x73, 0x74, 0x61, 0x6e, 0x74, 0x2a, 0x1a,
    0x0a, 0x05, 0x76, 0x61, 0x6c, 0x75, 0x65, 0x2a, 0x0e, 0x08, 0x01, 0x10, 0x07, 0x4a, 0x08, 0x20,
    0x00, 0x00, 0x00, 0x00, 0x00, 0x00, 0x00, 0xa0, 0x01, 0x04, 0x0a, 0xf2, 0x01, 0x0a, 0x25, 0x2f,
    0x65, 0x6d, 0x62, 0x5f, 0x67, 0x72, 0x75, 0x2f, 0x6c, 0x69, 0x6e, 0x65, 0x61, 0x72, 0x5f, 0x69,
    0x6e, 0x2f, 0x55, 0x6e, 0x73, 0x71, 0x75, 0x65, 0x65, 0x7a, 0x65, 0x5f, 0x6f, 0x75, 0x74, 0x70,
    0x75, 0x74, 0x5f, 0x30, 0x0a, 0x27, 0x2f, 0x65, 0x6d, 0x62, 0x5f, 0x67, 0x72, 0x75, 0x2f, 0x6c,
    0x69, 0x6e, 0x65, 0x61, 0x72, 0x5f, 0x69, 0x6e, 0x2f, 0x55, 0x6e, 0x73, 0x71, 0x75, 0x65, 0x65,
    0x7a, 0x65, 0x5f, 0x31, 0x5f, 0x6f, 0x75, 0x74, 0x70, 0x75, 0x74, 0x5f, 0x30, 0x0a, 0x24, 0x2f,
    0x65, 0x6d, 0x62, 0x5f, 0x67, 0x72, 0x75, 0x2f, 0x6c, 0x69, 0x6e, 0x65, 0x61, 0x72, 0x5f, 0x69,
    0x6e, 0x2f, 0x43, 0x6f, 0x6e, 0x73, 0x74, 0x61, 0x6e, 0x74, 0x5f, 0x6f, 0x75, 0x74, 0x70, 0x75,
    0x74, 0x5f, 0x30, 0x0a, 0x26, 0x2f, 0x65, 0x6d, 0x62, 0x5f, 0x67, 0x72, 0x75, 0x2f, 0x6c, 0x69,
    0x6e, 0x65, 0x61, 0x72, 0x5f, 0x69, 0x6e, 0x2f, 0x43, 0x6f, 0x6e, 0x73, 0x74, 0x61, 0x6e, 0x74,
    0x5f, 0x31, 0x5f, 0x6f, 0x75, 0x74, 0x70, 0x75, 0x74, 0x5f, 0x30, 0x12, 0x22, 0x2f, 0x65, 0x6d,
    0x62, 0x5f, 0x67, 0x72, 0x75, 0x2f, 0x6c, 0x69, 0x6e, 0x65, 0x61, 0x72, 0x5f, 0x69, 0x6e, 0x2f,
    0x43, 0x6f, 0x6e, 0x63, 0x61, 0x74, 0x5f, 0x6f, 0x75, 0x74, 0x70, 0x75, 0x74, 0x5f, 0x30, 0x1a,
    0x19, 0x2f, 0x65, 0x6d, 0x62, 0x5f, 0x67, 0x72, 0x75, 0x2f, 0x6c, 0x69, 0x6e, 0x65, 0x61, 0x72,
    0x5f, 0x69, 0x6e, 0x2f, 0x43, 0x6f, 0x6e, 0x63, 0x61, 0x74, 0x22, 0x06, 0x43, 0x6f, 0x6e, 0x63,
    0x61, 0x74, 0x2a, 0x0b, 0x0a, 0x04, 0x61, 0x78, 0x69, 0x73, 0x18, 0x00, 0xa0, 0x01, 0x02, 0x0a,
    0x73, 0x0a, 0x03, 0x65, 0x6d, 0x62, 0x0a, 0x22, 0x2f, 0x65, 0x6d, 0x62, 0x5f, 0x67, 0x72, 0x75,
    0x2f, 0x6c, 0x69, 0x6e, 0x65, 0x61, 0x72, 0x5f, 0x69, 0x6e, 0x2f, 0x43, 0x6f, 0x6e, 0x63, 0x61,
    0x74, 0x5f, 0x6f, 0x75, 0x74, 0x70, 0x75, 0x74, 0x5f, 0x30, 0x12, 0x23, 0x2f, 0x65, 0x6d, 0x62,
    0x5f, 0x67, 0x72, 0x75, 0x2f, 0x6c, 0x69, 0x6e, 0x65, 0x61, 0x72, 0x5f, 0x69, 0x6e, 0x2f, 0x52,
    0x65, 0x73, 0x68, 0x61, 0x70, 0x65, 0x5f, 0x6f, 0x75, 0x74, 0x70, 0x75, 0x74, 0x5f, 0x30, 0x1a,
    0x1a, 0x2f, 0x65, 0x6d, 0x62, 0x5f, 0x67, 0x72, 0x75, 0x2f, 0x6c, 0x69, 0x6e, 0x65, 0x61, 0x72,
    0x5f, 0x69, 0x6e, 0x2f, 0x52, 0x65, 0x73, 0x68, 0x61, 0x70, 0x65, 0x22, 0x07, 0x52, 0x65, 0x73,
    0x68, 0x61, 0x70, 0x65, 0x0a, 0xa7, 0x01, 0x0a, 0x23, 0x2f, 0x65, 0x6d, 0x62, 0x5f, 0x67, 0x72,
    0x75, 0x2f, 0x6c, 0x69, 0x6e, 0x65, 0x61, 0x72, 0x5f, 0x69, 0x6e, 0x2f, 0x52, 0x65, 0x73, 0x68,
    0x61, 0x70, 0x65, 0x5f, 0x6f, 0x75, 0x74, 0x70, 0x75, 0x74, 0x5f, 0x30, 0x0a, 0x1a, 0x65, 0x6d,
    0x62, 0x5f, 0x67, 0x72, 0x75, 0x2e, 0x6c, 0x69, 0x6e, 0x65, 0x61, 0x72, 0x5f, 0x69, 0x6e, 0x2e,
    0x30, 0x2e, 0x77, 0x65, 0x69, 0x67, 0x68, 0x74, 0x12, 0x22, 0x2f, 0x65, 0x6d, 0x62, 0x5f, 0x67,
    0x72, 0x75, 0x2f, 0x6c, 0x69, 0x6e, 0x65, 0x61, 0x72, 0x5f, 0x69, 0x6e, 0x2f, 0x45, 0x69, 0x6e,
    0x73, 0x75, 0x6d, 0x5f, 0x6f, 0x75, 0x74, 0x70, 0x75, 0x74, 0x5f, 0x30, 0x1a, 0x19, 0x2f, 0x65,
    0x6d, 0x62, 0x5f, 0x67, 0x72, 0x75, 0x2f, 0x6c, 0x69, 0x6e, 0x65, 0x61, 0x72, 0x5f, 0x69, 0x6e,
    0x2f, 0x45, 0x69, 0x6e, 0x73, 0x75, 0x6d, 0x22, 0x06, 0x45, 0x69, 0x6e, 0x73, 0x75, 0x6d, 0x2a,
    0x1d, 0x0a, 0x08, 0x65, 0x71, 0x75, 0x61, 0x74, 0x69, 0x6f, 0x6e, 0x22, 0x0e, 0x62, 0x74, 0x67,
    0x69, 0x2c, 0x67, 0x69, 0x68, 0x2d, 0x3e, 0x62, 0x74, 0x67, 0x68, 0xa0, 0x01, 0x03, 0x0a, 0x6c,
    0x0a, 0x22, 0x2f, 0x65, 0x6d, 0x62, 0x5f, 0x67, 0x72, 0x75, 0x2f, 0x6c, 0x69, 0x6e, 0x65, 0x61,
    0x72, 0x5f, 0x69, 0x6e, 0x2f, 0x45, 0x69, 0x6e, 0x73, 0x75, 0x6d, 0x5f, 0x6f, 0x75, 0x74, 0x70,
    0x75, 0x74, 0x5f, 0x30, 0x12, 0x23, 0x2f, 0x65, 0x6d, 0x62, 0x5f, 0x67, 0x72, 0x75, 0x2f, 0x6c,
    0x69, 0x6e, 0x65, 0x61, 0x72, 0x5f, 0x69, 0x6e, 0x2f, 0x53, 0x68, 0x61, 0x70, 0x65, 0x5f, 0x31,
    0x5f, 0x6f, 0x75, 0x74, 0x70, 0x75, 0x74, 0x5f, 0x30, 0x1a, 0x1a, 0x2f, 0x65, 0x6d, 0x62, 0x5f,
    0x67, 0x72, 0x75, 0x2f, 0x6c, 0x69, 0x6e, 0x65, 0x61, 0x72, 0x5f, 0x69, 0x6e, 0x2f, 0x53, 0x68,
    0x61, 0x70, 0x65, 0x5f, 0x31, 0x22, 0x05, 0x53, 0x68, 0x61, 0x70, 0x65, 0x0a, 0x6d, 0x12, 0x26,
    0x2f, 0x65, 0x6d, 0x62, 0x5f, 0x67, 0x72, 0x75, 0x2f, 0x6c, 0x69, 0x6e, 0x65, 0x61, 0x72, 0x5f,
    0x69, 0x6e, 0x2f, 0x43, 0x6f, 0x6e, 0x73, 0x74, 0x61, 0x6e, 0x74, 0x5f, 0x32, 0x5f, 0x6f, 0x75,
    0x74, 0x70, 0x75, 0x74, 0x5f, 0x30, 0x1a, 0x1d, 0x2f, 0x65, 0x6d, 0x62, 0x5f, 0x67, 0x72, 0x75,
    0x2f, 0x6c, 0x69, 0x6e, 0x65, 0x61, 0x72, 0x5f, 0x69, 0x6e, 0x2f, 0x43, 0x6f, 0x6e, 0x73, 0x74,
    0x61, 0x6e, 0x74, 0x5f, 0x32, 0x22, 0x08, 0x43, 0x6f, 0x6e, 0x73, 0x74, 0x61, 0x6e, 0x74, 0x2a,
    0x1a, 0x0a, 0x05, 0x76, 0x61, 0x6c, 0x75, 0x65, 0x2a, 0x0e, 0x08, 0x01, 0x10, 0x07, 0x4a, 0x08,
    0x00, 0x00, 0x00, 0x00, 0x00, 0x00, 0x00, 0x00, 0xa0, 0x01, 0x04, 0x0a, 0x6d, 0x12, 0x26, 0x2f,
    0x65, 0x6d, 0x62, 0x5f, 0x67, 0x72, 0x75, 0x2f, 0x6c, 0x69, 0x6e, 0x65, 0x61, 0x72, 0x5f, 0x69,
    0x6e, 0x2f, 0x43, 0x6f, 0x6e, 0x73, 0x74, 0x61, 0x6e, 0x74, 0x5f, 0x33, 0x5f, 0x6f, 0x75, 0x74,
    0x70, 0x75, 0x74, 0x5f, 0x30, 0x1a, 0x1d, 0x2f, 0x65, 0x6d, 0x62, 0x5f, 0x67, 0x72, 0x75, 0x2f,
    0x6c, 0x69, 0x6e, 0x65, 0x61, 0x72, 0x5f, 0x69, 0x6e, 0x2f, 0x43, 0x6f, 0x6e, 0x73, 0x74, 0x61,
    0x6e, 0x74, 0x5f, 0x33, 0x22, 0x08, 0x43, 0x6f, 0x6e, 0x73, 0x74, 0x61, 0x6e, 0x74, 0x2a, 0x1a,
    0x0a, 0x05, 0x76, 0x61, 0x6c, 0x75, 0x65, 0x2a, 0x0e, 0x08, 0x01, 0x10, 0x07, 0x4a, 0x08, 0x00,
    0x00, 0x00, 0x00, 0x00, 0x00, 0x00, 0x00, 0xa0, 0x01, 0x04, 0x0a, 0x6d, 0x12, 0x26, 0x2f, 0x65,
    0x6d, 0x62, 0x5f, 0x67, 0x72, 0x75, 0x2f, 0x6c, 0x69, 0x6e, 0x65, 0x61, 0x72, 0x5f, 0x69, 0x6e,
    0x2f, 0x43, 0x6f, 0x6e, 0x73, 0x74, 0x61, 0x6e, 0x74, 0x5f, 0x34, 0x5f, 0x6f, 0x75, 0x74, 0x70,
    0x75, 0x74, 0x5f, 0x30, 0x1a, 0x1d, 0x2f, 0x65, 0x6d, 0x62, 0x5f, 0x67, 0x72, 0x75, 0x2f, 0x6c,
    0x69, 0x6e, 0x65, 0x61, 0x72, 0x5f, 0x69, 0x6e, 0x2f, 0x43, 0x6f, 0x6e, 0x73, 0x74, 0x61, 0x6e,
    0x74, 0x5f, 0x34, 0x22, 0x08, 0x43, 0x6f, 0x6e, 0x73, 0x74, 0x61, 0x6e, 0x74, 0x2a, 0x1a, 0x0a,
    0x05, 0x76, 0x61, 0x6c, 0x75, 0x65, 0x2a, 0x0e, 0x08, 0x01, 0x10, 0x07, 0x4a, 0x08, 0x02, 0x00,
    0x00, 0x00, 0x00, 0x00, 0x00, 0x00, 0xa0, 0x01, 0x04, 0x0a, 0xe1, 0x01, 0x0a, 0x23, 0x2f, 0x65,
    0x6d, 0x62, 0x5f, 0x67, 0x72, 0x75, 0x2f, 0x6c, 0x69, 0x6e, 0x65, 0x61, 0x72, 0x5f, 0x69, 0x6e,
    0x2f, 0x53, 0x68, 0x61, 0x70, 0x65, 0x5f, 0x31, 0x5f, 0x6f, 0x75, 0x74, 0x70, 0x75, 0x74, 0x5f,
    0x30, 0x0a, 0x26, 0x2f, 0x65, 0x6d, 0x62, 0x5f, 0x67, 0x72, 0x75, 0x2f, 0x6c, 0x69, 0x6e, 0x65,
    0x61, 0x72, 0x5f, 0x69, 0x6e, 0x2f, 0x43, 0x6f, 0x6e, 0x73, 0x74, 0x61, 0x6e, 0x74, 0x5f, 0x33,
    0x5f, 0x6f, 0x75, 0x74, 0x70, 0x75, 0x74, 0x5f, 0x30, 0x0a, 0x26, 0x2f, 0x65, 0x6d, 0x62, 0x5f,
    0x67, 0x72, 0x75, 0x2f, 0x6c, 0x69, 0x6e, 0x65, 0x61, 0x72, 0x5f, 0x69, 0x6e, 0x2f, 0x43, 0x6f,
    0x6e, 0x73, 0x74, 0x61, 0x6e, 0x74, 0x5f, 0x34, 0x5f, 0x6f, 0x75, 0x74, 0x70, 0x75, 0x74, 0x5f,
    0x30, 0x0a, 0x26, 0x2f, 0x65, 0x6d, 0x62, 0x5f, 0x67, 0x72, 0x75, 0x2f, 0x6c, 0x69, 0x6e, 0x65,
    0x61, 0x72, 0x5f, 0x69, 0x6e, 0x2f, 0x43, 0x6f, 0x6e, 0x73, 0x74, 0x61, 0x6e, 0x74, 0x5f, 0x32,
    0x5f, 0x6f, 0x75, 0x74, 0x70, 0x75, 0x74, 0x5f, 0x30, 0x12, 0x21, 0x2f, 0x65, 0x6d, 0x62, 0x5f,
    0x67, 0x72, 0x75, 0x2f, 0x6c, 0x69, 0x6e, 0x65, 0x61, 0x72, 0x5f, 0x69, 0x6e, 0x2f, 0x53, 0x6c,
    0x69, 0x63, 0x65, 0x5f, 0x6f, 0x75, 0x74, 0x70, 0x75, 0x74, 0x5f, 0x30, 0x1a, 0x18, 0x2f, 0x65,
    0x6d, 0x62, 0x5f, 0x67, 0x72, 0x75, 0x2f, 0x6c, 0x69, 0x6e, 0x65, 0x61, 0x72, 0x5f, 0x69, 0x6e,
    0x2f, 0x53, 0x6c, 0x69, 0x63, 0x65, 0x22, 0x05, 0x53, 0x6c, 0x69, 0x63, 0x65, 0x0a, 0x6d, 0x12,
    0x26, 0x2f, 0x65, 0x6d, 0x62, 0x5f, 0x67, 0x72, 0x75, 0x2f, 0x6c, 0x69, 0x6e, 0x65, 0x61, 0x72,
    0x5f, 0x69, 0x6e, 0x2f, 0x43, 0x6f, 0x6e, 0x73, 0x74, 0x61, 0x6e, 0x74, 0x5f, 0x35, 0x5f, 0x6f,
    0x75, 0x74, 0x70, 0x75, 0x74, 0x5f, 0x30, 0x1a, 0x1d, 0x2f, 0x65, 0x6d, 0x62, 0x5f, 0x67, 0x72,
    0x75, 0x2f, 0x6c, 0x69, 0x6e, 0x65, 0x61, 0x72, 0x5f, 0x69, 0x6e, 0x2f, 0x43, 0x6f, 0x6e, 0x73,
    0x74, 0x61, 0x6e, 0x74, 0x5f, 0x35, 0x22, 0x08, 0x43, 0x6f, 0x6e, 0x73, 0x74, 0x61, 0x6e, 0x74,
    0x2a, 0x1a, 0x0a, 0x05, 0x76, 0x61, 0x6c, 0x75, 0x65, 0x2a, 0x0e, 0x08, 0x01, 0x10, 0x07, 0x4a,
    0x08, 0xff, 0xff, 0xff, 0xff, 0xff, 0xff, 0xff, 0xff, 0xa0, 0x01, 0x04, 0x0a, 0xa3, 0x01, 0x0a,
    0x21, 0x2f, 0x65, 0x6d, 0x62, 0x5f, 0x67, 0x72, 0x75, 0x2f, 0x6c, 0x69, 0x6e, 0x65, 0x61, 0x72,
    0x5f, 0x69, 0x6e, 0x2f, 0x53, 0x6c, 0x69, 0x63, 0x65, 0x5f, 0x6f, 0x75, 0x74, 0x70, 0x75, 0x74,
    0x5f, 0x30, 0x0a, 0x26, 0x2f, 0x65, 0x6d, 0x62, 0x5f, 0x67, 0x72, 0x75, 0x2f, 0x6c, 0x69, 0x6e,
    0x65, 0x61, 0x72, 0x5f, 0x69, 0x6e, 0x2f, 0x43, 0x6f, 0x6e, 0x73, 0x74, 0x61, 0x6e, 0x74, 0x5f,
    0x35, 0x5f, 0x6f, 0x75, 0x74, 0x70, 0x75, 0x74, 0x5f, 0x30, 0x12, 0x24, 0x2f, 0x65, 0x6d, 0x62,
    0x5f, 0x67, 0x72, 0x75, 0x2f, 0x6c, 0x69, 0x6e, 0x65, 0x61, 0x72, 0x5f, 0x69, 0x6e, 0x2f, 0x43,
    0x6f, 0x6e, 0x63, 0x61, 0x74, 0x5f, 0x31, 0x5f, 0x6f, 0x75, 0x74, 0x70, 0x75, 0x74, 0x5f, 0x30,
    0x1a, 0x1b, 0x2f, 0x65, 0x6d, 0x62, 0x5f, 0x67, 0x72, 0x75, 0x2f, 0x6c, 0x69, 0x6e, 0x65, 0x61,
    0x72, 0x5f, 0x69, 0x6e, 0x2f, 0x43, 0x6f, 0x6e, 0x63, 0x61, 0x74, 0x5f, 0x31, 0x22, 0x06, 0x43,
    0x6f, 0x6e, 0x63, 0x61, 0x74, 0x2a, 0x0b, 0x0a, 0x04, 0x61, 0x78, 0x69, 0x73, 0x18, 0x00, 0xa0,
    0x01, 0x02, 0x0a, 0x98, 0x01, 0x0a, 0x22, 0x2f, 0x65, 0x6d, 0x62, 0x5f, 0x67, 0x72, 0x75, 0x2f,
    0x6c, 0x69, 0x6e, 0x65, 0x61, 0x72, 0x5f, 0x69, 0x6e, 0x2f, 0x45, 0x69, 0x6e, 0x73, 0x75, 0x6d,
    0x5f, 0x6f, 0x75, 0x74, 0x70, 0x75, 0x74, 0x5f, 0x30, 0x0a, 0x24, 0x2f, 0x65, 0x6d, 0x62, 0x5f,
    0x67, 0x72, 0x75, 0x2f, 0x6c, 0x69, 0x6e, 0x65, 0x61, 0x72, 0x5f, 0x69, 0x6e, 0x2f, 0x43, 0x6f,
    0x6e, 0x63, 0x61, 0x74, 0x5f, 0x31, 0x5f, 0x6f, 0x75, 0x74, 0x70, 0x75, 0x74, 0x5f, 0x30, 0x12,
    0x25, 0x2f, 0x65, 0x6d, 0x62, 0x5f, 0x67, 0x72, 0x75, 0x2f, 0x6c, 0x69, 0x6e, 0x65, 0x61, 0x72,
    0x5f, 0x69, 0x6e, 0x2f, 0x52, 0x65, 0x73, 0x68, 0x61, 0x70, 0x65, 0x5f, 0x31, 0x5f, 0x6f, 0x75,
    0x74, 0x70, 0x75, 0x74, 0x5f, 0x30, 0x1a, 0x1c, 0x2f, 0x65, 0x6d, 0x62, 0x5f, 0x67, 0x72, 0x75,
    0x2f, 0x6c, 0x69, 0x6e, 0x65, 0x61, 0x72, 0x5f, 0x69, 0x6e, 0x2f, 0x52, 0x65, 0x73, 0x68, 0x61,
    0x70, 0x65, 0x5f, 0x31, 0x22, 0x07, 0x52, 0x65, 0x73, 0x68, 0x61, 0x70, 0x65, 0x0a, 0x68, 0x0a,
    0x25, 0x2f, 0x65, 0x6d, 0x62, 0x5f, 0x67, 0x72, 0x75, 0x2f, 0x6c, 0x69, 0x6e, 0x65, 0x61, 0x72,
    0x5f, 0x69, 0x6e, 0x2f, 0x52, 0x65, 0x73, 0x68, 0x61, 0x70, 0x65, 0x5f, 0x31, 0x5f, 0x6f, 0x75,
    0x74, 0x70, 0x75, 0x74, 0x5f, 0x30, 0x12, 0x20, 0x2f, 0x65, 0x6d, 0x62, 0x5f, 0x67, 0x72, 0x75,
    0x2f, 0x6c, 0x69, 0x6e, 0x65, 0x61, 0x72, 0x5f, 0x69, 0x6e, 0x2f, 0x52, 0x65, 0x6c, 0x75, 0x5f,
    0x6f, 0x75, 0x74, 0x70, 0x75, 0x74, 0x5f, 0x30, 0x1a, 0x17, 0x2f, 0x65, 0x6d, 0x62, 0x5f, 0x67,
    0x72, 0x75, 0x2f, 0x6c, 0x69, 0x6e, 0x65, 0x61, 0x72, 0x5f, 0x69, 0x6e, 0x2f, 0x52, 0x65, 0x6c,
    0x75, 0x22, 0x04, 0x52, 0x65, 0x6c, 0x75, 0x0a, 0x6f, 0x0a, 0x20, 0x2f, 0x65, 0x6d, 0x62, 0x5f,
    0x67, 0x72, 0x75, 0x2f, 0x6c, 0x69, 0x6e, 0x65, 0x61, 0x72, 0x5f, 0x69, 0x6e, 0x2f, 0x52, 0x65,
    0x6c, 0x75, 0x5f, 0x6f, 0x75, 0x74, 0x70, 0x75, 0x74, 0x5f, 0x30, 0x12, 0x1b, 0x2f, 0x65, 0x6d,
    0x62, 0x5f, 0x67, 0x72, 0x75, 0x2f, 0x54, 0x72, 0x61, 0x6e, 0x73, 0x70, 0x6f, 0x73, 0x65, 0x5f,
    0x6f, 0x75, 0x74, 0x70, 0x75, 0x74, 0x5f, 0x30, 0x1a, 0x12, 0x2f, 0x65, 0x6d, 0x62, 0x5f, 0x67,
    0x72, 0x75, 0x2f, 0x54, 0x72, 0x61, 0x6e, 0x73, 0x70, 0x6f, 0x73, 0x65, 0x22, 0x09, 0x54, 0x72,
    0x61, 0x6e, 0x73, 0x70, 0x6f, 0x73, 0x65, 0x2a, 0x0f, 0x0a, 0x04, 0x70, 0x65, 0x72, 0x6d, 0x40,
    0x01, 0x40, 0x00, 0x40, 0x02, 0xa0, 0x01, 0x07, 0x0a, 0xef, 0x01, 0x0a, 0x1b, 0x2f, 0x65, 0x6d,
    0x62, 0x5f, 0x67, 0x72, 0x75, 0x2f, 0x54, 0x72, 0x61, 0x6e, 0x73, 0x70, 0x6f, 0x73, 0x65, 0x5f,
    0x6f, 0x75, 0x74, 0x70, 0x75, 0x74, 0x5f, 0x30, 0x0a, 0x1c, 0x2f, 0x65, 0x6d, 0x62, 0x5f, 0x67,
    0x72, 0x75, 0x2f, 0x43, 0x6f, 0x6e, 0x73, 0x74, 0x61, 0x6e, 0x74, 0x5f, 0x33, 0x5f, 0x6f, 0x75,
    0x74, 0x70, 0x75, 0x74, 0x5f, 0x30, 0x0a, 0x1c, 0x2f, 0x65, 0x6d, 0x62, 0x5f, 0x67, 0x72, 0x75,
    0x2f, 0x43, 0x6f, 0x6e, 0x73, 0x74, 0x61, 0x6e, 0x74, 0x5f, 0x34, 0x5f, 0x6f, 0x75, 0x74, 0x70,
    0x75, 0x74, 0x5f, 0x30, 0x0a, 0x1c, 0x2f, 0x65, 0x6d, 0x62, 0x5f, 0x67, 0x72, 0x75, 0x2f, 0x43,
    0x6f, 0x6e, 0x73, 0x74, 0x61, 0x6e, 0x74, 0x5f, 0x35, 0x5f, 0x6f, 0x75, 0x74, 0x70, 0x75, 0x74,
    0x5f, 0x30, 0x0a, 0x00, 0x0a, 0x02, 0x68, 0x30, 0x12, 0x15, 0x2f, 0x65, 0x6d, 0x62, 0x5f, 0x67,
    0x72, 0x75, 0x2f, 0x47, 0x52, 0x55, 0x5f, 0x6f, 0x75, 0x74, 0x70, 0x75, 0x74, 0x5f, 0x30, 0x12,
    0x15, 0x2f, 0x65, 0x6d, 0x62, 0x5f, 0x67, 0x72, 0x75, 0x2f, 0x47, 0x52, 0x55, 0x5f, 0x6f, 0x75,
    0x74, 0x70, 0x75, 0x74, 0x5f, 0x31, 0x1a, 0x0c, 0x2f, 0x65, 0x6d, 0x62, 0x5f, 0x67, 0x72, 0x75,
    0x2f, 0x47, 0x52, 0x55, 0x22, 0x03, 0x47, 0x52, 0x55, 0x2a, 0x13, 0x0a, 0x0b, 0x68, 0x69, 0x64,
    0x64, 0x65, 0x6e, 0x5f, 0x73, 0x69, 0x7a, 0x65, 0x18, 0x80, 0x02, 0xa0, 0x01, 0x02, 0x2a, 0x1a,
    0x0a, 0x13, 0x6c, 0x69, 0x6e, 0x65, 0x61, 0x72, 0x5f, 0x62, 0x65, 0x66, 0x6f, 0x72, 0x65, 0x5f,
    0x72, 0x65, 0x73, 0x65, 0x74, 0x18, 0x01, 0xa0, 0x01, 0x02, 0x0a, 0x5a, 0x0a, 0x15, 0x2f, 0x65,
    0x6d, 0x62, 0x5f, 0x67, 0x72, 0x75, 0x2f, 0x47, 0x52, 0x55, 0x5f, 0x6f, 0x75, 0x74, 0x70, 0x75,
    0x74, 0x5f, 0x30, 0x12, 0x19, 0x2f, 0x65, 0x6d, 0x62, 0x5f, 0x67, 0x72, 0x75, 0x2f, 0x53, 0x71,
    0x75, 0x65, 0x65, 0x7a, 0x65, 0x5f, 0x6f, 0x75, 0x74, 0x70, 0x75, 0x74, 0x5f, 0x30, 0x1a, 0x10,
    0x2f, 0x65, 0x6d, 0x62, 0x5f, 0x67, 0x72, 0x75, 0x2f, 0x53, 0x71, 0x75, 0x65, 0x65, 0x7a, 0x65,
    0x22, 0x07, 0x53, 0x71, 0x75, 0x65, 0x65, 0x7a, 0x65, 0x2a, 0x0b, 0x0a, 0x04, 0x61, 0x78, 0x65,
    0x73, 0x40, 0x01, 0xa0, 0x01, 0x07, 0x0a, 0xf5, 0x01, 0x0a, 0x19, 0x2f, 0x65, 0x6d, 0x62, 0x5f,
    0x67, 0x72, 0x75, 0x2f, 0x53, 0x71, 0x75, 0x65, 0x65, 0x7a, 0x65, 0x5f, 0x6f, 0x75, 0x74, 0x70,
    0x75, 0x74, 0x5f, 0x30, 0x0a, 0x1c, 0x2f, 0x65, 0x6d, 0x62, 0x5f, 0x67, 0x72, 0x75, 0x2f, 0x43,
    0x6f, 0x6e, 0x73, 0x74, 0x61, 0x6e, 0x74, 0x5f, 0x39, 0x5f, 0x6f, 0x75, 0x74, 0x70, 0x75, 0x74,
    0x5f, 0x30, 0x0a, 0x1d, 0x2f, 0x65, 0x6d, 0x62, 0x5f, 0x67, 0x72, 0x75, 0x2f, 0x43, 0x6f, 0x6e,
    0x73, 0x74, 0x61, 0x6e, 0x74, 0x5f, 0x31, 0x30, 0x5f, 0x6f, 0x75, 0x74, 0x70, 0x75, 0x74, 0x5f,
    0x30, 0x0a, 0x1d, 0x2f, 0x65, 0x6d, 0x62, 0x5f, 0x67, 0x72, 0x75, 0x2f, 0x43, 0x6f, 0x6e, 0x73,
    0x74, 0x61, 0x6e, 0x74, 0x5f, 0x31, 0x31, 0x5f, 0x6f, 0x75, 0x74, 0x70, 0x75, 0x74, 0x5f, 0x30,
    0x0a, 0x00, 0x0a, 0x02, 0x68, 0x31, 0x12, 0x17, 0x2f, 0x65, 0x6d, 0x62, 0x5f, 0x67, 0x72, 0x75,
    0x2f, 0x47, 0x52, 0x55, 0x5f, 0x31, 0x5f, 0x6f, 0x75, 0x74, 0x70, 0x75, 0x74, 0x5f, 0x30, 0x12,
    0x17, 0x2f, 0x65, 0x6d, 0x62, 0x5f, 0x67, 0x72, 0x75, 0x2f, 0x47, 0x52, 0x55, 0x5f, 0x31, 0x5f,
    0x6f, 0x75, 0x74, 0x70, 0x75, 0x74, 0x5f, 0x31, 0x1a, 0x0e, 0x2f, 0x65, 0x6d, 0x62, 0x5f, 0x67,
    0x72, 0x75, 0x2f, 0x47, 0x52, 0x55, 0x5f, 0x31, 0x22, 0x03, 0x47, 0x52, 0x55, 0x2a, 0x13, 0x0a,
    0x0b, 0x68, 0x69, 0x64, 0x64, 0x65, 0x6e, 0x5f, 0x73, 0x69, 0x7a, 0x65, 0x18, 0x80, 0x02, 0xa0,
    0x01, 0x02, 0x2a, 0x1a, 0x0a, 0x13, 0x6c, 0x69, 0x6e, 0x65, 0x61, 0x72, 0x5f, 0x62, 0x65, 0x66,
    0x6f, 0x72, 0x65, 0x5f, 0x72, 0x65, 0x73, 0x65, 0x74, 0x18, 0x01, 0xa0, 0x01, 0x02, 0x0a, 0x60,
    0x0a, 0x17, 0x2f, 0x65, 0x6d, 0x62, 0x5f, 0x67, 0x72, 0x75, 0x2f, 0x47, 0x52, 0x55, 0x5f, 0x31,
    0x5f, 0x6f, 0x75, 0x74, 0x70, 0x75, 0x74, 0x5f, 0x30, 0x12, 0x1b, 0x2f, 0x65, 0x6d, 0x62, 0x5f,
    0x67, 0x72, 0x75, 0x2f, 0x53, 0x71, 0x75, 0x65, 0x65, 0x7a, 0x65, 0x5f, 0x31, 0x5f, 0x6f, 0x75,
    0x74, 0x70, 0x75, 0x74, 0x5f, 0x30, 0x1a, 0x12, 0x2f, 0x65, 0x6d, 0x62, 0x5f, 0x67, 0x72, 0x75,
    0x2f, 0x53, 0x71, 0x75, 0x65, 0x65, 0x7a, 0x65, 0x5f, 0x31, 0x22, 0x07, 0x53, 0x71, 0x75, 0x65,
    0x65, 0x7a, 0x65, 0x2a, 0x0b, 0x0a, 0x04, 0x61, 0x78, 0x65, 0x73, 0x40, 0x01, 0xa0, 0x01, 0x07,
    0x0a, 0x6e, 0x0a, 0x1b, 0x2f, 0x65, 0x6d, 0x62, 0x5f, 0x67, 0x72, 0x75, 0x2f, 0x53, 0x71, 0x75,
    0x65, 0x65, 0x7a, 0x65, 0x5f, 0x31, 0x5f, 0x6f, 0x75, 0x74, 0x70, 0x75, 0x74, 0x5f, 0x30, 0x12,
    0x1d, 0x2f, 0x65, 0x6d, 0x62, 0x5f, 0x67, 0x72, 0x75, 0x2f, 0x54, 0x72, 0x61, 0x6e, 0x73, 0x70,
    0x6f, 0x73, 0x65, 0x5f, 0x31, 0x5f, 0x6f, 0x75, 0x74, 0x70, 0x75, 0x74, 0x5f, 0x30, 0x1a, 0x14,
    0x2f, 0x65, 0x6d, 0x62, 0x5f, 0x67, 0x72, 0x75, 0x2f, 0x54, 0x72, 0x61, 0x6e, 0x73, 0x70, 0x6f,
    0x73, 0x65, 0x5f, 0x31, 0x22, 0x09, 0x54, 0x72, 0x61, 0x6e, 0x73, 0x70, 0x6f, 0x73, 0x65, 0x2a,
    0x0f, 0x0a, 0x04, 0x70, 0x65, 0x72, 0x6d, 0x40, 0x01, 0x40, 0x00, 0x40, 0x02, 0xa0, 0x01, 0x07,
    0x0a, 0x65, 0x0a, 0x1d, 0x2f, 0x65, 0x6d, 0x62, 0x5f, 0x67, 0x72, 0x75, 0x2f, 0x54, 0x72, 0x61,
    0x6e, 0x73, 0x70, 0x6f, 0x73, 0x65, 0x5f, 0x31, 0x5f, 0x6f, 0x75, 0x74, 0x70, 0x75, 0x74, 0x5f,
    0x30, 0x12, 0x22, 0x2f, 0x65, 0x6d, 0x62, 0x5f, 0x67, 0x72, 0x75, 0x2f, 0x6c, 0x69, 0x6e, 0x65,
    0x61, 0x72, 0x5f, 0x6f, 0x75, 0x74, 0x2f, 0x53, 0x68, 0x61, 0x70, 0x65, 0x5f, 0x6f, 0x75, 0x74,
    0x70, 0x75, 0x74, 0x5f, 0x30, 0x1a, 0x19, 0x2f, 0x65, 0x6d, 0x62, 0x5f, 0x67, 0x72, 0x75, 0x2f,
    0x6c, 0x69, 0x6e, 0x65, 0x61, 0x72, 0x5f, 0x6f, 0x75, 0x74, 0x2f, 0x53, 0x68, 0x61, 0x70, 0x65,
    0x22, 0x05, 0x53, 0x68, 0x61, 0x70, 0x65, 0x0a, 0x43, 0x12, 0x10, 0x6f, 0x6e, 0x6e, 0x78, 0x3a,
    0x3a, 0x47, 0x61, 0x74, 0x68, 0x65, 0x72, 0x5f, 0x32, 0x32, 0x39, 0x1a, 0x0b, 0x43, 0x6f, 0x6e,
    0x73, 0x74, 0x61, 0x6e, 0x74, 0x5f, 0x35, 0x37, 0x22, 0x08, 0x43, 0x6f, 0x6e, 0x73, 0x74, 0x61,
    0x6e, 0x74, 0x2a, 0x18, 0x0a, 0x05, 0x76, 0x61, 0x6c, 0x75, 0x65, 0x2a, 0x0c, 0x10, 0x07, 0x4a,
    0x08, 0x00, 0x00, 0x00, 0x00, 0x00, 0x00, 0x00, 0x00, 0xa0, 0x01, 0x04, 0x0a, 0x7f, 0x0a, 0x22,
    0x2f, 0x65, 0x6d, 0x62, 0x5f, 0x67, 0x72, 0x75, 0x2f, 0x6c, 0x69, 0x6e, 0x65, 0x61, 0x72, 0x5f,
    0x6f, 0x75, 0x74, 0x2f, 0x53, 0x68, 0x61, 0x70, 0x65, 0x5f, 0x6f, 0x75, 0x74, 0x70, 0x75, 0x74,
    0x5f, 0x30, 0x0a, 0x10, 0x6f, 0x6e, 0x6e, 0x78, 0x3a, 0x3a, 0x47, 0x61, 0x74, 0x68, 0x65, 0x72,
    0x5f, 0x32, 0x32, 0x39, 0x12, 0x23, 0x2f, 0x65, 0x6d, 0x62, 0x5f, 0x67, 0x72, 0x75, 0x2f, 0x6c,
    0x69, 0x6e, 0x65, 0x61, 0x72, 0x5f, 0x6f, 0x75, 0x74, 0x2f, 0x47, 0x61, 0x74, 0x68, 0x65, 0x72,
    0x5f, 0x6f, 0x75, 0x74, 0x70, 0x75, 0x74, 0x5f, 0x30, 0x1a, 0x1a, 0x2f, 0x65, 0x6d, 0x62, 0x5f,
    0x67, 0x72, 0x75, 0x2f, 0x6c, 0x69, 0x6e, 0x65, 0x61, 0x72, 0x5f, 0x6f, 0x75, 0x74, 0x2f, 0x47,
    0x61, 0x74, 0x68, 0x65, 0x72, 0x22, 0x06, 0x47, 0x61, 0x74, 0x68, 0x65, 0x72, 0x0a, 0x43, 0x12,
    0x10, 0x6f, 0x6e, 0x6e, 0x78, 0x3a, 0x3a, 0x47, 0x61, 0x74, 0x68, 0x65, 0x72, 0x5f, 0x32, 0x33,
    0x31, 0x1a, 0x0b, 0x43, 0x6f, 0x6e, 0x73, 0x74, 0x61, 0x6e, 0x74, 0x5f, 0x35, 0x39, 0x22, 0x08,
    0x43, 0x6f, 0x6e, 0x73, 0x74, 0x61, 0x6e, 0x74, 0x2a, 0x18, 0x0a, 0x05, 0x76, 0x61, 0x6c, 0x75,
    0x65, 0x2a, 0x0c, 0x10, 0x07, 0x4a, 0x08, 0x01, 0x00, 0x00, 0x00, 0x00, 0x00, 0x00, 0x00, 0xa0,
    0x01, 0x04, 0x0a, 0x83, 0x01, 0x0a, 0x22, 0x2f, 0x65, 0x6d, 0x62, 0x5f, 0x67, 0x72, 0x75, 0x2f,
    0x6c, 0x69, 0x6e, 0x65, 0x61, 0x72, 0x5f, 0x6f, 0x75, 0x74, 0x2f, 0x53, 0x68, 0x61, 0x70, 0x65,
    0x5f, 0x6f, 0x75, 0x74, 0x70, 0x75, 0x74, 0x5f, 0x30, 0x0a, 0x10, 0x6f, 0x6e, 0x6e, 0x78, 0x3a,
    0x3a, 0x47, 0x61, 0x74, 0x68, 0x65, 0x72, 0x5f, 0x32, 0x33, 0x31, 0x12, 0x25, 0x2f, 0x65, 0x6d,
    0x62, 0x5f, 0x67, 0x72, 0x75, 0x2f, 0x6c, 0x69, 0x6e, 0x65, 0x61, 0x72, 0x5f, 0x6f, 0x75, 0x74,
    0x2f, 0x47, 0x61, 0x74, 0x68, 0x65, 0x72, 0x5f, 0x31, 0x5f, 0x6f, 0x75, 0x74, 0x70, 0x75, 0x74,
    0x5f, 0x30, 0x1a, 0x1c, 0x2f, 0x65, 0x6d, 0x62, 0x5f, 0x67, 0x72, 0x75, 0x2f, 0x6c, 0x69, 0x6e,
    0x65, 0x61, 0x72, 0x5f, 0x6f, 0x75, 0x74, 0x2f, 0x47, 0x61, 0x74, 0x68, 0x65, 0x72, 0x5f, 0x31,
    0x22, 0x06, 0x47, 0x61, 0x74, 0x68, 0x65, 0x72, 0x0a, 0x84, 0x01, 0x0a, 0x23, 0x2f, 0x65, 0x6d,
    0x62, 0x5f, 0x67, 0x72, 0x75, 0x2f, 0x6c, 0x69, 0x6e, 0x65, 0x61, 0x72, 0x5f, 0x6f, 0x75, 0x74,
    0x2f, 0x47, 0x61, 0x74, 0x68, 0x65, 0x72, 0x5f, 0x6f, 0x75, 0x74, 0x70, 0x75, 0x74, 0x5f, 0x30,
    0x12, 0x26, 0x2f, 0x65, 0x6d, 0x62, 0x5f, 0x67, 0x72, 0x75, 0x2f, 0x6c, 0x69, 0x6e, 0x65, 0x61,
    0x72, 0x5f, 0x6f, 0x75, 0x74, 0x2f, 0x55, 0x6e, 0x73, 0x71, 0x75, 0x65, 0x65, 0x7a, 0x65, 0x5f,
    0x6f, 0x75, 0x74, 0x70, 0x75, 0x74, 0x5f, 0x30, 0x1a, 0x1d, 0x2f, 0x65, 0x6d, 0x62, 0x5f, 0x67,
    0x72, 0x75, 0x2f, 0x6c, 0x69, 0x6e, 0x65, 0x61, 0x72, 0x5f, 0x6f, 0x75, 0x74, 0x2f, 0x55, 0x6e,
    0x73, 0x71, 0x75, 0x65, 0x65, 0x7a, 0x65, 0x22, 0x09, 0x55, 0x6e, 0x73, 0x71, 0x75, 0x65, 0x65,
    0x7a, 0x65, 0x2a, 0x0b, 0x0a, 0x04, 0x61, 0x78, 0x65, 0x73, 0x40, 0x00, 0xa0, 0x01, 0x07, 0x0a,
    0x8a, 0x01, 0x0a, 0x25, 0x2f, 0x65, 0x6d, 0x62, 0x5f, 0x67, 0x72, 0x75, 0x2f, 0x6c, 0x69, 0x6e,
    0x65, 0x61, 0x72, 0x5f, 0x6f, 0x75, 0x74, 0x2f, 0x47, 0x61, 0x74, 0x68, 0x65, 0x72, 0x5f, 0x31,
    0x5f, 0x6f, 0x75, 0x74, 0x70, 0x75, 0x74, 0x5f, 0x30, 0x12, 0x28, 0x2f, 0x65, 0x6d, 0x62, 0x5f,
    0x67, 0x72, 0x75, 0x2f, 0x6c, 0x69, 0x6e, 0x65, 0x61, 0x72, 0x5f, 0x6f, 0x75, 0x74, 0x2f, 0x55,
    0x6e, 0x73, 0x71, 0x75, 0x65, 0x65, 0x7a, 0x65, 0x5f, 0x31, 0x5f, 0x6f, 0x75, 0x74, 0x70, 0x75,
    0x74, 0x5f, 0x30, 0x1a, 0x1f, 0x2f, 0x65, 0x6d, 0x62, 0x5f, 0x67, 0x72, 0x75, 0x2f, 0x6c, 0x69,
    0x6e, 0x65, 0x61, 0x72, 0x5f, 0x6f, 0x75, 0x74, 0x2f, 0x55, 0x6e, 0x73, 0x71, 0x75, 0x65, 0x65,
    0x7a, 0x65, 0x5f, 0x31, 0x22, 0x09, 0x55, 0x6e, 0x73, 0x71, 0x75, 0x65, 0x65, 0x7a, 0x65, 0x2a,
    0x0b, 0x0a, 0x04, 0x61, 0x78, 0x65, 0x73, 0x40, 0x00, 0xa0, 0x01, 0x07, 0x0a, 0x6b, 0x12, 0x25,
    0x2f, 0x65, 0x6d, 0x62, 0x5f, 0x67, 0x72, 0x75, 0x2f, 0x6c, 0x69, 0x6e, 0x65, 0x61, 0x72, 0x5f,
    0x6f, 0x75, 0x74, 0x2f, 0x43, 0x6f, 0x6e, 0x73, 0x74, 0x61, 0x6e, 0x74, 0x5f, 0x6f, 0x75, 0x74,
    0x70, 0x75, 0x74, 0x5f, 0x30, 0x1a, 0x1c, 0x2f, 0x65, 0x6d, 0x62, 0x5f, 0x67, 0x72, 0x75, 0x2f,
    0x6c, 0x69, 0x6e, 0x65, 0x61, 0x72, 0x5f, 0x6f, 0x75, 0x74, 0x2f, 0x43, 0x6f, 0x6e, 0x73, 0x74,
    0x61, 0x6e, 0x74, 0x22, 0x08, 0x43, 0x6f, 0x6e, 0x73, 0x74, 0x61, 0x6e, 0x74, 0x2a, 0x1a, 0x0a,
    0x05, 0x76, 0x61, 0x6c, 0x75, 0x65, 0x2a, 0x0e, 0x08, 0x01, 0x10, 0x07, 0x4a, 0x08, 0x10, 0x00,
    0x00, 0x00, 0x00, 0x00, 0x00, 0x00, 0xa0, 0x01, 0x04, 0x0a, 0x6f, 0x12, 0x27, 0x2f, 0x65, 0x6d,
    0x62, 0x5f, 0x67, 0x72, 0x75, 0x2f, 0x6c, 0x69, 0x6e, 0x65, 0x61, 0x72, 0x5f, 0x6f, 0x75, 0x74,
    0x2f, 0x43, 0x6f, 0x6e, 0x73, 0x74, 0x61, 0x6e, 0x74, 0x5f, 0x31, 0x5f, 0x6f, 0x75, 0x74, 0x70,
    0x75, 0x74, 0x5f, 0x30, 0x1a, 0x1e, 0x2f, 0x65, 0x6d, 0x62, 0x5f, 0x67, 0x72, 0x75, 0x2f, 0x6c,
    0x69, 0x6e, 0x65, 0x61, 0x72, 0x5f, 0x6f, 0x75, 0x74, 0x2f, 0x43, 0x6f, 0x6e, 0x73, 0x74, 0x61,
    0x6e, 0x74, 0x5f, 0x31, 0x22, 0x08, 0x43, 0x6f, 0x6e, 0x73, 0x74, 0x61, 0x6e, 0x74, 0x2a, 0x1a,
    0x0a, 0x05, 0x76, 0x61, 0x6c, 0x75, 0x65, 0x2a, 0x0e, 0x08, 0x01, 0x10, 0x07, 0x4a, 0x08, 0x10,
    0x00, 0x00, 0x00, 0x00, 0x00, 0x00, 0x00, 0xa0, 0x01, 0x04, 0x0a, 0xf8, 0x01, 0x0a, 0x26, 0x2f,
    0x65, 0x6d, 0x62, 0x5f, 0x67, 0x72, 0x75, 0x2f, 0x6c, 0x69, 0x6e, 0x65, 0x61, 0x72, 0x5f, 0x6f,
    0x75, 0x74, 0x2f, 0x55, 0x6e, 0x73, 0x71, 0x75, 0x65, 0x65, 0x7a, 0x65, 0x5f, 0x6f, 0x75, 0x74,
    0x70, 0x75, 0x74, 0x5f, 0x30, 0x0a, 0x28, 0x2f, 0x65, 0x6d, 0x62, 0x5f, 0x67, 0x72, 0x75, 0x2f,
    0x6c, 0x69, 0x6e, 0x65, 0x61, 0x72, 0x5f, 0x6f, 0x75, 0x74, 0x2f, 0x55, 0x6e, 0x73, 0x71, 0x75,
    0x65, 0x65, 0x7a, 0x65, 0x5f, 0x31, 0x5f, 0x6f, 0x75, 0x74, 0x70, 0x75, 0x74, 0x5f, 0x30, 0x0a,
    0x25, 0x2f, 0x65, 0x6d, 0x62, 0x5f, 0x67, 0x72, 0x75, 0x2f, 0x6c, 0x69, 0x6e, 0x65, 0x61, 0x72,
    0x5f, 0x6f, 0x75, 0x74, 0x2f, 0x43, 0x6f, 0x6e, 0x73, 0x74, 0x61, 0x6e, 0x74, 0x5f, 0x6f, 0x75,
    0x74, 0x70, 0x75, 0x74, 0x5f, 0x30, 0x0a, 0x27, 0x2f, 0x65, 0x6d, 0x62, 0x5f, 0x67, 0x72, 0x75,
    0x2f, 0x6c, 0x69, 0x6e, 0x65, 0x61, 0x72, 0x5f, 0x6f, 0x75, 0x74, 0x2f, 0x43, 0x6f, 0x6e, 0x73,
    0x74, 0x61, 0x6e, 0x74, 0x5f, 0x31, 0x5f, 0x6f, 0x75, 0x74, 0x70, 0x75, 0x74, 0x5f, 0x30, 0x12,
    0x23, 0x2f, 0x65, 0x6d, 0x62, 0x5f, 0x67, 0x72, 0x75, 0x2f, 0x6c, 0x69, 0x6e, 0x65, 0x61, 0x72,
    0x5f, 0x6f, 0x75, 0x74, 0x2f, 0x43, 0x6f, 0x6e, 0x63, 0x61, 0x74, 0x5f, 0x6f, 0x75, 0x74, 0x70,
    0x75, 0x74, 0x5f, 0x30, 0x1a, 0x1a, 0x2f, 0x65, 0x6d, 0x62, 0x5f, 0x67, 0x72, 0x75, 0x2f, 0x6c,
    0x69, 0x6e, 0x65, 0x61, 0x72, 0x5f, 0x6f, 0x75, 0x74, 0x2f, 0x43, 0x6f, 0x6e, 0x63, 0x61, 0x74,
    0x22, 0x06, 0x43, 0x6f, 0x6e, 0x63, 0x61, 0x74, 0x2a, 0x0b, 0x0a, 0x04, 0x61, 0x78, 0x69, 0x73,
    0x18, 0x00, 0xa0, 0x01, 0x02, 0x0a, 0x90, 0x01, 0x0a, 0x1d, 0x2f, 0x65, 0x6d, 0x62, 0x5f, 0x67,
    0x72, 0x75, 0x2f, 0x54, 0x72, 0x61, 0x6e, 0x73, 0x70, 0x6f, 0x73, 0x65, 0x5f, 0x31, 0x5f, 0x6f,
    0x75, 0x74, 0x70, 0x75, 0x74, 0x5f, 0x30, 0x0a, 0x23, 0x2f, 0x65, 0x6d, 0x62, 0x5f, 0x67, 0x72,
    0x75, 0x2f, 0x6c, 0x69, 0x6e, 0x65, 0x61, 0x72, 0x5f, 0x6f, 0x75, 0x74, 0x2f, 0x43, 0x6f, 0x6e,
    0x63, 0x61, 0x74, 0x5f, 0x6f, 0x75, 0x74, 0x70, 0x75, 0x74, 0x5f, 0x30, 0x12, 0x24, 0x2f, 0x65,
    0x6d, 0x62, 0x5f, 0x67, 0x72, 0x75, 0x2f, 0x6c, 0x69, 0x6e, 0x65, 0x61, 0x72, 0x5f, 0x6f, 0x75,
    0x74, 0x2f, 0x52, 0x65, 0x73, 0x68, 0x61, 0x70, 0x65, 0x5f, 0x6f, 0x75, 0x74, 0x70, 0x75, 0x74,
    0x5f, 0x30, 0x1a, 0x1b, 0x2f, 0x65, 0x6d, 0x62, 0x5f, 0x67, 0x72, 0x75, 0x2f, 0x6c, 0x69, 0x6e,
    0x65, 0x61, 0x72, 0x5f, 0x6f, 0x75, 0x74, 0x2f, 0x52, 0x65, 0x73, 0x68, 0x61, 0x70, 0x65, 0x22,
    0x07, 0x52, 0x65, 0x73, 0x68, 0x61, 0x70, 0x65, 0x0a, 0xab, 0x01, 0x0a, 0x24, 0x2f, 0x65, 0x6d,
    0x62, 0x5f, 0x67, 0x72, 0x75, 0x2f, 0x6c, 0x69, 0x6e, 0x65, 0x61, 0x72, 0x5f, 0x6f, 0x75, 0x74,
    0x2f, 0x52, 0x65, 0x73, 0x68, 0x61, 0x70, 0x65, 0x5f, 0x6f, 0x75, 0x74, 0x70, 0x75, 0x74, 0x5f,
    0x30, 0x0a, 0x1b, 0x65, 0x6d, 0x62, 0x5f, 0x67, 0x72, 0x75, 0x2e, 0x6c, 0x69, 0x6e, 0x65, 0x61,
    0x72, 0x5f, 0x6f, 0x75, 0x74, 0x2e, 0x30, 0x2e, 0x77, 0x65, 0x69, 0x67, 0x68, 0x74, 0x12, 0x23,
    0x2f, 0x65, 0x6d, 0x62, 0x5f, 0x67, 0x72, 0x75, 0x2f, 0x6c, 0x69, 0x6e, 0x65, 0x61, 0x72, 0x5f,
    0x6f, 0x75, 0x74, 0x2f, 0x45, 0x69, 0x6e, 0x73, 0x75, 0x6d, 0x5f, 0x6f, 0x75, 0x74, 0x70, 0x75,
    0x74, 0x5f, 0x30, 0x1a, 0x1a, 0x2f, 0x65, 0x6d, 0x62, 0x5f, 0x67, 0x72, 0x75, 0x2f, 0x6c, 0x69,
    0x6e, 0x65, 0x61, 0x72, 0x5f, 0x6f, 0x75, 0x74, 0x2f, 0x45, 0x69, 0x6e, 0x73, 0x75, 0x6d, 0x22,
    0x06, 0x45, 0x69, 0x6e, 0x73, 0x75, 0x6d, 0x2a, 0x1d, 0x0a, 0x08, 0x65, 0x71, 0x75, 0x61, 0x74,
    0x69, 0x6f, 0x6e, 0x22, 0x0e, 0x62, 0x74, 0x67, 0x69, 0x2c, 0x67, 0x69, 0x68, 0x2d, 0x3e, 0x62,
    0x74, 0x67, 0x68, 0xa0, 0x01, 0x03, 0x0a, 0x6f, 0x0a, 0x23, 0x2f, 0x65, 0x6d, 0x62, 0x5f, 0x67,
    0x72, 0x75, 0x2f, 0x6c, 0x69, 0x6e, 0x65, 0x61, 0x72, 0x5f, 0x6f, 0x75, 0x74, 0x2f, 0x45, 0x69,
    0x6e, 0x73, 0x75, 0x6d, 0x5f, 0x6f, 0x75, 0x74, 0x70, 0x75, 0x74, 0x5f, 0x30, 0x12, 0x24, 0x2f,
    0x65, 0x6d, 0x62, 0x5f, 0x67, 0x72, 0x75, 0x2f, 0x6c, 0x69, 0x6e, 0x65, 0x61, 0x72, 0x5f, 0x6f,
    0x75, 0x74, 0x2f, 0x53, 0x68, 0x61, 0x70, 0x65, 0x5f, 0x31, 0x5f, 0x6f, 0x75, 0x74, 0x70, 0x75,
    0x74, 0x5f, 0x30, 0x1a, 0x1b, 0x2f, 0x65, 0x6d, 0x62, 0x5f, 0x67, 0x72, 0x75, 0x2f, 0x6c, 0x69,
    0x6e, 0x65, 0x61, 0x72, 0x5f, 0x6f, 0x75, 0x74, 0x2f, 0x53, 0x68, 0x61, 0x70, 0x65, 0x5f, 0x31,
    0x22, 0x05, 0x53, 0x68, 0x61, 0x70, 0x65, 0x0a, 0x6f, 0x12, 0x27, 0x2f, 0x65, 0x6d, 0x62, 0x5f,
    0x67, 0x72, 0x75, 0x2f, 0x6c, 0x69, 0x6e, 0x65, 0x61, 0x72, 0x5f, 0x6f, 0x75, 0x74, 0x2f, 0x43,
    0x6f, 0x6e, 0x73, 0x74, 0x61, 0x6e, 0x74, 0x5f, 0x32, 0x5f, 0x6f, 0x75, 0x74, 0x70, 0x75, 0x74,
    0x5f, 0x30, 0x1a, 0x1e, 0x2f, 0x65, 0x6d, 0x62, 0x5f, 0x67, 0x72, 0x75, 0x2f, 0x6c, 0x69, 0x6e,
    0x65, 0x61, 0x72, 0x5f, 0x6f, 0x75, 0x74, 0x2f, 0x43, 0x6f, 0x6e, 0x73, 0x74, 0x61, 0x6e, 0x74,
    0x5f, 0x32, 0x22, 0x08, 0x43, 0x6f, 0x6e, 0x73, 0x74, 0x61, 0x6e, 0x74, 0x2a, 0x1a, 0x0a, 0x05,
    0x76, 0x61, 0x6c, 0x75, 0x65, 0x2a, 0x0e, 0x08, 0x01, 0x10, 0x07, 0x4a, 0x08, 0x00, 0x00, 0x00,
    0x00, 0x00, 0x00, 0x00, 0x00, 0xa0, 0x01, 0x04, 0x0a, 0x6f, 0x12, 0x27, 0x2f, 0x65, 0x6d, 0x62,
    0x5f, 0x67, 0x72, 0x75, 0x2f, 0x6c, 0x69, 0x6e, 0x65, 0x61, 0x72, 0x5f, 0x6f, 0x75, 0x74, 0x2f,
    0x43, 0x6f, 0x6e, 0x73, 0x74, 0x61, 0x6e, 0x74, 0x5f, 0x33, 0x5f, 0x6f, 0x75, 0x74, 0x70, 0x75,
    0x74, 0x5f, 0x30, 0x1a, 0x1e, 0x2f, 0x65, 0x6d, 0x62, 0x5f, 0x67, 0x72, 0x75, 0x2f, 0x6c, 0x69,
    0x6e, 0x65, 0x61, 0x72, 0x5f, 0x6f, 0x75, 0x74, 0x2f, 0x43, 0x6f, 0x6e, 0x73, 0x74, 0x61, 0x6e,
    0x74, 0x5f, 0x33, 0x22, 0x08, 0x43, 0x6f, 0x6e, 0x73, 0x74, 0x61, 0x6e, 0x74, 0x2a, 0x1a, 0x0a,
    0x05, 0x76, 0x61, 0x6c, 0x75, 0x65, 0x2a, 0x0e, 0x08, 0x01, 0x10, 0x07, 0x4a, 0x08, 0x00, 0x00,
    0x00, 0x00, 0x00, 0x00, 0x00, 0x00, 0xa0, 0x01, 0x04, 0x0a, 0x6f, 0x12, 0x27, 0x2f, 0x65, 0x6d,
    0x62, 0x5f, 0x67, 0x72, 0x75, 0x2f, 0x6c, 0x69, 0x6e, 0x65, 0x61, 0x72, 0x5f, 0x6f, 0x75, 0x74,
    0x2f, 0x43, 0x6f, 0x6e, 0x73, 0x74, 0x61, 0x6e, 0x74, 0x5f, 0x34, 0x5f, 0x6f, 0x75, 0x74, 0x70,
    0x75, 0x74, 0x5f, 0x30, 0x1a, 0x1e, 0x2f, 0x65, 0x6d, 0x62, 0x5f, 0x67, 0x72, 0x75, 0x2f, 0x6c,
    0x69, 0x6e, 0x65, 0x61, 0x72, 0x5f, 0x6f, 0x75, 0x74, 0x2f, 0x43, 0x6f, 0x6e, 0x73, 0x74, 0x61,
    0x6e, 0x74, 0x5f, 0x34, 0x22, 0x08, 0x43, 0x6f, 0x6e, 0x73, 0x74, 0x61, 0x6e, 0x74, 0x2a, 0x1a,
    0x0a, 0x05, 0x76, 0x61, 0x6c, 0x75, 0x65, 0x2a, 0x0e, 0x08, 0x01, 0x10, 0x07, 0x4a, 0x08, 0x02,
    0x00, 0x00, 0x00, 0x00, 0x00, 0x00, 0x00, 0xa0, 0x01, 0x04, 0x0a, 0xe7, 0x01, 0x0a, 0x24, 0x2f,
    0x65, 0x6d, 0x62, 0x5f, 0x67, 0x72, 0x75, 0x2f, 0x6c, 0x69, 0x6e, 0x65, 0x61, 0x72, 0x5f, 0x6f,
    0x75, 0x74, 0x2f, 0x53, 0x68, 0x61, 0x70, 0x65, 0x5f, 0x31, 0x5f, 0x6f, 0x75, 0x74, 0x70, 0x75,
    0x74, 0x5f, 0x30, 0x0a, 0x27, 0x2f, 0x65, 0x6d, 0x62, 0x5f, 0x67, 0x72, 0x75, 0x2f, 0x6c, 0x69,
    0x6e, 0x65, 0x61, 0x72, 0x5f, 0x6f, 0x75, 0x74, 0x2f, 0x43, 0x6f, 0x6e, 0x73, 0x74, 0x61, 0x6e,
    0x74, 0x5f, 0x33, 0x5f, 0x6f, 0x75, 0x74, 0x70, 0x75, 0x74, 0x5f, 0x30, 0x0a, 0x27, 0x2f, 0x65,
    0x6d, 0x62, 0x5f, 0x67, 0x72, 0x75, 0x2f, 0x6c, 0x69, 0x6e, 0x65, 0x61, 0x72, 0x5f, 0x6f, 0x75,
    0x74, 0x2f, 0x43, 0x6f, 0x6e, 0x73, 0x74, 0x61, 0x6e, 0x74, 0x5f, 0x34, 0x5f, 0x6f, 0x75, 0x74,
    0x70, 0x75, 0x74, 0x5f, 0x30, 0x0a, 0x27, 0x2f, 0x65, 0x6d, 0x62, 0x5f, 0x67, 0x72, 0x75, 0x2f,
    0x6c, 0x69, 0x6e, 0x65, 0x61, 0x72, 0x5f, 0x6f, 0x75, 0x74, 0x2f, 0x43, 0x6f, 0x6e, 0x73, 0x74,
    0x61, 0x6e, 0x74, 0x5f, 0x32, 0x5f, 0x6f, 0x75, 0x74, 0x70, 0x75, 0x74, 0x5f, 0x30, 0x12, 0x22,
    0x2f, 0x65, 0x6d, 0x62, 0x5f, 0x67, 0x72, 0x75, 0x2f, 0x6c, 0x69, 0x6e, 0x65, 0x61, 0x72, 0x5f,
    0x6f, 0x75, 0x74, 0x2f, 0x53, 0x6c, 0x69, 0x63, 0x65, 0x5f, 0x6f, 0x75, 0x74, 0x70, 0x75, 0x74,
    0x5f, 0x30, 0x1a, 0x19, 0x2f, 0x65, 0x6d, 0x62, 0x5f, 0x67, 0x72, 0x75, 0x2f, 0x6c, 0x69, 0x6e,
    0x65, 0x61, 0x72, 0x5f, 0x6f, 0x75, 0x74, 0x2f, 0x53, 0x6c, 0x69, 0x63, 0x65, 0x22, 0x05, 0x53,
    0x6c, 0x69, 0x63, 0x65, 0x0a, 0x6f, 0x12, 0x27, 0x2f, 0x65, 0x6d, 0x62, 0x5f, 0x67, 0x72, 0x75,
    0x2f, 0x6c, 0x69, 0x6e, 0x65, 0x61, 0x72, 0x5f, 0x6f, 0x75, 0x74, 0x2f, 0x43, 0x6f, 0x6e, 0x73,
    0x74, 0x61, 0x6e, 0x74, 0x5f, 0x35, 0x5f, 0x6f, 0x75, 0x74, 0x70, 0x75, 0x74, 0x5f, 0x30, 0x1a,
    0x1e, 0x2f, 0x65, 0x6d, 0x62, 0x5f, 0x67, 0x72, 0x75, 0x2f, 0x6c, 0x69, 0x6e, 0x65, 0x61, 0x72,
    0x5f, 0x6f, 0x75, 0x74, 0x2f, 0x43, 0x6f, 0x6e, 0x73, 0x74, 0x61, 0x6e, 0x74, 0x5f, 0x35, 0x22,
    0x08, 0x43, 0x6f, 0x6e, 0x73, 0x74, 0x61, 0x6e, 0x74, 0x2a, 0x1a, 0x0a, 0x05, 0x76, 0x61, 0x6c,
    0x75, 0x65, 0x2a, 0x0e, 0x08, 0x01, 0x10, 0x07, 0x4a, 0x08, 0xff, 0xff, 0xff, 0xff, 0xff, 0xff,
    0xff, 0xff, 0xa0, 0x01, 0x04, 0x0a, 0xa7, 0x01, 0x0a, 0x22, 0x2f, 0x65, 0x6d, 0x62, 0x5f, 0x67,
    0x72, 0x75, 0x2f, 0x6c, 0x69, 0x6e, 0x65, 0x61, 0x72, 0x5f, 0x6f, 0x75, 0x74, 0x2f, 0x53, 0x6c,
    0x69, 0x63, 0x65, 0x5f, 0x6f, 0x75, 0x74, 0x70, 0x75, 0x74, 0x5f, 0x30, 0x0a, 0x27, 0x2f, 0x65,
    0x6d, 0x62, 0x5f, 0x67, 0x72, 0x75, 0x2f, 0x6c, 0x69, 0x6e, 0x65, 0x61, 0x72, 0x5f, 0x6f, 0x75,
    0x74, 0x2f, 0x43, 0x6f, 0x6e, 0x73, 0x74, 0x61, 0x6e, 0x74, 0x5f, 0x35, 0x5f, 0x6f, 0x75, 0x74,
    0x70, 0x75, 0x74, 0x5f, 0x30, 0x12, 0x25, 0x2f, 0x65, 0x6d, 0x62, 0x5f, 0x67, 0x72, 0x75, 0x2f,
    0x6c, 0x69, 0x6e, 0x65, 0x61, 0x72, 0x5f, 0x6f, 0x75, 0x74, 0x2f, 0x43, 0x6f, 0x6e, 0x63, 0x61,
    0x74, 0x5f, 0x31, 0x5f, 0x6f, 0x75, 0x74, 0x70, 0x75, 0x74, 0x5f, 0x30, 0x1a, 0x1c, 0x2f, 0x65,
    0x6d, 0x62, 0x5f, 0x67, 0x72, 0x75, 0x2f, 0x6c, 0x69, 0x6e, 0x65, 0x61, 0x72, 0x5f, 0x6f, 0x75,
    0x74, 0x2f, 0x43, 0x6f, 0x6e, 0x63, 0x61, 0x74, 0x5f, 0x31, 0x22, 0x06, 0x43, 0x6f, 0x6e, 0x63,
    0x61, 0x74, 0x2a, 0x0b, 0x0a, 0x04, 0x61, 0x78, 0x69, 0x73, 0x18, 0x00, 0xa0, 0x01, 0x02, 0x0a,
    0x9c, 0x01, 0x0a, 0x23, 0x2f, 0x65, 0x6d, 0x62, 0x5f, 0x67, 0x72, 0x75, 0x2f, 0x6c, 0x69, 0x6e,
    0x65, 0x61, 0x72, 0x5f, 0x6f, 0x75, 0x74, 0x2f, 0x45, 0x69, 0x6e, 0x73, 0x75, 0x6d, 0x5f, 0x6f,
    0x75, 0x74, 0x70, 0x75, 0x74, 0x5f, 0x30, 0x0a, 0x25, 0x2f, 0x65, 0x6d, 0x62, 0x5f, 0x67, 0x72,
    0x75, 0x2f, 0x6c, 0x69, 0x6e, 0x65, 0x61, 0x72, 0x5f, 0x6f, 0x75, 0x74, 0x2f, 0x43, 0x6f, 0x6e,
    0x63, 0x61, 0x74, 0x5f, 0x31, 0x5f, 0x6f, 0x75, 0x74, 0x70, 0x75, 0x74, 0x5f, 0x30, 0x12, 0x26,
    0x2f, 0x65, 0x6d, 0x62, 0x5f, 0x67, 0x72, 0x75, 0x2f, 0x6c, 0x69, 0x6e, 0x65, 0x61, 0x72, 0x5f,
    0x6f, 0x75, 0x74, 0x2f, 0x52, 0x65, 0x73, 0x68, 0x61, 0x70, 0x65, 0x5f, 0x31, 0x5f, 0x6f, 0x75,
    0x74, 0x70, 0x75, 0x74, 0x5f, 0x30, 0x1a, 0x1d, 0x2f, 0x65, 0x6d, 0x62, 0x5f, 0x67, 0x72, 0x75,
    0x2f, 0x6c, 0x69, 0x6e, 0x65, 0x61, 0x72, 0x5f, 0x6f, 0x75, 0x74, 0x2f, 0x52, 0x65, 0x73, 0x68,
    0x61, 0x70, 0x65, 0x5f, 0x31, 0x22, 0x07, 0x52, 0x65, 0x73, 0x68, 0x61, 0x70, 0x65, 0x0a, 0x6b,
    0x0a, 0x26, 0x2f, 0x65, 0x6d, 0x62, 0x5f, 0x67, 0x72, 0x75, 0x2f, 0x6c, 0x69, 0x6e, 0x65, 0x61,
    0x72, 0x5f, 0x6f, 0x75, 0x74, 0x2f, 0x52, 0x65, 0x73, 0x68, 0x61, 0x70, 0x65, 0x5f, 0x31, 0x5f,
    0x6f, 0x75, 0x74, 0x70, 0x75, 0x74, 0x5f, 0x30, 0x12, 0x21, 0x2f, 0x65, 0x6d, 0x62, 0x5f, 0x67,
    0x72, 0x75, 0x2f, 0x6c, 0x69, 0x6e, 0x65, 0x61, 0x72, 0x5f, 0x6f, 0x75, 0x74, 0x2f, 0x52, 0x65,
    0x6c, 0x75, 0x5f, 0x6f, 0x75, 0x74, 0x70, 0x75, 0x74, 0x5f, 0x30, 0x1a, 0x18, 0x2f, 0x65, 0x6d,
    0x62, 0x5f, 0x67, 0x72, 0x75, 0x2f, 0x6c, 0x69, 0x6e, 0x65, 0x61, 0x72, 0x5f, 0x6f, 0x75, 0x74,
    0x2f, 0x52, 0x65, 0x6c, 0x75, 0x22, 0x04, 0x52, 0x65, 0x6c, 0x75, 0x0a, 0x4b, 0x0a, 0x10, 0x2f,
    0x47, 0x61, 0x74, 0x68, 0x65, 0x72, 0x5f, 0x6f, 0x75, 0x74, 0x70, 0x75, 0x74, 0x5f, 0x30, 0x12,
    0x13, 0x2f, 0x55, 0x6e, 0x73, 0x71, 0x75, 0x65, 0x65, 0x7a, 0x65, 0x5f, 0x6f, 0x75, 0x74, 0x70,
    0x75, 0x74, 0x5f, 0x30, 0x1a, 0x0a, 0x2f, 0x55, 0x6e, 0x73, 0x71, 0x75, 0x65, 0x65, 0x7a, 0x65,
    0x22, 0x09, 0x55, 0x6e, 0x73, 0x71, 0x75, 0x65, 0x65, 0x7a, 0x65, 0x2a, 0x0b, 0x0a, 0x04, 0x61,
    0x78, 0x65, 0x73, 0x40, 0x00, 0xa0, 0x01, 0x07, 0x0a, 0x51, 0x0a, 0x12, 0x2f, 0x47, 0x61, 0x74,
    0x68, 0x65, 0x72, 0x5f, 0x31, 0x5f, 0x6f, 0x75, 0x74, 0x70, 0x75, 0x74, 0x5f, 0x30, 0x12, 0x15,
    0x2f, 0x55, 0x6e, 0x73, 0x71, 0x75, 0x65, 0x65, 0x7a, 0x65, 0x5f, 0x31, 0x5f, 0x6f, 0x75, 0x74,
    0x70, 0x75, 0x74, 0x5f, 0x30, 0x1a, 0x0c, 0x2f, 0x55, 0x6e, 0x73, 0x71, 0x75, 0x65, 0x65, 0x7a,
    0x65, 0x5f, 0x31, 0x22, 0x09, 0x55, 0x6e, 0x73, 0x71, 0x75, 0x65, 0x65, 0x7a, 0x65, 0x2a, 0x0b,
    0x0a, 0x04, 0x61, 0x78, 0x65, 0x73, 0x40, 0x00, 0xa0, 0x01, 0x07, 0x0a, 0x51, 0x0a, 0x12, 0x2f,
    0x47, 0x61, 0x74, 0x68, 0x65, 0x72, 0x5f, 0x32, 0x5f, 0x6f, 0x75, 0x74, 0x70, 0x75, 0x74, 0x5f,
    0x30, 0x12, 0x15, 0x2f, 0x55, 0x6e, 0x73, 0x71, 0x75, 0x65, 0x65, 0x7a, 0x65, 0x5f, 0x32, 0x5f,
    0x6f, 0x75, 0x74, 0x70, 0x75, 0x74, 0x5f, 0x30, 0x1a, 0x0c, 0x2f, 0x55, 0x6e, 0x73, 0x71, 0x75,
    0x65, 0x65, 0x7a, 0x65, 0x5f, 0x32, 0x22, 0x09, 0x55, 0x6e, 0x73, 0x71, 0x75, 0x65, 0x65, 0x7a,
    0x65, 0x2a, 0x0b, 0x0a, 0x04, 0x61, 0x78, 0x65, 0x73, 0x40, 0x00, 0xa0, 0x01, 0x07, 0x0a, 0x45,
    0x12, 0x12, 0x2f, 0x43, 0x6f, 0x6e, 0x73, 0x74, 0x61, 0x6e, 0x74, 0x5f, 0x6f, 0x75, 0x74, 0x70,
    0x75, 0x74, 0x5f, 0x30, 0x1a, 0x09, 0x2f, 0x43, 0x6f, 0x6e, 0x73, 0x74, 0x61, 0x6e, 0x74, 0x22,
    0x08, 0x43, 0x6f, 0x6e, 0x73, 0x74, 0x61, 0x6e, 0x74, 0x2a, 0x1a, 0x0a, 0x05, 0x76, 0x61, 0x6c,
    0x75, 0x65, 0x2a, 0x0e, 0x08, 0x01, 0x10, 0x07, 0x4a, 0x08, 0xff, 0xff, 0xff, 0xff, 0xff, 0xff,
    0xff, 0xff, 0xa0, 0x01, 0x04, 0x0a, 0x87, 0x01, 0x0a, 0x13, 0x2f, 0x55, 0x6e, 0x73, 0x71, 0x75,
    0x65, 0x65, 0x7a, 0x65, 0x5f, 0x6f, 0x75, 0x74, 0x70, 0x75, 0x74, 0x5f, 0x30, 0x0a, 0x15, 0x2f,
    0x55, 0x6e, 0x73, 0x71, 0x75, 0x65, 0x65, 0x7a, 0x65, 0x5f, 0x31, 0x5f, 0x6f, 0x75, 0x74, 0x70,
    0x75, 0x74, 0x5f, 0x30, 0x0a, 0x15, 0x2f, 0x55, 0x6e, 0x73, 0x71, 0x75, 0x65, 0x65, 0x7a, 0x65,
    0x5f, 0x32, 0x5f, 0x6f, 0x75, 0x74, 0x70, 0x75, 0x74, 0x5f, 0x30, 0x0a, 0x12, 0x2f, 0x43, 0x6f,
    0x6e, 0x73, 0x74, 0x61, 0x6e, 0x74, 0x5f, 0x6f, 0x75, 0x74, 0x70, 0x75, 0x74, 0x5f, 0x30, 0x12,
    0x10, 0x2f, 0x43, 0x6f, 0x6e, 0x63, 0x61, 0x74, 0x5f, 0x6f, 0x75, 0x74, 0x70, 0x75, 0x74, 0x5f,
    0x30, 0x1a, 0x07, 0x2f, 0x43, 0x6f, 0x6e, 0x63, 0x61, 0x74, 0x22, 0x06, 0x43, 0x6f, 0x6e, 0x63,
    0x61, 0x74, 0x2a, 0x0b, 0x0a, 0x04, 0x61, 0x78, 0x69, 0x73, 0x18, 0x00, 0xa0, 0x01, 0x02, 0x0a,
    0x5b, 0x0a, 0x21, 0x2f, 0x65, 0x6d, 0x62, 0x5f, 0x67, 0x72, 0x75, 0x2f, 0x6c, 0x69, 0x6e, 0x65,
    0x61, 0x72, 0x5f, 0x6f, 0x75, 0x74, 0x2f, 0x52, 0x65, 0x6c, 0x75, 0x5f, 0x6f, 0x75, 0x74, 0x70,
    0x75, 0x74, 0x5f, 0x30, 0x0a, 0x10, 0x2f, 0x43, 0x6f, 0x6e, 0x63, 0x61, 0x74, 0x5f, 0x6f, 0x75,
    0x74, 0x70, 0x75, 0x74, 0x5f, 0x30, 0x12, 0x11, 0x2f, 0x52, 0x65, 0x73, 0x68, 0x61, 0x70, 0x65,
    0x5f, 0x6f, 0x75, 0x74, 0x70, 0x75, 0x74, 0x5f, 0x30, 0x1a, 0x08, 0x2f, 0x52, 0x65, 0x73, 0x68,
    0x61, 0x70, 0x65, 0x22, 0x07, 0x52, 0x65, 0x73, 0x68, 0x61, 0x70, 0x65, 0x0a, 0x52, 0x0a, 0x11,
    0x2f, 0x52, 0x65, 0x73, 0x68, 0x61, 0x70, 0x65, 0x5f, 0x6f, 0x75, 0x74, 0x70, 0x75, 0x74, 0x5f,
    0x30, 0x12, 0x13, 0x2f, 0x54, 0x72, 0x61, 0x6e, 0x73, 0x70, 0x6f, 0x73, 0x65, 0x5f, 0x6f, 0x75,
    0x74, 0x70, 0x75, 0x74, 0x5f, 0x30, 0x1a, 0x0a, 0x2f, 0x54, 0x72, 0x61, 0x6e, 0x73, 0x70, 0x6f,
    0x73, 0x65, 0x22, 0x09, 0x54, 0x72, 0x61, 0x6e, 0x73, 0x70, 0x6f, 0x73, 0x65, 0x2a, 0x11, 0x0a,
    0x04, 0x70, 0x65, 0x72, 0x6d, 0x40, 0x00, 0x40, 0x03, 0x40, 0x01, 0x40, 0x02, 0xa0, 0x01, 0x07,
    0x0a, 0xb1, 0x01, 0x0a, 0x02, 0x65, 0x33, 0x0a, 0x0e, 0x6f, 0x6e, 0x6e, 0x78, 0x3a, 0x3a, 0x43,
    0x6f, 0x6e, 0x76, 0x5f, 0x32, 0x38, 0x38, 0x0a, 0x0e, 0x6f, 0x6e, 0x6e, 0x78, 0x3a, 0x3a, 0x43,
    0x6f, 0x6e, 0x76, 0x5f, 0x32, 0x38, 0x39, 0x12, 0x17, 0x2f, 0x63, 0x6f, 0x6e, 0x76, 0x33, 0x70,
    0x2f, 0x30, 0x2f, 0x43, 0x6f, 0x6e, 0x76, 0x5f, 0x6f, 0x75, 0x74, 0x70, 0x75, 0x74, 0x5f, 0x30,
    0x1a, 0x0e, 0x2f, 0x63, 0x6f, 0x6e, 0x76, 0x33, 0x70, 0x2f, 0x30, 0x2f, 0x43, 0x6f, 0x6e, 0x76,
    0x22, 0x04, 0x43, 0x6f, 0x6e, 0x76, 0x2a, 0x12, 0x0a, 0x09, 0x64, 0x69, 0x6c, 0x61, 0x74, 0x69,
    0x6f, 0x6e, 0x73, 0x40, 0x01, 0x40, 0x01, 0xa0, 0x01, 0x07, 0x2a, 0x0c, 0x0a, 0x05, 0x67, 0x72,
    0x6f, 0x75, 0x70, 0x18, 0x40, 0xa0, 0x01, 0x02, 0x2a, 0x15, 0x0a, 0x0c, 0x6b, 0x65, 0x72, 0x6e,
    0x65, 0x6c, 0x5f, 0x73, 0x68, 0x61, 0x70, 0x65, 0x40, 0x01, 0x40, 0x01, 0xa0, 0x01, 0x07, 0x2a,
    0x11, 0x0a, 0x04, 0x70, 0x61, 0x64, 0x73, 0x40, 0x00, 0x40, 0x00, 0x40, 0x00, 0x40, 0x00, 0xa0,
    0x01, 0x07, 0x2a, 0x10, 0x0a, 0x07, 0x73, 0x74, 0x72, 0x69, 0x64, 0x65, 0x73, 0x40, 0x01, 0x40,
    0x01, 0xa0, 0x01, 0x07, 0x0a, 0x48, 0x0a, 0x17, 0x2f, 0x63, 0x6f, 0x6e, 0x76, 0x33, 0x70, 0x2f,
    0x30, 0x2f, 0x43, 0x6f, 0x6e, 0x76, 0x5f, 0x6f, 0x75, 0x74, 0x70, 0x75, 0x74, 0x5f, 0x30, 0x12,
    0x17, 0x2f, 0x63, 0x6f, 0x6e, 0x76, 0x33, 0x70, 0x2f, 0x32, 0x2f, 0x52, 0x65, 0x6c, 0x75, 0x5f,
    0x6f, 0x75, 0x74, 0x70, 0x75, 0x74, 0x5f, 0x30, 0x1a, 0x0e, 0x2f, 0x63, 0x6f, 0x6e, 0x76, 0x33,
    0x70, 0x2f, 0x32, 0x2f, 0x52, 0x65, 0x6c, 0x75, 0x22, 0x04, 0x52, 0x65, 0x6c, 0x75, 0x0a, 0x48,
    0x0a, 0x17, 0x2f, 0x63, 0x6f, 0x6e, 0x76, 0x33, 0x70, 0x2f, 0x32, 0x2f, 0x52, 0x65, 0x6c, 0x75,
    0x5f, 0x6f, 0x75, 0x74, 0x70, 0x75, 0x74, 0x5f, 0x30, 0x0a, 0x13, 0x2f, 0x54, 0x72, 0x61, 0x6e,
    0x73, 0x70, 0x6f, 0x73, 0x65, 0x5f, 0x6f, 0x75, 0x74, 0x70, 0x75, 0x74, 0x5f, 0x30, 0x12, 0x0d,
    0x2f, 0x41, 0x64, 0x64, 0x5f, 0x6f, 0x75, 0x74, 0x70, 0x75, 0x74, 0x5f, 0x30, 0x1a, 0x04, 0x2f,
    0x41, 0x64, 0x64, 0x22, 0x03, 0x41, 0x64, 0x64, 0x0a, 0xa9, 0x01, 0x0a, 0x0d, 0x2f, 0x41, 0x64,
    0x64, 0x5f, 0x6f, 0x75, 0x74, 0x70, 0x75, 0x74, 0x5f, 0x30, 0x0a, 0x0f, 0x63, 0x6f, 0x6e, 0x76,
    0x74, 0x33, 0x2e, 0x30, 0x2e, 0x77, 0x65, 0x69, 0x67, 0x68, 0x74, 0x12, 0x15, 0x2f, 0x63, 0x6f,
    0x6e, 0x76, 0x74, 0x33, 0x2f, 0x43, 0x6f, 0x6e, 0x76, 0x5f, 0x6f, 0x75, 0x74, 0x70, 0x75, 0x74,
    0x5f, 0x30, 0x1a, 0x0c, 0x2f, 0x63, 0x6f, 0x6e, 0x76, 0x74, 0x33, 0x2f, 0x43, 0x6f, 0x6e, 0x76,
    0x22, 0x04, 0x43, 0x6f, 0x6e, 0x76, 0x2a, 0x12, 0x0a, 0x09, 0x64, 0x69, 0x6c, 0x61, 0x74, 0x69,
    0x6f, 0x6e, 0x73, 0x40, 0x01, 0x40, 0x01, 0xa0, 0x01, 0x07, 0x2a, 0x0c, 0x0a, 0x05, 0x67, 0x72,
    0x6f, 0x75, 0x70, 0x18, 0x40, 0xa0, 0x01, 0x02, 0x2a, 0x15, 0x0a, 0x0c, 0x6b, 0x65, 0x72, 0x6e,
    0x65, 0x6c, 0x5f, 0x73, 0x68, 0x61, 0x70, 0x65, 0x40, 0x01, 0x40, 0x03, 0xa0, 0x01, 0x07, 0x2a,
    0x11, 0x0a, 0x04, 0x70, 0x61, 0x64, 0x73, 0x40, 0x00, 0x40, 0x01, 0x40, 0x00, 0x40, 0x01, 0xa0,
    0x01, 0x07, 0x2a, 0x10, 0x0a, 0x07, 0x73, 0x74, 0x72, 0x69, 0x64, 0x65, 0x73, 0x40, 0x01, 0x40,
    0x01, 0xa0, 0x01, 0x07, 0x0a, 0xc4, 0x01, 0x0a, 0x15, 0x2f, 0x63, 0x6f, 0x6e, 0x76, 0x74, 0x33,
    0x2f, 0x43, 0x6f, 0x6e, 0x76, 0x5f, 0x6f, 0x75, 0x74, 0x70, 0x75, 0x74, 0x5f, 0x30, 0x0a, 0x0e,
    0x6f, 0x6e, 0x6e, 0x78, 0x3a, 0x3a, 0x43, 0x6f, 0x6e, 0x76, 0x5f, 0x32, 0x39, 0x31, 0x0a, 0x0e,
    0x6f, 0x6e, 0x6e, 0x78, 0x3a, 0x3a, 0x43, 0x6f, 0x6e, 0x76, 0x5f, 0x32, 0x39, 0x32, 0x12, 0x17,
    0x2f, 0x63, 0x6f, 0x6e, 0x76, 0x74, 0x33, 0x2f, 0x43, 0x6f, 0x6e, 0x76, 0x5f, 0x31, 0x5f, 0x6f,
    0x75, 0x74, 0x70, 0x75, 0x74, 0x5f, 0x30, 0x1a, 0x0e, 0x2f, 0x63, 0x6f, 0x6e, 0x76, 0x74, 0x33,
    0x2f, 0x43, 0x6f, 0x6e, 0x76, 0x5f, 0x31, 0x22, 0x04, 0x43, 0x6f, 0x6e, 0x76, 0x2a, 0x12, 0x0a,
    0x09, 0x64, 0x69, 0x6c, 0x61, 0x74, 0x69, 0x6f, 0x6e, 0x73, 0x40, 0x01, 0x40, 0x01, 0xa0, 0x01,
    0x07, 0x2a, 0x0c, 0x0a, 0x05, 0x67, 0x72, 0x6f, 0x75, 0x70, 0x18, 0x01, 0xa0, 0x01, 0x02, 0x2a,
    0x15, 0x0a, 0x0c, 0x6b, 0x65, 0x72, 0x6e, 0x65, 0x6c, 0x5f, 0x73, 0x68, 0x61, 0x70, 0x65, 0x40,
    0x01, 0x40, 0x01, 0xa0, 0x01, 0x07, 0x2a, 0x11, 0x0a, 0x04, 0x70, 0x61, 0x64, 0x73, 0x40, 0x00,
    0x40, 0x00, 0x40, 0x00, 0x40, 0x00, 0xa0, 0x01, 0x07, 0x2a, 0x10, 0x0a, 0x07, 0x73, 0x74, 0x72,
    0x69, 0x64, 0x65, 0x73, 0x40, 0x01, 0x40, 0x01, 0xa0, 0x01, 0x07, 0x0a, 0x44, 0x0a, 0x17, 0x2f,
    0x63, 0x6f, 0x6e, 0x76, 0x74, 0x33, 0x2f, 0x43, 0x6f, 0x6e, 0x76, 0x5f, 0x31, 0x5f, 0x6f, 0x75,
    0x74, 0x70, 0x75, 0x74, 0x5f, 0x30, 0x12, 0x15, 0x2f, 0x63, 0x6f, 0x6e, 0x76, 0x74, 0x33, 0x2f,
    0x52, 0x65, 0x6c, 0x75, 0x5f, 0x6f, 0x75, 0x74, 0x70, 0x75, 0x74, 0x5f, 0x30, 0x1a, 0x0c, 0x2f,
    0x63, 0x6f, 0x6e, 0x76, 0x74, 0x33, 0x2f, 0x52, 0x65, 0x6c, 0x75, 0x22, 0x04, 0x52, 0x65, 0x6c,
    0x75, 0x0a, 0xad, 0x01, 0x0a, 0x02, 0x65, 0x32, 0x0a, 0x0e, 0x6f, 0x6e, 0x6e, 0x78, 0x3a, 0x3a,
    0x43, 0x6f, 0x6e, 0x76, 0x5f, 0x32, 0x39, 0x34, 0x0a, 0x0e, 0x6f, 0x6e, 0x6e, 0x78, 0x3a, 0x3a,
    0x43, 0x6f, 0x6e, 0x76, 0x5f, 0x32, 0x39, 0x35, 0x12, 0x15, 0x2f, 0x63, 0x6f, 0x6e, 0x76, 0x32,
    0x70, 0x2f, 0x43, 0x6f, 0x6e, 0x76, 0x5f, 0x6f, 0x75, 0x74, 0x70, 0x75, 0x74, 0x5f, 0x30, 0x1a,
    0x0c, 0x2f, 0x63, 0x6f, 0x6e, 0x76, 0x32, 0x70, 0x2f, 0x43, 0x6f, 0x6e, 0x76, 0x22, 0x04, 0x43,
    0x6f, 0x6e, 0x76, 0x2a, 0x12, 0x0a, 0x09, 0x64, 0x69, 0x6c, 0x61, 0x74, 0x69, 0x6f, 0x6e, 0x73,
    0x40, 0x01, 0x40, 0x01, 0xa0, 0x01, 0x07, 0x2a, 0x0c, 0x0a, 0x05, 0x67, 0x72, 0x6f, 0x75, 0x70,
    0x18, 0x40, 0xa0, 0x01, 0x02, 0x2a, 0x15, 0x0a, 0x0c, 0x6b, 0x65, 0x72, 0x6e, 0x65, 0x6c, 0x5f,
    0x73, 0x68, 0x61, 0x70, 0x65, 0x40, 0x01, 0x40, 0x01, 0xa0, 0x01, 0x07, 0x2a, 0x11, 0x0a, 0x04,
    0x70, 0x61, 0x64, 0x73, 0x40, 0x00, 0x40, 0x00, 0x40, 0x00, 0x40, 0x00, 0xa0, 0x01, 0x07, 0x2a,
    0x10, 0x0a, 0x07, 0x73, 0x74, 0x72, 0x69, 0x64, 0x65, 0x73, 0x40, 0x01, 0x40, 0x01, 0xa0, 0x01,
    0x07, 0x0a, 0x42, 0x0a, 0x15, 0x2f, 0x63, 0x6f, 0x6e, 0x76, 0x32, 0x70, 0x2f, 0x43, 0x6f, 0x6e,
    0x76, 0x5f, 0x6f, 0x75, 0x74, 0x70, 0x75, 0x74, 0x5f, 0x30, 0x12, 0x15, 0x2f, 0x63, 0x6f, 0x6e,
    0x76, 0x32, 0x70, 0x2f, 0x52, 0x65, 0x6c, 0x75, 0x5f, 0x6f, 0x75, 0x74, 0x70, 0x75, 0x74, 0x5f,
    0x30, 0x1a, 0x0c, 0x2f, 0x63, 0x6f, 0x6e, 0x76, 0x32, 0x70, 0x2f, 0x52, 0x65, 0x6c, 0x75, 0x22,
    0x04, 0x52, 0x65, 0x6c, 0x75, 0x0a, 0x4c, 0x0a, 0x15, 0x2f, 0x63, 0x6f, 0x6e, 0x76, 0x32, 0x70,
    0x2f, 0x52, 0x65, 0x6c, 0x75, 0x5f, 0x6f, 0x75, 0x74, 0x70, 0x75, 0x74, 0x5f, 0x30, 0x0a, 0x15,
    0x2f, 0x63, 0x6f, 0x6e, 0x76, 0x74, 0x33, 0x2f, 0x52, 0x65, 0x6c, 0x75, 0x5f, 0x6f, 0x75, 0x74,
    0x70, 0x75, 0x74, 0x5f, 0x30, 0x12, 0x0f, 0x2f, 0x41, 0x64, 0x64, 0x5f, 0x31, 0x5f, 0x6f, 0x75,
    0x74, 0x70, 0x75, 0x74, 0x5f, 0x30, 0x1a, 0x06, 0x2f, 0x41, 0x64, 0x64, 0x5f, 0x31, 0x22, 0x03,
    0x41, 0x64, 0x64, 0x0a, 0xe3, 0x01, 0x0a, 0x0f, 0x2f, 0x41, 0x64, 0x64, 0x5f, 0x31, 0x5f, 0x6f,
    0x75, 0x74, 0x70, 0x75, 0x74, 0x5f, 0x30, 0x0a, 0x0f, 0x63, 0x6f, 0x6e, 0x76, 0x74, 0x32, 0x2e,
    0x30, 0x2e, 0x77, 0x65, 0x69, 0x67, 0x68, 0x74, 0x12, 0x20, 0x2f, 0x63, 0x6f, 0x6e, 0x76, 0x74,
    0x32, 0x2f, 0x30, 0x2f, 0x43, 0x6f, 0x6e, 0x76, 0x54, 0x72, 0x61, 0x6e, 0x73, 0x70, 0x6f, 0x73,
    0x65, 0x5f, 0x6f, 0x75, 0x74, 0x70, 0x75, 0x74, 0x5f, 0x30, 0x1a, 0x17, 0x2f, 0x63, 0x6f, 0x6e,
    0x76, 0x74, 0x32, 0x2f, 0x30, 0x2f, 0x43, 0x6f, 0x6e, 0x76, 0x54, 0x72, 0x61, 0x6e, 0x73, 0x70,
    0x6f, 0x73, 0x65, 0x22, 0x0d, 0x43, 0x6f, 0x6e, 0x76, 0x54, 0x72, 0x61, 0x6e, 0x73, 0x70, 0x6f,
    0x73, 0x65, 0x2a, 0x12, 0x0a, 0x09, 0x64, 0x69, 0x6c, 0x61, 0x74, 0x69, 0x6f, 0x6e, 0x73, 0x40,
    0x01, 0x40, 0x01, 0xa0, 0x01, 0x07, 0x2a, 0x0c, 0x0a, 0x05, 0x67, 0x72, 0x6f, 0x75, 0x70, 0x18,
    0x40, 0xa0, 0x01, 0x02, 0x2a, 0x15, 0x0a, 0x0c, 0x6b, 0x65, 0x72, 0x6e, 0x65, 0x6c, 0x5f, 0x73,
    0x68, 0x61, 0x70, 0x65, 0x40, 0x01, 0x40, 0x03, 0xa0, 0x01, 0x07, 0x2a, 0x17, 0x0a, 0x0e, 0x6f,
    0x75, 0x74, 0x70, 0x75, 0x74, 0x5f, 0x70, 0x61, 0x64, 0x64, 0x69, 0x6e, 0x67, 0x40, 0x00, 0x40,
    0x01, 0xa0, 0x01, 0x07, 0x2a, 0x11, 0x0a, 0x04, 0x70, 0x61, 0x64, 0x73, 0x40, 0x00, 0x40, 0x01,
    0x40, 0x00, 0x40, 0x01, 0xa0, 0x01, 0x07, 0x2a, 0x10, 0x0a, 0x07, 0x73, 0x74, 0x72, 0x69, 0x64,
    0x65, 0x73, 0x40, 0x01, 0x40, 0x02, 0xa0, 0x01, 0x07, 0x0a, 0xcf, 0x01, 0x0a, 0x20, 0x2f, 0x63,
    0x6f, 0x6e, 0x76, 0x74, 0x32, 0x2f, 0x30, 0x2f, 0x43, 0x6f, 0x6e, 0x76, 0x54, 0x72, 0x61, 0x6e,
    0x73, 0x70, 0x6f, 0x73, 0x65, 0x5f, 0x6f, 0x75, 0x74, 0x70, 0x75, 0x74, 0x5f, 0x30, 0x0a, 0x0e,
    0x6f, 0x6e, 0x6e, 0x78, 0x3a, 0x3a, 0x43, 0x6f, 0x6e, 0x76, 0x5f, 0x32, 0x39, 0x37, 0x0a, 0x0e,
    0x6f, 0x6e, 0x6e, 0x78, 0x3a, 0x3a, 0x43, 0x6f, 0x6e, 0x76, 0x5f, 0x32, 0x39, 0x38, 0x12, 0x17,
    0x2f, 0x63, 0x6f, 0x6e, 0x76, 0x74, 0x32, 0x2f, 0x31, 0x2f, 0x43, 0x6f, 0x6e, 0x76, 0x5f, 0x6f,
    0x75, 0x74, 0x70, 0x75, 0x74, 0x5f, 0x30, 0x1a, 0x0e, 0x2f, 0x63, 0x6f, 0x6e, 0x76, 0x74, 0x32,
    0x2f, 0x31, 0x2f, 0x43, 0x6f, 0x6e, 0x76, 0x22, 0x04, 0x43, 0x6f, 0x6e, 0x76, 0x2a, 0x12, 0x0a,
    0x09, 0x64, 0x69, 0x6c, 0x61, 0x74, 0x69, 0x6f, 0x6e, 0x73, 0x40, 0x01, 0x40, 0x01, 0xa0, 0x01,
    0x07, 0x2a, 0x0c, 0x0a, 0x05, 0x67, 0x72, 0x6f, 0x75, 0x70, 0x18, 0x01, 0xa0, 0x01, 0x02, 0x2a,
    0x15, 0x0a, 0x0c, 0x6b, 0x65, 0x72, 0x6e, 0x65, 0x6c, 0x5f, 0x73, 0x68, 0x61, 0x70, 0x65, 0x40,
    0x01, 0x40, 0x01, 0xa0, 0x01, 0x07, 0x2a, 0x11, 0x0a, 0x04, 0x70, 0x61, 0x64, 0x73, 0x40, 0x00,
    0x40, 0x00, 0x40, 0x00, 0x40, 0x00, 0xa0, 0x01, 0x07, 0x2a, 0x10, 0x0a, 0x07, 0x73, 0x74, 0x72,
    0x69, 0x64, 0x65, 0x73, 0x40, 0x01, 0x40, 0x01, 0xa0, 0x01, 0x07, 0x0a, 0x48, 0x0a, 0x17, 0x2f,
    0x63, 0x6f, 0x6e, 0x76, 0x74, 0x32, 0x2f, 0x31, 0x2f, 0x43, 0x6f, 0x6e, 0x76, 0x5f, 0x6f, 0x75,
    0x74, 0x70, 0x75, 0x74, 0x5f, 0x30, 0x12, 0x17, 0x2f, 0x63, 0x6f, 0x6e, 0x76, 0x74, 0x32, 0x2f,
    0x33, 0x2f, 0x52, 0x65, 0x6c, 0x75, 0x5f, 0x6f, 0x75, 0x74, 0x70, 0x75, 0x74, 0x5f, 0x30, 0x1a,
    0x0e, 0x2f, 0x63, 0x6f, 0x6e, 0x76, 0x74, 0x32, 0x2f, 0x33, 0x2f, 0x52, 0x65, 0x6c, 0x75, 0x22,
    0x04, 0x52, 0x65, 0x6c, 0x75, 0x0a, 0xad, 0x01, 0x0a, 0x02, 0x65, 0x31, 0x0a, 0x0e, 0x6f, 0x6e,
    0x6e, 0x78, 0x3a, 0x3a, 0x43, 0x6f, 0x6e, 0x76, 0x5f, 0x33, 0x30, 0x30, 0x0a, 0x0e, 0x6f, 0x6e,
    0x6e, 0x78, 0x3a, 0x3a, 0x43, 0x6f, 0x6e, 0x76, 0x5f, 0x33, 0x30, 0x31, 0x12, 0x15, 0x2f, 0x63,
    0x6f, 0x6e, 0x76, 0x31, 0x70, 0x2f, 0x43, 0x6f, 0x6e, 0x76, 0x5f, 0x6f, 0x75, 0x74, 0x70, 0x75,
    0x74, 0x5f, 0x30, 0x1a, 0x0c, 0x2f, 0x63, 0x6f, 0x6e, 0x76, 0x31, 0x70, 0x2f, 0x43, 0x6f, 0x6e,
    0x76, 0x22, 0x04, 0x43, 0x6f, 0x6e, 0x76, 0x2a, 0x12, 0x0a, 0x09, 0x64, 0x69, 0x6c, 0x61, 0x74,
    0x69, 0x6f, 0x6e, 0x73, 0x40, 0x01, 0x40, 0x01, 0xa0, 0x01, 0x07, 0x2a, 0x0c, 0x0a, 0x05, 0x67,
    0x72, 0x6f, 0x75, 0x70, 0x18, 0x40, 0xa0, 0x01, 0x02, 0x2a, 0x15, 0x0a, 0x0c, 0x6b, 0x65, 0x72,
    0x6e, 0x65, 0x6c, 0x5f, 0x73, 0x68, 0x61, 0x70, 0x65, 0x40, 0x01, 0x40, 0x01, 0xa0, 0x01, 0x07,
    0x2a, 0x11, 0x0a, 0x04, 0x70, 0x61, 0x64, 0x73, 0x40, 0x00, 0x40, 0x00, 0x40, 0x00, 0x40, 0x00,
    0xa0, 0x01, 0x07, 0x2a, 0x10, 0x0a, 0x07, 0x73, 0x74, 0x72, 0x69, 0x64, 0x65, 0x73, 0x40, 0x01,
    0x40, 0x01, 0xa0, 0x01, 0x07, 0x0a, 0x42, 0x0a, 0x15, 0x2f, 0x63, 0x6f, 0x6e, 0x76, 0x31, 0x70,
    0x2f, 0x43, 0x6f, 0x6e, 0x76, 0x5f, 0x6f, 0x75, 0x74, 0x70, 0x75, 0x74, 0x5f, 0x30, 0x12, 0x15,
    0x2f, 0x63, 0x6f, 0x6e, 0x76, 0x31, 0x70, 0x2f, 0x52, 0x65, 0x6c, 0x75, 0x5f, 0x6f, 0x75, 0x74,
    0x70, 0x75, 0x74, 0x5f, 0x30, 0x1a, 0x0c, 0x2f, 0x63, 0x6f, 0x6e, 0x76, 0x31, 0x70, 0x2f, 0x52,
    0x65, 0x6c, 0x75, 0x22, 0x04, 0x52, 0x65, 0x6c, 0x75, 0x0a, 0x4e, 0x0a, 0x15, 0x2f, 0x63, 0x6f,
    0x6e, 0x76, 0x31, 0x70, 0x2f, 0x52, 0x65, 0x6c, 0x75, 0x5f, 0x6f, 0x75, 0x74, 0x70, 0x75, 0x74,
    0x5f, 0x30, 0x0a, 0x17, 0x2f, 0x63, 0x6f, 0x6e, 0x76, 0x74, 0x32, 0x2f, 0x33, 0x2f, 0x52, 0x65,
    0x6c, 0x75, 0x5f, 0x6f, 0x75, 0x74, 0x70, 0x75, 0x74, 0x5f, 0x30, 0x12, 0x0f, 0x2f, 0x41, 0x64,
    0x64, 0x5f, 0x32, 0x5f, 0x6f, 0x75, 0x74, 0x70, 0x75, 0x74, 0x5f, 0x30, 0x1a, 0x06, 0x2f, 0x41,
    0x64, 0x64, 0x5f, 0x32, 0x22, 0x03, 0x41, 0x64, 0x64, 0x0a, 0xdf, 0x01, 0x0a, 0x0f, 0x2f, 0x41,
    0x64, 0x64, 0x5f, 0x32, 0x5f, 0x6f, 0x75, 0x74, 0x70, 0x75, 0x74, 0x5f, 0x30, 0x0a, 0x0f, 0x63,
    0x6f, 0x6e, 0x76, 0x74, 0x31, 0x2e, 0x30, 0x2e, 0x77, 0x65, 0x69, 0x67, 0x68, 0x74, 0x12, 0x1e,
    0x2f, 0x63, 0x6f, 0x6e, 0x76, 0x74, 0x31, 0x2f, 0x43, 0x6f, 0x6e, 0x76, 0x54, 0x72, 0x61, 0x6e,
    0x73, 0x70, 0x6f, 0x73, 0x65, 0x5f, 0x6f, 0x75, 0x74, 0x70, 0x75, 0x74, 0x5f, 0x30, 0x1a, 0x15,
    0x2f, 0x63, 0x6f, 0x6e, 0x76, 0x74, 0x31, 0x2f, 0x43, 0x6f, 0x6e, 0x76, 0x54, 0x72, 0x61, 0x6e,
    0x73, 0x70, 0x6f, 0x73, 0x65, 0x22, 0x0d, 0x43, 0x6f, 0x6e, 0x76, 0x54, 0x72, 0x61, 0x6e, 0x73,
    0x70, 0x6f, 0x73, 0x65, 0x2a, 0x12, 0x0a, 0x09, 0x64, 0x69, 0x6c, 0x61, 0x74, 0x69, 0x6f, 0x6e,
    0x73, 0x40, 0x01, 0x40, 0x01, 0xa0, 0x01, 0x07, 0x2a, 0x0c, 0x0a, 0x05, 0x67, 0x72, 0x6f, 0x75,
    0x70, 0x18, 0x40, 0xa0, 0x01, 0x02, 0x2a, 0x15, 0x0a, 0x0c, 0x6b, 0x65, 0x72, 0x6e, 0x65, 0x6c,
    0x5f, 0x73, 0x68, 0x61, 0x70, 0x65, 0x40, 0x01, 0x40, 0x03, 0xa0, 0x01, 0x07, 0x2a, 0x17, 0x0a,
    0x0e, 0x6f, 0x75, 0x74, 0x70, 0x75, 0x74, 0x5f, 0x70, 0x61, 0x64, 0x64, 0x69, 0x6e, 0x67, 0x40,
    0x00, 0x40, 0x01, 0xa0, 0x01, 0x07, 0x2a, 0x11, 0x0a, 0x04, 0x70, 0x61, 0x64, 0x73, 0x40, 0x00,
    0x40, 0x01, 0x40, 0x00, 0x40, 0x01, 0xa0, 0x01, 0x07, 0x2a, 0x10, 0x0a, 0x07, 0x73, 0x74, 0x72,
    0x69, 0x64, 0x65, 0x73, 0x40, 0x01, 0x40, 0x02, 0xa0, 0x01, 0x07, 0x0a, 0xc9, 0x01, 0x0a, 0x1e,
    0x2f, 0x63, 0x6f, 0x6e, 0x76, 0x74, 0x31, 0x2f, 0x43, 0x6f, 0x6e, 0x76, 0x54, 0x72, 0x61, 0x6e,
    0x73, 0x70, 0x6f, 0x73, 0x65, 0x5f, 0x6f, 0x75, 0x74, 0x70, 0x75, 0x74, 0x5f, 0x30, 0x0a, 0x0e,
    0x6f, 0x6e, 0x6e, 0x78, 0x3a, 0x3a, 0x43, 0x6f, 0x6e, 0x76, 0x5f, 0x33, 0x30, 0x33, 0x0a, 0x0e,
    0x6f, 0x6e, 0x6e, 0x78, 0x3a, 0x3a, 0x43, 0x6f, 0x6e, 0x76, 0x5f, 0x33, 0x30, 0x34, 0x12, 0x15,
    0x2f, 0x63, 0x6f, 0x6e, 0x76, 0x74, 0x31, 0x2f, 0x43, 0x6f, 0x6e, 0x76, 0x5f, 0x6f, 0x75, 0x74,
    0x70, 0x75, 0x74, 0x5f, 0x30, 0x1a, 0x0c, 0x2f, 0x63, 0x6f, 0x6e, 0x76, 0x74, 0x31, 0x2f, 0x43,
    0x6f, 0x6e, 0x76, 0x22, 0x04, 0x43, 0x6f, 0x6e, 0x76, 0x2a, 0x12, 0x0a, 0x09, 0x64, 0x69, 0x6c,
    0x61, 0x74, 0x69, 0x6f, 0x6e, 0x73, 0x40, 0x01, 0x40, 0x01, 0xa0, 0x01, 0x07, 0x2a, 0x0c, 0x0a,
    0x05, 0x67, 0x72, 0x6f, 0x75, 0x70, 0x18, 0x01, 0xa0, 0x01, 0x02, 0x2a, 0x15, 0x0a, 0x0c, 0x6b,
    0x65, 0x72, 0x6e, 0x65, 0x6c, 0x5f, 0x73, 0x68, 0x61, 0x70, 0x65, 0x40, 0x01, 0x40, 0x01, 0xa0,
    0x01, 0x07, 0x2a, 0x11, 0x0a, 0x04, 0x70, 0x61, 0x64, 0x73, 0x40, 0x00, 0x40, 0x00, 0x40, 0x00,
    0x40, 0x00, 0xa0, 0x01, 0x07, 0x2a, 0x10, 0x0a, 0x07, 0x73, 0x74, 0x72, 0x69, 0x64, 0x65, 0x73,
    0x40, 0x01, 0x40, 0x01, 0xa0, 0x01, 0x07, 0x0a, 0x42, 0x0a, 0x15, 0x2f, 0x63, 0x6f, 0x6e, 0x76,
    0x74, 0x31, 0x2f, 0x43, 0x6f, 0x6e, 0x76, 0x5f, 0x6f, 0x75, 0x74, 0x70, 0x75, 0x74, 0x5f, 0x30,
    0x12, 0x15, 0x2f, 0x63, 0x6f, 0x6e, 0x76, 0x74, 0x31, 0x2f, 0x52, 0x65, 0x6c, 0x75, 0x5f, 0x6f,
    0x75, 0x74, 0x70, 0x75, 0x74, 0x5f, 0x30, 0x1a, 0x0c, 0x2f, 0x63, 0x6f, 0x6e, 0x76, 0x74, 0x31,
    0x2f, 0x52, 0x65, 0x6c, 0x75, 0x22, 0x04, 0x52, 0x65, 0x6c, 0x75, 0x0a, 0xad, 0x01, 0x0a, 0x02,
    0x65, 0x30, 0x0a, 0x0e, 0x6f, 0x6e, 0x6e, 0x78, 0x3a, 0x3a, 0x43, 0x6f, 0x6e, 0x76, 0x5f, 0x33,
    0x30, 0x36, 0x0a, 0x0e, 0x6f, 0x6e, 0x6e, 0x78, 0x3a, 0x3a, 0x43, 0x6f, 0x6e, 0x76, 0x5f, 0x33,
    0x30, 0x37, 0x12, 0x15, 0x2f, 0x63, 0x6f, 0x6e, 0x76, 0x30, 0x70, 0x2f, 0x43, 0x6f, 0x6e, 0x76,
    0x5f, 0x6f, 0x75, 0x74, 0x70, 0x75, 0x74, 0x5f, 0x30, 0x1a, 0x0c, 0x2f, 0x63, 0x6f, 0x6e, 0x76,
    0x30, 0x70, 0x2f, 0x43, 0x6f, 0x6e, 0x76, 0x22, 0x04, 0x43, 0x6f, 0x6e, 0x76, 0x2a, 0x12, 0x0a,
    0x09, 0x64, 0x69, 0x6c, 0x61, 0x74, 0x69, 0x6f, 0x6e, 0x73, 0x40, 0x01, 0x40, 0x01, 0xa0, 0x01,
    0x07, 0x2a, 0x0c, 0x0a, 0x05, 0x67, 0x72, 0x6f, 0x75, 0x70, 0x18, 0x40, 0xa0, 0x01, 0x02, 0x2a,
    0x15, 0x0a, 0x0c, 0x6b, 0x65, 0x72, 0x6e, 0x65, 0x6c, 0x5f, 0x73, 0x68, 0x61, 0x70, 0x65, 0x40,
    0x01, 0x40, 0x01, 0xa0, 0x01, 0x07, 0x2a, 0x11, 0x0a, 0x04, 0x70, 0x61, 0x64, 0x73, 0x40, 0x00,
    0x40, 0x00, 0x40, 0x00, 0x40, 0x00, 0xa0, 0x01, 0x07, 0x2a, 0x10, 0x0a, 0x07, 0x73, 0x74, 0x72,
    0x69, 0x64, 0x65, 0x73, 0x40, 0x01, 0x40, 0x01, 0xa0, 0x01, 0x07, 0x0a, 0x42, 0x0a, 0x15, 0x2f,
    0x63, 0x6f, 0x6e, 0x76, 0x30, 0x70, 0x2f, 0x43, 0x6f, 0x6e, 0x76, 0x5f, 0x6f, 0x75, 0x74, 0x70,
    0x75, 0x74, 0x5f, 0x30, 0x12, 0x15, 0x2f, 0x63, 0x6f, 0x6e, 0x76, 0x30, 0x70, 0x2f, 0x52, 0x65,
    0x6c, 0x75, 0x5f, 0x6f, 0x75, 0x74, 0x70, 0x75, 0x74, 0x5f, 0x30, 0x1a, 0x0c, 0x2f, 0x63, 0x6f,
    0x6e, 0x76, 0x30, 0x70, 0x2f, 0x52, 0x65, 0x6c, 0x75, 0x22, 0x04, 0x52, 0x65, 0x6c, 0x75, 0x0a,
    0x4c, 0x0a, 0x15, 0x2f, 0x63, 0x6f, 0x6e, 0x76, 0x30, 0x70, 0x2f, 0x52, 0x65, 0x6c, 0x75, 0x5f,
    0x6f, 0x75, 0x74, 0x70, 0x75, 0x74, 0x5f, 0x30, 0x0a, 0x15, 0x2f, 0x63, 0x6f, 0x6e, 0x76, 0x74,
    0x31, 0x2f, 0x52, 0x65, 0x6c, 0x75, 0x5f, 0x6f, 0x75, 0x74, 0x70, 0x75, 0x74, 0x5f, 0x30, 0x12,
    0x0f, 0x2f, 0x41, 0x64, 0x64, 0x5f, 0x33, 0x5f, 0x6f, 0x75, 0x74, 0x70, 0x75, 0x74, 0x5f, 0x30,
    0x1a, 0x06, 0x2f, 0x41, 0x64, 0x64, 0x5f, 0x33, 0x22, 0x03, 0x41, 0x64, 0x64, 0x0a, 0xc4, 0x01,
    0x0a, 0x0f, 0x2f, 0x41, 0x64, 0x64, 0x5f, 0x33, 0x5f, 0x6f, 0x75, 0x74, 0x70, 0x75, 0x74, 0x5f,
    0x30, 0x0a, 0x0e, 0x6f, 0x6e, 0x6e, 0x78, 0x3a, 0x3a, 0x43, 0x6f, 0x6e, 0x76, 0x5f, 0x33, 0x30,
    0x39, 0x0a, 0x0e, 0x6f, 0x6e, 0x6e, 0x78, 0x3a, 0x3a, 0x43, 0x6f, 0x6e, 0x76, 0x5f, 0x33, 0x31,
    0x30, 0x12, 0x1a, 0x2f, 0x63, 0x6f, 0x6e, 0x76, 0x30, 0x5f, 0x6f, 0x75, 0x74, 0x2f, 0x30, 0x2f,
    0x43, 0x6f, 0x6e, 0x76, 0x5f, 0x6f, 0x75, 0x74, 0x70, 0x75, 0x74, 0x5f, 0x30, 0x1a, 0x11, 0x2f,
    0x63, 0x6f, 0x6e, 0x76, 0x30, 0x5f, 0x6f, 0x75, 0x74, 0x2f, 0x30, 0x2f, 0x43, 0x6f, 0x6e, 0x76,
    0x22, 0x04, 0x43, 0x6f, 0x6e, 0x76, 0x2a, 0x12, 0x0a, 0x09, 0x64, 0x69, 0x6c, 0x61, 0x74, 0x69,
    0x6f, 0x6e, 0x73, 0x40, 0x01, 0x40, 0x01, 0xa0, 0x01, 0x07, 0x2a, 0x0c, 0x0a, 0x05, 0x67, 0x72,
    0x6f, 0x75, 0x70, 0x18, 0x01, 0xa0, 0x01, 0x02, 0x2a, 0x15, 0x0a, 0x0c, 0x6b, 0x65, 0x72, 0x6e,
    0x65, 0x6c, 0x5f, 0x73, 0x68, 0x61, 0x70, 0x65, 0x40, 0x01, 0x40, 0x03, 0xa0, 0x01, 0x07, 0x2a,
    0x11, 0x0a, 0x04, 0x70, 0x61, 0x64, 0x73, 0x40, 0x00, 0x40, 0x01, 0x40, 0x00, 0x40, 0x01, 0xa0,
    0x01, 0x07, 0x2a, 0x10, 0x0a, 0x07, 0x73, 0x74, 0x72, 0x69, 0x64, 0x65, 0x73, 0x40, 0x01, 0x40,
    0x01, 0xa0, 0x01, 0x07, 0x0a, 0x3e, 0x0a, 0x1a, 0x2f, 0x63, 0x6f, 0x6e, 0x76, 0x30, 0x5f, 0x6f,
    0x75, 0x74, 0x2f, 0x30, 0x2f, 0x43, 0x6f, 0x6e, 0x76, 0x5f, 0x6f, 0x75, 0x74, 0x70, 0x75, 0x74,
    0x5f, 0x30, 0x12, 0x01, 0x6d, 0x1a, 0x14, 0x2f, 0x63, 0x6f, 0x6e, 0x76, 0x30, 0x5f, 0x6f, 0x75,
    0x74, 0x2f, 0x32, 0x2f, 0x53, 0x69, 0x67, 0x6d, 0x6f, 0x69, 0x64, 0x22, 0x07, 0x53, 0x69, 0x67,
    0x6d, 0x6f, 0x69, 0x64, 0x0a, 0x29, 0x0a, 0x15, 0x2f, 0x65, 0x6d, 0x62, 0x5f, 0x67, 0x72, 0x75,
    0x2f, 0x47, 0x52, 0x55, 0x5f, 0x6f, 0x75, 0x74, 0x70, 0x75, 0x74, 0x5f, 0x31, 0x12, 0x06, 0x68,
    0x30, 0x5f, 0x6f, 0x75, 0x74, 0x22, 0x08, 0x49, 0x64, 0x65, 0x6e, 0x74, 0x69, 0x74, 0x79, 0x0a,
    0x2b, 0x0a, 0x17, 0x2f, 0x65, 0x6d, 0x62, 0x5f, 0x67, 0x72, 0x75, 0x2f, 0x47, 0x52, 0x55, 0x5f,
    0x31, 0x5f, 0x6f, 0x75, 0x74, 0x70, 0x75, 0x74, 0x5f, 0x31, 0x12, 0x06, 0x68, 0x31, 0x5f, 0x6f,
    0x75, 0x74, 0x22, 0x08, 0x49, 0x64, 0x65, 0x6e, 0x74, 0x69, 0x74, 0x79, 0x12, 0x09, 0x74, 0x6f,
    0x72, 0x63, 0x68, 0x5f, 0x6a, 0x69, 0x74, 0x2a, 0x64, 0x08, 0x10, 0x08, 0x20, 0x08, 0x10, 0x10,
    0x01, 0x42, 0x1a, 0x65, 0x6d, 0x62, 0x5f, 0x67, 0x72, 0x75, 0x2e, 0x6c, 0x69, 0x6e, 0x65, 0x61,
    0x72, 0x5f, 0x69, 0x6e, 0x2e, 0x30, 0x2e, 0x77, 0x65, 0x69, 0x67, 0x68, 0x74, 0x6a, 0x18, 0x0a,
    0x08, 0x6c, 0x6f, 0x63, 0x61, 0x74, 0x69, 0x6f, 0x6e, 0x12, 0x0c, 0x65, 0x72, 0x62, 0x5f, 0x64,
    0x65, 0x63, 0x2e, 0x6f, 0x6e, 0x6e, 0x78, 0x6a, 0x11, 0x0a, 0x06, 0x6f, 0x66, 0x66, 0x73, 0x65,
    0x74, 0x12, 0x07, 0x33, 0x31, 0x37, 0x30, 0x39, 0x39, 0x30, 0x6a, 0x0f, 0x0a, 0x06, 0x6c, 0x65,
    0x6e, 0x67, 0x74, 0x68, 0x12, 0x05, 0x33, 0x32, 0x37, 0x36, 0x38, 0x70, 0x01, 0x2a, 0x65, 0x08,
    0x10, 0x08, 0x10, 0x08, 0x20, 0x10, 0x01, 0x42, 0x1b, 0x65, 0x6d, 0x62, 0x5f, 0x67, 0x72, 0x75,
    0x2e, 0x6c, 0x69, 0x6e, 0x65, 0x61, 0x72, 0x5f, 0x6f, 0x75, 0x74, 0x2e, 0x30, 0x2e, 0x77, 0x65,
    0x69, 0x67, 0x68, 0x74, 0x6a, 0x18, 0x0a, 0x08, 0x6c, 0x6f, 0x63, 0x61, 0x74, 0x69, 0x6f, 0x6e,
    0x12, 0x0c, 0x65, 0x72, 0x62, 0x5f, 0x64, 0x65, 0x63, 0x2e, 0x6f, 0x6e, 0x6e, 0x78, 0x6a, 0x11,
    0x0a, 0x06, 0x6f, 0x66, 0x66, 0x73, 0x65, 0x74, 0x12, 0x07, 0x33, 0x32, 0x30, 0x33, 0x38, 0x30,
    0x33, 0x6a, 0x0f, 0x0a, 0x06, 0x6c, 0x65, 0x6e, 0x67, 0x74, 0x68, 0x12, 0x05, 0x33, 0x32, 0x37,
    0x36, 0x38, 0x70, 0x01, 0x2a, 0x59, 0x08, 0x40, 0x08, 0x01, 0x08, 0x01, 0x08, 0x03, 0x10, 0x01,
    0x42, 0x0f, 0x63, 0x6f, 0x6e, 0x76, 0x74, 0x33, 0x2e, 0x30, 0x2e, 0x77, 0x65, 0x69, 0x67, 0x68,
    0x74, 0x6a, 0x18, 0x0a, 0x08, 0x6c, 0x6f, 0x63, 0x61, 0x74, 0x69, 0x6f, 0x6e, 0x12, 0x0c, 0x65,
    0x72, 0x62, 0x5f, 0x64, 0x65, 0x63, 0x2e, 0x6f, 0x6e, 0x6e, 0x78, 0x6a, 0x11, 0x0a, 0x06, 0x6f,
    0x66, 0x66, 0x73, 0x65, 0x74, 0x12, 0x07, 0x33, 0x32, 0x33, 0x36, 0x36, 0x30, 0x34, 0x6a, 0x0d,
    0x0a, 0x06, 0x6c, 0x65, 0x6e, 0x67, 0x74, 0x68, 0x12, 0x03, 0x37, 0x36, 0x38, 0x70, 0x01, 0x2a,
    0x59, 0x08, 0x40, 0x08, 0x01, 0x08, 0x01, 0x08, 0x03, 0x10, 0x01, 0x42, 0x0f, 0x63, 0x6f, 0x6e,
    0x76, 0x74, 0x32, 0x2e, 0x30, 0x2e, 0x77, 0x65, 0x69, 0x67, 0x68, 0x74, 0x6a, 0x18, 0x0a, 0x08,
    0x6c, 0x6f, 0x63, 0x61, 0x74, 0x69, 0x6f, 0x6e, 0x12, 0x0c, 0x65, 0x72, 0x62, 0x5f, 0x64, 0x65,
    0x63, 0x2e, 0x6f, 0x6e, 0x6e, 0x78, 0x6a, 0x11, 0x0a, 0x06, 0x6f, 0x66, 0x66, 0x73, 0x65, 0x74,
    0x12, 0x07, 0x33, 0x32, 0x33, 0x37, 0x34, 0x30, 0x35, 0x6a, 0x0d, 0x0a, 0x06, 0x6c, 0x65, 0x6e,
    0x67, 0x74, 0x68, 0x12, 0x03, 0x37, 0x36, 0x38, 0x70, 0x01, 0x2a, 0x59, 0x08, 0x40, 0x08, 0x01,
    0x08, 0x01, 0x08, 0x03, 0x10, 0x01, 0x42, 0x0f, 0x63, 0x6f, 0x6e, 0x76, 0x74, 0x31, 0x2e, 0x30,
    0x2e, 0x77, 0x65, 0x69, 0x67, 0x68, 0x74, 0x6a, 0x18, 0x0a, 0x08, 0x6c, 0x6f, 0x63, 0x61, 0x74,
    0x69, 0x6f, 0x6e, 0x12, 0x0c, 0x65, 0x72, 0x62, 0x5f, 0x64, 0x65, 0x63, 0x2e, 0x6f, 0x6e, 0x6e,
    0x78, 0x6a, 0x11, 0x0a, 0x06, 0x6f, 0x66, 0x66, 0x73, 0x65, 0x74, 0x12, 0x07, 0x33, 0x32, 0x33,
    0x38, 0x32, 0x30, 0x36, 0x6a, 0x0d, 0x0a, 0x06, 0x6c, 0x65, 0x6e, 0x67, 0x74, 0x68, 0x12, 0x03,
    0x37, 0x36, 0x38, 0x70, 0x01, 0x2a, 0x58, 0x08, 0x40, 0x08, 0x01, 0x08, 0x01, 0x08, 0x01, 0x10,
    0x01, 0x42, 0x0e, 0x6f, 0x6e, 0x6e, 0x78, 0x3a, 0x3a, 0x43, 0x6f, 0x6e, 0x76, 0x5f, 0x32, 0x38,
    0x38, 0x6a, 0x18, 0x0a, 0x08, 0x6c, 0x6f, 0x63, 0x61, 0x74, 0x69, 0x6f, 0x6e, 0x12, 0x0c, 0x65,
    0x72, 0x62, 0x5f, 0x64, 0x65, 0x63, 0x2e, 0x6f, 0x6e, 0x6e, 0x78, 0x6a, 0x11, 0x0a, 0x06, 0x6f,
    0x66, 0x66, 0x73, 0x65, 0x74, 0x12, 0x07, 0x33, 0x32, 0x33, 0x39, 0x30, 0x30, 0x36, 0x6a, 0x0d,
    0x0a, 0x06, 0x6c, 0x65, 0x6e, 0x67, 0x74, 0x68, 0x12, 0x03, 0x32, 0x35, 0x36, 0x70, 0x01, 0x2a,
    0x52, 0x08, 0x40, 0x10, 0x01, 0x42, 0x0e, 0x6f, 0x6e, 0x6e, 0x78, 0x3a, 0x3a, 0x43, 0x6f, 0x6e,
    0x76, 0x5f, 0x32, 0x38, 0x39, 0x6a, 0x18, 0x0a, 0x08, 0x6c, 0x6f, 0x63, 0x61, 0x74, 0x69, 0x6f,
    0x6e, 0x12, 0x0c, 0x65, 0x72, 0x62, 0x5f, 0x64, 0x65, 0x63, 0x2e, 0x6f, 0x6e, 0x6e, 0x78, 0x6a,
    0x11, 0x0a, 0x06, 0x6f, 0x66, 0x66, 0x73, 0x65, 0x74, 0x12, 0x07, 0x33, 0x32, 0x33, 0x39, 0x32,
    0x38, 0x38, 0x6a, 0x0d, 0x0a, 0x06, 0x6c, 0x65, 0x6e, 0x67, 0x74, 0x68, 0x12, 0x03, 0x32, 0x35,
    0x36, 0x70, 0x01, 0x2a, 0x5a, 0x08, 0x40, 0x08, 0x40, 0x08, 0x01, 0x08, 0x01, 0x10, 0x01, 0x42,
    0x0e, 0x6f, 0x6e, 0x6e, 0x78, 0x3a, 0x3a, 0x43, 0x6f, 0x6e, 0x76, 0x5f, 0x32, 0x39, 0x31, 0x6a,
    0x18, 0x0a, 0x08, 0x6c, 0x6f, 0x63, 0x61, 0x74, 0x69, 0x6f, 0x6e, 0x12, 0x0c, 0x65, 0x72, 0x62,
    0x5f, 0x64, 0x65, 0x63, 0x2e, 0x6f, 0x6e, 0x6e, 0x78, 0x6a, 0x11, 0x0a, 0x06, 0x6f, 0x66, 0x66,
    0x73, 0x65, 0x74, 0x12, 0x07, 0x33, 0x32, 0x33, 0x39, 0x35, 0x37, 0x38, 0x6a, 0x0f, 0x0a, 0x06,
    0x6c, 0x65, 0x6e, 0x67, 0x74, 0x68, 0x12, 0x05, 0x31, 0x36, 0x33, 0x38, 0x34, 0x70, 0x01, 0x2a,
    0x52, 0x08, 0x40, 0x10, 0x01, 0x42, 0x0e, 0x6f, 0x6e, 0x6e, 0x78, 0x3a, 0x3a, 0x43, 0x6f, 0x6e,
    0x76, 0x5f, 0x32, 0x39, 0x32, 0x6a, 0x18, 0x0a, 0x08, 0x6c, 0x6f, 0x63, 0x61, 0x74, 0x69, 0x6f,
    0x6e, 0x12, 0x0c, 0x65, 0x72, 0x62, 0x5f, 0x64, 0x65, 0x63, 0x2e, 0x6f, 0x6e, 0x6e, 0x78, 0x6a,
    0x11, 0x0a, 0x06, 0x6f, 0x66, 0x66, 0x73, 0x65, 0x74, 0x12, 0x07, 0x33, 0x32, 0x35, 0x35, 0x39,
    0x38, 0x38, 0x6a, 0x0d, 0x0a, 0x06, 0x6c, 0x65, 0x6e, 0x67, 0x74, 0x68, 0x12, 0x03, 0x32, 0x35,
    0x36, 0x70, 0x01, 0x2a, 0x58, 0x08, 0x40, 0x08, 0x01, 0x08, 0x01, 0x08, 0x01, 0x10, 0x01, 0x42,
    0x0e, 0x6f, 0x6e, 0x6e, 0x78, 0x3a, 0x3a, 0x43, 0x6f, 0x6e, 0x76, 0x5f, 0x32, 0x39, 0x34, 0x6a,
    0x18, 0x0a, 0x08, 0x6c, 0x6f, 0x63, 0x61, 0x74, 0x69, 0x6f, 0x6e, 0x12, 0x0c, 0x65, 0x72, 0x62,
    0x5f, 0x64, 0x65, 0x63, 0x2e, 0x6f, 0x6e, 0x6e, 0x78, 0x6a, 0x11, 0x0a, 0x06, 0x6f, 0x66, 0x66,
    0x73, 0x65, 0x74, 0x12, 0x07, 0x33, 0x32, 0x35, 0x36, 0x32, 0x37, 0x36, 0x6a, 0x0d, 0x0a, 0x06,
    0x6c, 0x65, 0x6e, 0x67, 0x74, 0x68, 0x12, 0x03, 0x32, 0x35, 0x36, 0x70, 0x01, 0x2a, 0x52, 0x08,
    0x40, 0x10, 0x01, 0x42, 0x0e, 0x6f, 0x6e, 0x6e, 0x78, 0x3a, 0x3a, 0x43, 0x6f, 0x6e, 0x76, 0x5f,
    0x32, 0x39, 0x35, 0x6a, 0x18, 0x0a, 0x08, 0x6c, 0x6f, 0x63, 0x61, 0x74, 0x69, 0x6f, 0x6e, 0x12,
    0x0c, 0x65, 0x72, 0x62, 0x5f, 0x64, 0x65, 0x63, 0x2e, 0x6f, 0x6e, 0x6e, 0x78, 0x6a, 0x11, 0x0a,
    0x06, 0x6f, 0x66, 0x66, 0x73, 0x65, 0x74, 0x12, 0x07, 0x33, 0x32, 0x35, 0x36, 0x35, 0x35, 0x38,
    0x6a, 0x0d, 0x0a, 0x06, 0x6c, 0x65, 0x6e, 0x67, 0x74, 0x68, 0x12, 0x03, 0x32, 0x35, 0x36, 0x70,
    0x01, 0x2a, 0x5a, 0x08, 0x40, 0x08, 0x40, 0x08, 0x01, 0x08, 0x01, 0x10, 0x01, 0x42, 0x0e, 0x6f,
    0x6e, 0x6e, 0x78, 0x3a, 0x3a, 0x43, 0x6f, 0x6e, 0x76, 0x5f, 0x32, 0x39, 0x37, 0x6a, 0x18, 0x0a,
    0x08, 0x6c, 0x6f, 0x63, 0x61, 0x74, 0x69, 0x6f, 0x6e, 0x12, 0x0c, 0x65, 0x72, 0x62, 0x5f, 0x64,
    0x65, 0x63, 0x2e, 0x6f, 0x6e, 0x6e, 0x78, 0x6a, 0x11, 0x0a, 0x06, 0x6f, 0x66, 0x66, 0x73, 0x65,
    0x74, 0x12, 0x07, 0x33, 0x32, 0x35, 0x36, 0x38, 0x34, 0x38, 0x6a, 0x0f, 0x0a, 0x06, 0x6c, 0x65,
    0x6e, 0x67, 0x74, 0x68, 0x12, 0x05, 0x31, 0x36, 0x33, 0x38, 0x34, 0x70, 0x01, 0x2a, 0x52, 0x08,
    0x40, 0x10, 0x01, 0x42, 0x0e, 0x6f, 0x6e, 0x6e, 0x78, 0x3a, 0x3a, 0x43, 0x6f, 0x6e, 0x76, 0x5f,
    0x32, 0x39, 0x38, 0x6a, 0x18, 0x0a, 0x08, 0x6c, 0x6f, 0x63, 0x61, 0x74, 0x69, 0x6f, 0x6e, 0x12,
    0x0c, 0x65, 0x72, 0x62, 0x5f, 0x64, 0x65, 0x63, 0x2e, 0x6f, 0x6e, 0x6e, 0x78, 0x6a, 0x11, 0x0a,
    0x06, 0x6f, 0x66, 0x66, 0x73, 0x65, 0x74, 0x12, 0x07, 0x33, 0x32, 0x37, 0x33, 0x32, 0x35, 0x38,
    0x6a, 0x0d, 0x0a, 0x06, 0x6c, 0x65, 0x6e, 0x67, 0x74, 0x68, 0x12, 0x03, 0x32, 0x35, 0x36, 0x70,
    0x01, 0x2a, 0x58, 0x08, 0x40, 0x08, 0x01, 0x08, 0x01, 0x08, 0x01, 0x10, 0x01, 0x42, 0x0e, 0x6f,
    0x6e, 0x6e, 0x78, 0x3a, 0x3a, 0x43, 0x6f, 0x6e, 0x76, 0x5f, 0x33, 0x30, 0x30, 0x6a, 0x18, 0x0a,
    0x08, 0x6c, 0x6f, 0x63, 0x61, 0x74, 0x69, 0x6f, 0x6e, 0x12, 0x0c, 0x65, 0x72, 0x62, 0x5f, 0x64,
    0x65, 0x63, 0x2e, 0x6f, 0x6e, 0x6e, 0x78, 0x6a, 0x11, 0x0a, 0x06, 0x6f, 0x66, 0x66, 0x73, 0x65,
    0x74, 0x12, 0x07, 0x33, 0x32, 0x37, 0x33, 0x35, 0x34, 0x36, 0x6a, 0x0d, 0x0a, 0x06, 0x6c, 0x65,
    0x6e, 0x67, 0x74, 0x68, 0x12, 0x03, 0x32, 0x35, 0x36, 0x70, 0x01, 0x2a, 0x52, 0x08, 0x40, 0x10,
    0x01, 0x42, 0x0e, 0x6f, 0x6e, 0x6e, 0x78, 0x3a, 0x3a, 0x43, 0x6f, 0x6e, 0x76, 0x5f, 0x33, 0x30,
    0x31, 0x6a, 0x18, 0x0a, 0x08, 0x6c, 0x6f, 0x63, 0x61, 0x74, 0x69, 0x6f, 0x6e, 0x12, 0x0c, 0x65,
    0x72, 0x62, 0x5f, 0x64, 0x65, 0x63, 0x2e, 0x6f, 0x6e, 0x6e, 0x78, 0x6a, 0x11, 0x0a, 0x06, 0x6f,
    0x66, 0x66, 0x73, 0x65, 0x74, 0x12, 0x07, 0x33, 0x32, 0x37, 0x33, 0x38, 0x32, 0x38, 0x6a, 0x0d,
    0x0a, 0x06, 0x6c, 0x65, 0x6e, 0x67, 0x74, 0x68, 0x12, 0x03, 0x32, 0x35, 0x36, 0x70, 0x01, 0x2a,
    0x5a, 0x08, 0x40, 0x08, 0x40, 0x08, 0x01, 0x08, 0x01, 0x10, 0x01, 0x42, 0x0e, 0x6f, 0x6e, 0x6e,
    0x78, 0x3a, 0x3a, 0x43, 0x6f, 0x6e, 0x76, 0x5f, 0x33, 0x30, 0x33, 0x6a, 0x18, 0x0a, 0x08, 0x6c,
    0x6f, 0x63, 0x61, 0x74, 0x69, 0x6f, 0x6e, 0x12, 0x0c, 0x65, 0x72, 0x62, 0x5f, 0x64, 0x65, 0x63,
    0x2e, 0x6f, 0x6e, 0x6e, 0x78, 0x6a, 0x11, 0x0a, 0x06, 0x6f, 0x66, 0x66, 0x73, 0x65, 0x74, 0x12,
    0x07, 0x33, 0x32, 0x37, 0x34, 0x31, 0x31, 0x38, 0x6a, 0x0f, 0x0a, 0x06, 0x6c, 0x65, 0x6e, 0x67,
    0x74, 0x68, 0x12, 0x05, 0x31, 0x36, 0x33, 0x38, 0x34, 0x70, 0x01, 0x2a, 0x52, 0x08, 0x40, 0x10,
    0x01, 0x42, 0x0e, 0x6f, 0x6e, 0x6e, 0x78, 0x3a, 0x3a, 0x43, 0x6f, 0x6e, 0x76, 0x5f, 0x33, 0x30,
    0x34, 0x6a, 0x18, 0x0a, 0x08, 0x6c, 0x6f, 0x63, 0x61, 0x74, 0x69, 0x6f, 0x6e, 0x12, 0x0c, 0x65,
    0x72, 0x62, 0x5f, 0x64, 0x65, 0x63, 0x2e, 0x6f, 0x6e, 0x6e, 0x78, 0x6a, 0x11, 0x0a, 0x06, 0x6f,
    0x66, 0x66, 0x73, 0x65, 0x74, 0x12, 0x07, 0x33, 0x32, 0x39, 0x30, 0x35, 0x32, 0x38, 0x6a, 0x0d,
    0x0a, 0x06, 0x6c, 0x65, 0x6e, 0x67, 0x74, 0x68, 0x12, 0x03, 0x32, 0x35, 0x36, 0x70, 0x01, 0x2a,
    0x58, 0x08, 0x40, 0x08, 0x01, 0x08, 0x01, 0x08, 0x01, 0x10, 0x01, 0x42, 0x0e, 0x6f, 0x6e, 0x6e,
    0x78, 0x3a, 0x3a, 0x43, 0x6f, 0x6e, 0x76, 0x5f, 0x33, 0x30, 0x36, 0x6a, 0x18, 0x0a, 0x08, 0x6c,
    0x6f, 0x63, 0x61, 0x74, 0x69, 0x6f, 0x6e, 0x12, 0x0c, 0x65, 0x72, 0x62, 0x5f, 0x64, 0x65, 0x63,
    0x2e, 0x6f, 0x6e, 0x6e, 0x78, 0x6a, 0x11, 0x0a, 0x06, 0x6f, 0x66, 0x66, 0x73, 0x65, 0x74, 0x12,
    0x07, 0x33, 0x32, 0x39, 0x30, 0x38, 0x31, 0x36, 0x6a, 0x0d, 0x0a, 0x06, 0x6c, 0x65, 0x6e, 0x67,
    0x74, 0x68, 0x12, 0x03, 0x32, 0x35, 0x36, 0x70, 0x01, 0x2a, 0x52, 0x08, 0x40, 0x10, 0x01, 0x42,
    0x0e, 0x6f, 0x6e, 0x6e, 0x78, 0x3a, 0x3a, 0x43, 0x6f, 0x6e, 0x76, 0x5f, 0x33, 0x30, 0x37, 0x6a,
    0x18, 0x0a, 0x08, 0x6c, 0x6f, 0x63, 0x61, 0x74, 0x69, 0x6f, 0x6e, 0x12, 0x0c, 0x65, 0x72, 0x62,
    0x5f, 0x64, 0x65, 0x63, 0x2e, 0x6f, 0x6e, 0x6e, 0x78, 0x6a, 0x11, 0x0a, 0x06, 0x6f, 0x66, 0x66,
    0x73, 0x65, 0x74, 0x12, 0x07, 0x33, 0x32, 0x39, 0x31, 0x30, 0x39, 0x38, 0x6a, 0x0d, 0x0a, 0x06,
    0x6c, 0x65, 0x6e, 0x67, 0x74, 0x68, 0x12, 0x03, 0x32, 0x35, 0x36, 0x70, 0x01, 0x2a, 0x58, 0x08,
    0x01, 0x08, 0x40, 0x08, 0x01, 0x08, 0x03, 0x10, 0x01, 0x42, 0x0e, 0x6f, 0x6e, 0x6e, 0x78, 0x3a,
    0x3a, 0x43, 0x6f, 0x6e, 0x76, 0x5f, 0x33, 0x30, 0x39, 0x6a, 0x18, 0x0a, 0x08, 0x6c, 0x6f, 0x63,
    0x61, 0x74, 0x69, 0x6f, 0x6e, 0x12, 0x0c, 0x65, 0x72, 0x62, 0x5f, 0x64, 0x65, 0x63, 0x2e, 0x6f,
    0x6e, 0x6e, 0x78, 0x6a, 0x11, 0x0a, 0x06, 0x6f, 0x66, 0x66, 0x73, 0x65, 0x74, 0x12, 0x07, 0x33,
    0x32, 0x39, 0x31, 0x33, 0x38, 0x36, 0x6a, 0x0d, 0x0a, 0x06, 0x6c, 0x65, 0x6e, 0x67, 0x74, 0x68,
    0x12, 0x03, 0x37, 0x36, 0x38, 0x70, 0x01, 0x2a, 0x50, 0x08, 0x01, 0x10, 0x01, 0x42, 0x0e, 0x6f,
    0x6e, 0x6e, 0x78, 0x3a, 0x3a, 0x43, 0x6f, 0x6e, 0x76, 0x5f, 0x33, 0x31, 0x30, 0x6a, 0x18, 0x0a,
    0x08, 0x6c, 0x6f, 0x63, 0x61, 0x74, 0x69, 0x6f, 0x6e, 0x12, 0x0c, 0x65, 0x72, 0x62, 0x5f, 0x64,
    0x65, 0x63, 0x2e, 0x6f, 0x6e, 0x6e, 0x78, 0x6a, 0x11, 0x0a, 0x06, 0x6f, 0x66, 0x66, 0x73, 0x65,
    0x74, 0x12, 0x07, 0x33, 0x32, 0x39, 0x32, 0x31, 0x37, 0x38, 0x6a, 0x0b, 0x0a, 0x06, 0x6c, 0x65,
    0x6e, 0x67, 0x74, 0x68, 0x12, 0x01, 0x34, 0x70, 0x01, 0x2a, 0x66, 0x08, 0x01, 0x08, 0x80, 0x06,
    0x08, 0x80, 0x02, 0x10, 0x01, 0x42, 0x1c, 0x2f, 0x65, 0x6d, 0x62, 0x5f, 0x67, 0x72, 0x75, 0x2f,
    0x43, 0x6f, 0x6e, 0x73, 0x74, 0x61, 0x6e, 0x74, 0x5f, 0x33, 0x5f, 0x6f, 0x75, 0x74, 0x70, 0x75,
    0x74, 0x5f, 0x30, 0x6a, 0x18, 0x0a, 0x08, 0x6c, 0x6f, 0x63, 0x61, 0x74, 0x69, 0x6f, 0x6e, 0x12,
    0x0c, 0x65, 0x72, 0x62, 0x5f, 0x64, 0x65, 0x63, 0x2e, 0x6f, 0x6e, 0x6e, 0x78, 0x6a, 0x0e, 0x0a,
    0x06, 0x6f, 0x66, 0x66, 0x73, 0x65, 0x74, 0x12, 0x04, 0x34, 0x32, 0x34, 0x32, 0x6a, 0x10, 0x0a,
    0x06, 0x6c, 0x65, 0x6e, 0x67, 0x74, 0x68, 0x12, 0x06, 0x37, 0x38, 0x36, 0x34, 0x33, 0x32, 0x70,
    0x01, 0x2a, 0x68, 0x08, 0x01, 0x08, 0x80, 0x06, 0x08, 0x80, 0x02, 0x10, 0x01, 0x42, 0x1c, 0x2f,
    0x65, 0x6d, 0x62, 0x5f, 0x67, 0x72, 0x75, 0x2f, 0x43, 0x6f, 0x6e, 0x73, 0x74, 0x61, 0x6e, 0x74,
    0x5f, 0x34, 0x5f, 0x6f, 0x75, 0x74, 0x70, 0x75, 0x74, 0x5f, 0x30, 0x6a, 0x18, 0x0a, 0x08, 0x6c,
    0x6f, 0x63, 0x61, 0x74, 0x69, 0x6f, 0x6e, 0x12, 0x0c, 0x65, 0x72, 0x62, 0x5f, 0x64, 0x65, 0x63,
    0x2e, 0x6f, 0x6e, 0x6e, 0x78, 0x6a, 0x10, 0x0a, 0x06, 0x6f, 0x66, 0x66, 0x73, 0x65, 0x74, 0x12,
    0x06, 0x37, 0x39, 0x30, 0x37, 0x37, 0x31, 0x6a, 0x10, 0x0a, 0x06, 0x6c, 0x65, 0x6e, 0x67, 0x74,
    0x68, 0x12, 0x06, 0x37, 0x38, 0x36, 0x34, 0x33, 0x32, 0x70, 0x01, 0x2a, 0x64, 0x08, 0x01, 0x08,
    0x80, 0x0c, 0x10, 0x01, 0x42, 0x1c, 0x2f, 0x65, 0x6d, 0x62, 0x5f, 0x67, 0x72, 0x75, 0x2f, 0x43,
    0x6f, 0x6e, 0x73, 0x74, 0x61, 0x6e, 0x74, 0x5f, 0x35, 0x5f, 0x6f, 0x75, 0x74, 0x70, 0x75, 0x74,
    0x5f, 0x30, 0x6a, 0x18, 0x0a, 0x08, 0x6c, 0x6f, 0x63, 0x61, 0x74, 0x69, 0x6f, 0x6e, 0x12, 0x0c,
    0x65, 0x72, 0x62, 0x5f, 0x64, 0x65, 0x63, 0x2e, 0x6f, 0x6e, 0x6e, 0x78, 0x6a, 0x11, 0x0a, 0x06,
    0x6f, 0x66, 0x66, 0x73, 0x65, 0x74, 0x12, 0x07, 0x31, 0x35, 0x37, 0x37, 0x32, 0x39, 0x33, 0x6a,
    0x0e, 0x0a, 0x06, 0x6c, 0x65, 0x6e, 0x67, 0x74, 0x68, 0x12, 0x04, 0x36, 0x31, 0x34, 0x34, 0x70,
    0x01, 0x2a, 0x69, 0x08, 0x01, 0x08, 0x80, 0x06, 0x08, 0x80, 0x02, 0x10, 0x01, 0x42, 0x1c, 0x2f,
    0x65, 0x6d, 0x62, 0x5f, 0x67, 0x72, 0x75, 0x2f, 0x43, 0x6f, 0x6e, 0x73, 0x74, 0x61, 0x6e, 0x74,
    0x5f, 0x39, 0x5f, 0x6f, 0x75, 0x74, 0x70, 0x75, 0x74, 0x5f, 0x30, 0x6a, 0x18, 0x0a, 0x08, 0x6c,
    0x6f, 0x63, 0x61, 0x74, 0x69, 0x6f, 0x6e, 0x12, 0x0c, 0x65, 0x72, 0x62, 0x5f, 0x64, 0x65, 0x63,
    0x2e, 0x6f, 0x6e, 0x6e, 0x78, 0x6a, 0x11, 0x0a, 0x06, 0x6f, 0x66, 0x66, 0x73, 0x65, 0x74, 0x12,
    0x07, 0x31, 0x35, 0x38, 0x34, 0x33, 0x33, 0x38, 0x6a, 0x10, 0x0a, 0x06, 0x6c, 0x65, 0x6e, 0x67,
    0x74, 0x68, 0x12, 0x06, 0x37, 0x38, 0x36, 0x34, 0x33, 0x32, 0x70, 0x01, 0x2a, 0x6a, 0x08, 0x01,
    0x08, 0x80, 0x06, 0x08, 0x80, 0x02, 0x10, 0x01, 0x42, 0x1d, 0x2f, 0x65, 0x6d, 0x62, 0x5f, 0x67,
    0x72, 0x75, 0x2f, 0x43, 0x6f, 0x6e, 0x73, 0x74, 0x61, 0x6e, 0x74, 0x5f, 0x31, 0x30, 0x5f, 0x6f,
    0x75, 0x74, 0x70, 0x75, 0x74, 0x5f, 0x30, 0x6a, 0x18, 0x0a, 0x08, 0x6c, 0x6f, 0x63, 0x61, 0x74,
    0x69, 0x6f, 0x6e, 0x12, 0x0c, 0x65, 0x72, 0x62, 0x5f, 0x64, 0x65, 0x63, 0x2e, 0x6f, 0x6e, 0x6e,
    0x78, 0x6a, 0x11, 0x0a, 0x06, 0x6f, 0x66, 0x66, 0x73, 0x65, 0x74, 0x12, 0x07, 0x32, 0x33, 0x37,
    0x30, 0x38, 0x36, 0x39, 0x6a, 0x10, 0x0a, 0x06, 0x6c, 0x65, 0x6e, 0x67, 0x74, 0x68, 0x12, 0x06,
    0x37, 0x38, 0x36, 0x34, 0x33, 0x32, 0x70, 0x01, 0x2a, 0x65, 0x08, 0x01, 0x08, 0x80, 0x0c, 0x10,
    0x01, 0x42, 0x1d, 0x2f, 0x65, 0x6d, 0x62, 0x5f, 0x67, 0x72, 0x75, 0x2f, 0x43, 0x6f, 0x6e, 0x73,
    0x74, 0x61, 0x6e, 0x74, 0x5f, 0x31, 0x31, 0x5f, 0x6f, 0x75, 0x74, 0x70, 0x75, 0x74, 0x5f, 0x30,
    0x6a, 0x18, 0x0a, 0x08, 0x6c, 0x6f, 0x63, 0x61, 0x74, 0x69, 0x6f, 0x6e, 0x12, 0x0c, 0x65, 0x72,
    0x62, 0x5f, 0x64, 0x65, 0x63, 0x2e, 0x6f, 0x6e, 0x6e, 0x78, 0x6a, 0x11, 0x0a, 0x06, 0x6f, 0x66,
    0x66, 0x73, 0x65, 0x74, 0x12, 0x07, 0x33, 0x31, 0x35, 0x37, 0x33, 0x39, 0x33, 0x6a, 0x0e, 0x0a,
    0x06, 0x6c, 0x65, 0x6e, 0x67, 0x74, 0x68, 0x12, 0x04, 0x36, 0x31, 0x34, 0x34, 0x70, 0x01, 0x5a,
    0x1b, 0x0a, 0x03, 0x65, 0x6d, 0x62, 0x12, 0x14, 0x0a, 0x12, 0x08, 0x01, 0x12, 0x0e, 0x0a, 0x02,
    0x08, 0x01, 0x0a, 0x03, 0x12, 0x01, 0x53, 0x0a, 0x03, 0x08, 0x80, 0x04, 0x5a, 0x1d, 0x0a, 0x02,
    0x65, 0x33, 0x12, 0x17, 0x0a, 0x15, 0x08, 0x01, 0x12, 0x11, 0x0a, 0x02, 0x08, 0x01, 0x0a, 0x02,
    0x08, 0x40, 0x0a, 0x03, 0x12, 0x01, 0x53, 0x0a, 0x02, 0x08, 0x08, 0x5a, 0x1d, 0x0a, 0x02, 0x65,
    0x32, 0x12, 0x17, 0x0a, 0x15, 0x08, 0x01, 0x12, 0x11, 0x0a, 0x02, 0x08, 0x01, 0x0a, 0x02, 0x08,
    0x40, 0x0a, 0x03, 0x12, 0x01, 0x53, 0x0a, 0x02, 0x08, 0x08, 0x5a, 0x1d, 0x0a, 0x02, 0x65, 0x31,
    0x12, 0x17, 0x0a, 0x15, 0x08, 0x01, 0x12, 0x11, 0x0a, 0x02, 0x08, 0x01, 0x0a, 0x02, 0x08, 0x40,
    0x0a, 0x03, 0x12, 0x01, 0x53, 0x0a, 0x02, 0x08, 0x10, 0x5a, 0x1d, 0x0a, 0x02, 0x65, 0x30, 0x12,
    0x17, 0x0a, 0x15, 0x08, 0x01, 0x12, 0x11, 0x0a, 0x02, 0x08, 0x01, 0x0a, 0x02, 0x08, 0x40, 0x0a,
    0x03, 0x12, 0x01, 0x53, 0x0a, 0x02, 0x08, 0x20, 0x5a, 0x19, 0x0a, 0x02, 0x68, 0x30, 0x12, 0x13,
    0x0a, 0x11, 0x08, 0x01, 0x12, 0x0d, 0x0a, 0x02, 0x08, 0x01, 0x0a, 0x02, 0x08, 0x01, 0x0a, 0x03,
    0x08, 0x80, 0x02, 0x5a, 0x19, 0x0a, 0x02, 0x68, 0x31, 0x12, 0x13, 0x0a, 0x11, 0x08, 0x01, 0x12,
    0x0d, 0x0a, 0x02, 0x08, 0x01, 0x0a, 0x02, 0x08, 0x01, 0x0a, 0x03, 0x08, 0x80, 0x02, 0x62, 0x38,
    0x0a, 0x01, 0x6d, 0x12, 0x33, 0x0a, 0x31, 0x08, 0x01, 0x12, 0x2d, 0x0a, 0x10, 0x12, 0x0e, 0x53,
    0x69, 0x67, 0x6d, 0x6f, 0x69, 0x64, 0x6d, 0x5f, 0x64, 0x69, 0x6d, 0x5f, 0x30, 0x0a, 0x02, 0x08,
    0x01, 0x0a, 0x03, 0x12, 0x01, 0x53, 0x0a, 0x10, 0x12, 0x0e, 0x53, 0x69, 0x67, 0x6d, 0x6f, 0x69,
    0x64, 0x6d, 0x5f, 0x64, 0x69, 0x6d, 0x5f, 0x33, 0x62, 0x1d, 0x0a, 0x06, 0x68, 0x30, 0x5f, 0x6f,
    0x75, 0x74, 0x12, 0x13, 0x0a, 0x11, 0x08, 0x01, 0x12, 0x0d, 0x0a, 0x02, 0x08, 0x01, 0x0a, 0x02,
    0x08, 0x01, 0x0a, 0x03, 0x08, 0x80, 0x02, 0x62, 0x1d, 0x0a, 0x06, 0x68, 0x31, 0x5f, 0x6f, 0x75,
    0x74, 0x12, 0x13, 0x0a, 0x11, 0x08, 0x01, 0x12, 0x0d, 0x0a, 0x02, 0x08, 0x01, 0x0a, 0x02, 0x08,
    0x01, 0x0a, 0x03, 0x08, 0x80, 0x02, 0x42, 0x02, 0x10, 0x0c,
};
static constexpr const char* kRustErbStateInputs[] = {
    "h0",
    "h1",
};
static constexpr const char* kRustErbStateOutputs[] = {
    "h0_out",
    "h1_out",
};
static constexpr size_t kRustErbStateSizes[] = {
    256,
    256,
};
static constexpr std::array<int64_t, 4> kRustErbStateShapes[] = {
    {1, 1, 256, 0},
    {1, 1, 256, 0},
};
static constexpr size_t kRustErbStateRanks[] = {3, 3};

// Source SHA-256: 23114ce3b0f6464b763ee62f7bb8aab6b2a129a21eabd5bcfe59413db05f278a
static constexpr size_t kRustDfSourceBytes = 3340803;
static constexpr uint64_t kRustDfFingerprint = UINT64_C(0x25c3edff2100f0ef);
static constexpr unsigned char kRustDfGraph[] = {
    0x08, 0x07, 0x12, 0x07, 0x70, 0x79, 0x74, 0x6f, 0x72, 0x63, 0x68, 0x1a, 0x06, 0x31, 0x2e, 0x31,
    0x33, 0x2e, 0x31, 0x3a, 0xbe, 0x5a, 0x0a, 0x25, 0x0a, 0x03, 0x65, 0x6d, 0x62, 0x12, 0x0f, 0x2f,
    0x53, 0x68, 0x61, 0x70, 0x65, 0x5f, 0x6f, 0x75, 0x74, 0x70, 0x75, 0x74, 0x5f, 0x30, 0x1a, 0x06,
    0x2f, 0x53, 0x68, 0x61, 0x70, 0x65, 0x22, 0x05, 0x53, 0x68, 0x61, 0x70, 0x65, 0x0a, 0x43, 0x12,
    0x12, 0x2f, 0x43, 0x6f, 0x6e, 0x73, 0x74, 0x61, 0x6e, 0x74, 0x5f, 0x6f, 0x75, 0x74, 0x70, 0x75,
    0x74, 0x5f, 0x30, 0x1a, 0x09, 0x2f, 0x43, 0x6f, 0x6e, 0x73, 0x74, 0x61, 0x6e, 0x74, 0x22, 0x08,
    0x43, 0x6f, 0x6e, 0x73, 0x74, 0x61, 0x6e, 0x74, 0x2a, 0x18, 0x0a, 0x05, 0x76, 0x61, 0x6c, 0x75,
    0x65, 0x2a, 0x0c, 0x10, 0x07, 0x4a, 0x08, 0x00, 0x00, 0x00, 0x00, 0x00, 0x00, 0x00, 0x00, 0xa0,
    0x01, 0x04, 0x0a, 0x55, 0x0a, 0x0f, 0x2f, 0x53, 0x68, 0x61, 0x70, 0x65, 0x5f, 0x6f, 0x75, 0x74,
    0x70, 0x75, 0x74, 0x5f, 0x30, 0x0a, 0x12, 0x2f, 0x43, 0x6f, 0x6e, 0x73, 0x74, 0x61, 0x6e, 0x74,
    0x5f, 0x6f, 0x75, 0x74, 0x70, 0x75, 0x74, 0x5f, 0x30, 0x12, 0x10, 0x2f, 0x47, 0x61, 0x74, 0x68,
    0x65, 0x72, 0x5f, 0x6f, 0x75, 0x74, 0x70, 0x75, 0x74, 0x5f, 0x30, 0x1a, 0x07, 0x2f, 0x47, 0x61,
    0x74, 0x68, 0x65, 0x72, 0x22, 0x06, 0x47, 0x61, 0x74, 0x68, 0x65, 0x72, 0x2a, 0x0b, 0x0a, 0x04,
    0x61, 0x78, 0x69, 0x73, 0x18, 0x00, 0xa0, 0x01, 0x02, 0x0a, 0x29, 0x0a, 0x03, 0x65, 0x6d, 0x62,
    0x12, 0x11, 0x2f, 0x53, 0x68, 0x61, 0x70, 0x65, 0x5f, 0x31, 0x5f, 0x6f, 0x75, 0x74, 0x70, 0x75,
    0x74, 0x5f, 0x30, 0x1a, 0x08, 0x2f, 0x53, 0x68, 0x61, 0x70, 0x65, 0x5f, 0x31, 0x22, 0x05, 0x53,
    0x68, 0x61, 0x70, 0x65, 0x0a, 0x47, 0x12, 0x14, 0x2f, 0x43, 0x6f, 0x6e, 0x73, 0x74, 0x61, 0x6e,
    0x74, 0x5f, 0x31, 0x5f, 0x6f, 0x75, 0x74, 0x70, 0x75, 0x74, 0x5f, 0x30, 0x1a, 0x0b, 0x2f, 0x43,
    0x6f, 0x6e, 0x73, 0x74, 0x61, 0x6e, 0x74, 0x5f, 0x31, 0x22, 0x08, 0x43, 0x6f, 0x6e, 0x73, 0x74,
    0x61, 0x6e, 0x74, 0x2a, 0x18, 0x0a, 0x05, 0x76, 0x61, 0x6c, 0x75, 0x65, 0x2a, 0x0c, 0x10, 0x07,
    0x4a, 0x08, 0x01, 0x00, 0x00, 0x00, 0x00, 0x00, 0x00, 0x00, 0xa0, 0x01, 0x04, 0x0a, 0x5d, 0x0a,
    0x11, 0x2f, 0x53, 0x68, 0x61, 0x70, 0x65, 0x5f, 0x31, 0x5f, 0x6f, 0x75, 0x74, 0x70, 0x75, 0x74,
    0x5f, 0x30, 0x0a, 0x14, 0x2f, 0x43, 0x6f, 0x6e, 0x73, 0x74, 0x61, 0x6e, 0x74, 0x5f, 0x31, 0x5f,
    0x6f, 0x75, 0x74, 0x70, 0x75, 0x74, 0x5f, 0x30, 0x12, 0x12, 0x2f, 0x47, 0x61, 0x74, 0x68, 0x65,
    0x72, 0x5f, 0x31, 0x5f, 0x6f, 0x75, 0x74, 0x70, 0x75, 0x74, 0x5f, 0x30, 0x1a, 0x09, 0x2f, 0x47,
    0x61, 0x74, 0x68, 0x65, 0x72, 0x5f, 0x31, 0x22, 0x06, 0x47, 0x61, 0x74, 0x68, 0x65, 0x72, 0x2a,
    0x0b, 0x0a, 0x04, 0x61, 0x78, 0x69, 0x73, 0x18, 0x00, 0xa0, 0x01, 0x02, 0x0a, 0x85, 0x01, 0x0a,
    0x10, 0x2f, 0x47, 0x61, 0x74, 0x68, 0x65, 0x72, 0x5f, 0x6f, 0x75, 0x74, 0x70, 0x75, 0x74, 0x5f,
    0x30, 0x12, 0x30, 0x2f, 0x64, 0x66, 0x5f, 0x67, 0x72, 0x75, 0x2f, 0x6c, 0x69, 0x6e, 0x65, 0x61,
    0x72, 0x5f, 0x69, 0x6e, 0x2f, 0x6c, 0x69, 0x6e, 0x65, 0x61, 0x72, 0x5f, 0x69, 0x6e, 0x2e, 0x30,
    0x2f, 0x55, 0x6e, 0x73, 0x71, 0x75, 0x65, 0x65, 0x7a, 0x65, 0x5f, 0x6f, 0x75, 0x74, 0x70, 0x75,
    0x74, 0x5f, 0x30, 0x1a, 0x27, 0x2f, 0x64, 0x66, 0x5f, 0x67, 0x72, 0x75, 0x2f, 0x6c, 0x69, 0x6e,
    0x65, 0x61, 0x72, 0x5f, 0x69, 0x6e, 0x2f, 0x6c, 0x69, 0x6e, 0x65, 0x61, 0x72, 0x5f, 0x69, 0x6e,
    0x2e, 0x30, 0x2f, 0x55, 0x6e, 0x73, 0x71, 0x75, 0x65, 0x65, 0x7a, 0x65, 0x22, 0x09, 0x55, 0x6e,
    0x73, 0x71, 0x75, 0x65, 0x65, 0x7a, 0x65, 0x2a, 0x0b, 0x0a, 0x04, 0x61, 0x78, 0x65, 0x73, 0x40,
    0x00, 0xa0, 0x01, 0x07, 0x0a, 0x8b, 0x01, 0x0a, 0x12, 0x2f, 0x47, 0x61, 0x74, 0x68, 0x65, 0x72,
    0x5f, 0x31, 0x5f, 0x6f, 0x75, 0x74, 0x70, 0x75, 0x74, 0x5f, 0x30, 0x12, 0x32, 0x2f, 0x64, 0x66,
    0x5f, 0x67, 0x72, 0x75, 0x2f, 0x6c, 0x69, 0x6e, 0x65, 0x61, 0x72, 0x5f, 0x69, 0x6e, 0x2f, 0x6c,
    0x69, 0x6e, 0x65, 0x61, 0x72, 0x5f, 0x69, 0x6e, 0x2e, 0x30, 0x2f, 0x55, 0x6e, 0x73, 0x71, 0x75,
    0x65, 0x65, 0x7a, 0x65, 0x5f, 0x31, 0x5f, 0x6f, 0x75, 0x74, 0x70, 0x75, 0x74, 0x5f, 0x30, 0x1a,
    0x29, 0x2f, 0x64, 0x66, 0x5f, 0x67, 0x72, 0x75, 0x2f, 0x6c, 0x69, 0x6e, 0x65, 0x61, 0x72, 0x5f,
    0x69, 0x6e, 0x2f, 0x6c, 0x69, 0x6e, 0x65, 0x61, 0x72, 0x5f, 0x69, 0x6e, 0x2e, 0x30, 0x2f, 0x55,
    0x6e, 0x73, 0x71, 0x75, 0x65, 0x65, 0x7a, 0x65, 0x5f, 0x31, 0x22, 0x09, 0x55, 0x6e, 0x73, 0x71,
    0x75, 0x65, 0x65, 0x7a, 0x65, 0x2a, 0x0b, 0x0a, 0x04, 0x61, 0x78, 0x65, 0x73, 0x40, 0x00, 0xa0,
    0x01, 0x07, 0x0a, 0x7f, 0x12, 0x2f, 0x2f, 0x64, 0x66, 0x5f, 0x67, 0x72, 0x75, 0x2f, 0x6c, 0x69,
    0x6e, 0x65, 0x61, 0x72, 0x5f, 0x69, 0x6e, 0x2f, 0x6c, 0x69, 0x6e, 0x65, 0x61, 0x72, 0x5f, 0x69,
    0x6e, 0x2e, 0x30, 0x2f, 0x43, 0x6f, 0x6e, 0x73, 0x74, 0x61, 0x6e, 0x74, 0x5f, 0x6f, 0x75, 0x74,
    0x70, 0x75, 0x74, 0x5f, 0x30, 0x1a, 0x26, 0x2f, 0x64, 0x66, 0x5f, 0x67, 0x72, 0x75, 0x2f, 0x6c,
    0x69, 0x6e, 0x65, 0x61, 0x72, 0x5f, 0x69, 0x6e, 0x2f, 0x6c, 0x69, 0x6e, 0x65, 0x61, 0x72, 0x5f,
    0x69, 0x6e, 0x2e, 0x30, 0x2f, 0x43, 0x6f, 0x6e, 0x73, 0x74, 0x61, 0x6e, 0x74, 0x22, 0x08, 0x43,
    0x6f, 0x6e, 0x73, 0x74, 0x61, 0x6e, 0x74, 0x2a, 0x1a, 0x0a, 0x05, 0x76, 0x61, 0x6c, 0x75, 0x65,
    0x2a, 0x0e, 0x08, 0x01, 0x10, 0x07, 0x4a, 0x08, 0x08, 0x00, 0x00, 0x00, 0x00, 0x00, 0x00, 0x00,
    0xa0, 0x01, 0x04, 0x0a, 0x83, 0x01, 0x12, 0x31, 0x2f, 0x64, 0x66, 0x5f, 0x67, 0x72, 0x75, 0x2f,
    0x6c, 0x69, 0x6e, 0x65, 0x61, 0x72, 0x5f, 0x69, 0x6e, 0x2f, 0x6c, 0x69, 0x6e, 0x65, 0x61, 0x72,
    0x5f, 0x69, 0x6e, 0x2e, 0x30, 0x2f, 0x43, 0x6f, 0x6e, 0x73, 0x74, 0x61, 0x6e, 0x74, 0x5f, 0x31,
    0x5f, 0x6f, 0x75, 0x74, 0x70, 0x75, 0x74, 0x5f, 0x30, 0x1a, 0x28, 0x2f, 0x64, 0x66, 0x5f, 0x67,
    0x72, 0x75, 0x2f, 0x6c, 0x69, 0x6e, 0x65, 0x61, 0x72, 0x5f, 0x69, 0x6e, 0x2f, 0x6c, 0x69, 0x6e,
    0x65, 0x61, 0x72, 0x5f, 0x69, 0x6e, 0x2e, 0x30, 0x2f, 0x43, 0x6f, 0x6e, 0x73, 0x74, 0x61, 0x6e,
    0x74, 0x5f, 0x31, 0x22, 0x08, 0x43, 0x6f, 0x6e, 0x73, 0x74, 0x61, 0x6e, 0x74, 0x2a, 0x1a, 0x0a,
    0x05, 0x76, 0x61, 0x6c, 0x75, 0x65, 0x2a, 0x0e, 0x08, 0x01, 0x10, 0x07, 0x4a, 0x08, 0x40, 0x00,
    0x00, 0x00, 0x00, 0x00, 0x00, 0x00, 0xa0, 0x01, 0x04, 0x0a, 0xb4, 0x02, 0x0a, 0x30, 0x2f, 0x64,
    0x66, 0x5f, 0x67, 0x72, 0x75, 0x2f, 0x6c, 0x69, 0x6e, 0x65, 0x61, 0x72, 0x5f, 0x69, 0x6e, 0x2f,
    0x6c, 0x69, 0x6e, 0x65, 0x61, 0x72, 0x5f, 0x69, 0x6e, 0x2e, 0x30, 0x2f, 0x55, 0x6e, 0x73, 0x71,
    0x75, 0x65, 0x65, 0x7a, 0x65, 0x5f, 0x6f, 0x75, 0x74, 0x70, 0x75, 0x74, 0x5f, 0x30, 0x0a, 0x32,
    0x2f, 0x64, 0x66, 0x5f, 0x67, 0x72, 0x75, 0x2f, 0x6c, 0x69, 0x6e, 0x65, 0x61, 0x72, 0x5f, 0x69,
    0x6e, 0x2f, 0x6c, 0x69, 0x6e, 0x65, 0x61, 0x72, 0x5f, 0x69, 0x6e, 0x2e, 0x30, 0x2f, 0x55, 0x6e,
    0x73, 0x71, 0x75, 0x65, 0x65, 0x7a, 0x65, 0x5f, 0x31, 0x5f, 0x6f, 0x75, 0x74, 0x70, 0x75, 0x74,
    0x5f, 0x30, 0x0a, 0x2f, 0x2f, 0x64, 0x66, 0x5f, 0x67, 0x72, 0x75, 0x2f, 0x6c, 0x69, 0x6e, 0x65,
    0x61, 0x72, 0x5f, 0x69, 0x6e, 0x2f, 0x6c, 0x69, 0x6e, 0x65, 0x61, 0x72, 0x5f, 0x69, 0x6e, 0x2e,
    0x30, 0x2f, 0x43, 0x6f, 0x6e, 0x73, 0x74, 0x61, 0x6e, 0x74, 0x5f, 0x6f, 0x75, 0x74, 0x70, 0x75,
    0x74, 0x5f, 0x30, 0x0a, 0x31, 0x2f, 0x64, 0x66, 0x5f, 0x67, 0x72, 0x75, 0x2f, 0x6c, 0x69, 0x6e,
    0x65, 0x61, 0x72, 0x5f, 0x69, 0x6e, 0x2f, 0x6c, 0x69, 0x6e, 0x65, 0x61, 0x72, 0x5f, 0x69, 0x6e,
    0x2e, 0x30, 0x2f, 0x43, 0x6f, 0x6e, 0x73, 0x74, 0x61, 0x6e, 0x74, 0x5f, 0x31, 0x5f, 0x6f, 0x75,
    0x74, 0x70, 0x75, 0x74, 0x5f, 0x30, 0x12, 0x2d, 0x2f, 0x64, 0x66, 0x5f, 0x67, 0x72, 0x75, 0x2f,
    0x6c, 0x69, 0x6e, 0x65, 0x61, 0x72, 0x5f, 0x69, 0x6e, 0x2f, 0x6c, 0x69, 0x6e, 0x65, 0x61, 0x72,
    0x5f, 0x69, 0x6e, 0x2e, 0x30, 0x2f, 0x43, 0x6f, 0x6e, 0x63, 0x61, 0x74, 0x5f, 0x6f, 0x75, 0x74,
    0x70, 0x75, 0x74, 0x5f, 0x30, 0x1a, 0x24, 0x2f, 0x64, 0x66, 0x5f, 0x67, 0x72, 0x75, 0x2f, 0x6c,
    0x69, 0x6e, 0x65, 0x61, 0x72, 0x5f, 0x69, 0x6e, 0x2f, 0x6c, 0x69, 0x6e, 0x65, 0x61, 0x72, 0x5f,
    0x69, 0x6e, 0x2e, 0x30, 0x2f, 0x43, 0x6f, 0x6e, 0x63, 0x61, 0x74, 0x22, 0x06, 0x43, 0x6f, 0x6e,
    0x63, 0x61, 0x74, 0x2a, 0x0b, 0x0a, 0x04, 0x61, 0x78, 0x69, 0x73, 0x18, 0x00, 0xa0, 0x01, 0x02,
    0x0a, 0x94, 0x01, 0x0a, 0x03, 0x65, 0x6d, 0x62, 0x0a, 0x2d, 0x2f, 0x64, 0x66, 0x5f, 0x67, 0x72,
    0x75, 0x2f, 0x6c, 0x69, 0x6e, 0x65, 0x61, 0x72, 0x5f, 0x69, 0x6e, 0x2f, 0x6c, 0x69, 0x6e, 0x65,
    0x61, 0x72, 0x5f, 0x69, 0x6e, 0x2e, 0x30, 0x2f, 0x43, 0x6f, 0x6e, 0x63, 0x61, 0x74, 0x5f, 0x6f,
    0x75, 0x74, 0x70, 0x75, 0x74, 0x5f, 0x30, 0x12, 0x2e, 0x2f, 0x64, 0x66, 0x5f, 0x67, 0x72, 0x75,
    0x2f, 0x6c, 0x69, 0x6e, 0x65, 0x61, 0x72, 0x5f, 0x69, 0x6e, 0x2f, 0x6c, 0x69, 0x6e, 0x65, 0x61,
    0x72, 0x5f, 0x69, 0x6e, 0x2e, 0x30, 0x2f, 0x52, 0x65, 0x73, 0x68, 0x61, 0x70, 0x65, 0x5f, 0x6f,
    0x75, 0x74, 0x70, 0x75, 0x74, 0x5f, 0x30, 0x1a, 0x25, 0x2f, 0x64, 0x66, 0x5f, 0x67, 0x72, 0x75,
    0x2f, 0x6c, 0x69, 0x6e, 0x65, 0x61, 0x72, 0x5f, 0x69, 0x6e, 0x2f, 0x6c, 0x69, 0x6e, 0x65, 0x61,
    0x72, 0x5f, 0x69, 0x6e, 0x2e, 0x30, 0x2f, 0x52, 0x65, 0x73, 0x68, 0x61, 0x70, 0x65, 0x22, 0x07,
    0x52, 0x65, 0x73, 0x68, 0x61, 0x70, 0x65, 0x0a, 0xc7, 0x01, 0x0a, 0x2e, 0x2f, 0x64, 0x66, 0x5f,
    0x67, 0x72, 0x75, 0x2f, 0x6c, 0x69, 0x6e, 0x65, 0x61, 0x72, 0x5f, 0x69, 0x6e, 0x2f, 0x6c, 0x69,
    0x6e, 0x65, 0x61, 0x72, 0x5f, 0x69, 0x6e, 0x2e, 0x30, 0x2f, 0x52, 0x65, 0x73, 0x68, 0x61, 0x70,
    0x65, 0x5f, 0x6f, 0x75, 0x74, 0x70, 0x75, 0x74, 0x5f, 0x30, 0x0a, 0x19, 0x64, 0x66, 0x5f, 0x67,
    0x72, 0x75, 0x2e, 0x6c, 0x69, 0x6e, 0x65, 0x61, 0x72, 0x5f, 0x69, 0x6e, 0x2e, 0x30, 0x2e, 0x77,
    0x65, 0x69, 0x67, 0x68, 0x74, 0x12, 0x2d, 0x2f, 0x64, 0x66, 0x5f, 0x67, 0x72, 0x75, 0x2f, 0x6c,
    0x69, 0x6e, 0x65, 0x61, 0x72, 0x5f, 0x69, 0x6e, 0x2f, 0x6c, 0x69, 0x6e, 0x65, 0x61, 0x72, 0x5f,
    0x69, 0x6e, 0x2e, 0x30, 0x2f, 0x45, 0x69, 0x6e, 0x73, 0x75, 0x6d, 0x5f, 0x6f, 0x75, 0x74, 0x70,
    0x75, 0x74, 0x5f, 0x30, 0x1a, 0x24, 0x2f, 0x64, 0x66, 0x5f, 0x67, 0x72, 0x75, 0x2f, 0x6c, 0x69,
    0x6e, 0x65, 0x61, 0x72, 0x5f, 0x69, 0x6e, 0x2f, 0x6c, 0x69, 0x6e, 0x65, 0x61, 0x72, 0x5f, 0x69,
    0x6e, 0x2e, 0x30, 0x2f, 0x45, 0x69, 0x6e, 0x73, 0x75, 0x6d, 0x22, 0x06, 0x45, 0x69, 0x6e, 0x73,
    0x75, 0x6d, 0x2a, 0x1d, 0x0a, 0x08, 0x65, 0x71, 0x75, 0x61, 0x74, 0x69, 0x6f, 0x6e, 0x22, 0x0e,
    0x62, 0x74, 0x67, 0x69, 0x2c, 0x67, 0x69, 0x68, 0x2d, 0x3e, 0x62, 0x74, 0x67, 0x68, 0xa0, 0x01,
    0x03, 0x0a, 0x89, 0x01, 0x0a, 0x2d, 0x2f, 0x64, 0x66, 0x5f, 0x67, 0x72, 0x75, 0x2f, 0x6c, 0x69,
    0x6e, 0x65, 0x61, 0x72, 0x5f, 0x69, 0x6e, 0x2f, 0x6c, 0x69, 0x6e, 0x65, 0x61, 0x72, 0x5f, 0x69,
    0x6e, 0x2e, 0x30, 0x2f, 0x45, 0x69, 0x6e, 0x73, 0x75, 0x6d, 0x5f, 0x6f, 0x75, 0x74, 0x70, 0x75,
    0x74, 0x5f, 0x30, 0x12, 0x2c, 0x2f, 0x64, 0x66, 0x5f, 0x67, 0x72, 0x75, 0x2f, 0x6c, 0x69, 0x6e,
    0x65, 0x61, 0x72, 0x5f, 0x69, 0x6e, 0x2f, 0x6c, 0x69, 0x6e, 0x65, 0x61, 0x72, 0x5f, 0x69, 0x6e,
    0x2e, 0x30, 0x2f, 0x53, 0x68, 0x61, 0x70, 0x65, 0x5f, 0x6f, 0x75, 0x74, 0x70, 0x75, 0x74, 0x5f,
    0x30, 0x1a, 0x23, 0x2f, 0x64, 0x66, 0x5f, 0x67, 0x72, 0x75, 0x2f, 0x6c, 0x69, 0x6e, 0x65, 0x61,
    0x72, 0x5f, 0x69, 0x6e, 0x2f, 0x6c, 0x69, 0x6e, 0x65, 0x61, 0x72, 0x5f, 0x69, 0x6e, 0x2e, 0x30,
    0x2f, 0x53, 0x68, 0x61, 0x70, 0x65, 0x22, 0x05, 0x53, 0x68, 0x61, 0x70, 0x65, 0x0a, 0x83, 0x01,
    0x12, 0x31, 0x2f, 0x64, 0x66, 0x5f, 0x67, 0x72, 0x75, 0x2f, 0x6c, 0x69, 0x6e, 0x65, 0x61, 0x72,
    0x5f, 0x69, 0x6e, 0x2f, 0x6c, 0x69, 0x6e, 0x65, 0x61, 0x72, 0x5f, 0x69, 0x6e, 0x2e, 0x30, 0x2f,
    0x43, 0x6f, 0x6e, 0x73, 0x74, 0x61, 0x6e, 0x74, 0x5f, 0x32, 0x5f, 0x6f, 0x75, 0x74, 0x70, 0x75,
    0x74, 0x5f, 0x30, 0x1a, 0x28, 0x2f, 0x64, 0x66, 0x5f, 0x67, 0x72, 0x75, 0x2f, 0x6c, 0x69, 0x6e,
    0x65, 0x61, 0x72, 0x5f, 0x69, 0x6e, 0x2f, 0x6c, 0x69, 0x6e, 0x65, 0x61, 0x72, 0x5f, 0x69, 0x6e,
    0x2e, 0x30, 0x2f, 0x43, 0x6f, 0x6e, 0x73, 0x74, 0x61, 0x6e, 0x74, 0x5f, 0x32, 0x22, 0x08, 0x43,
    0x6f, 0x6e, 0x73, 0x74, 0x61, 0x6e, 0x74, 0x2a, 0x1a, 0x0a, 0x05, 0x76, 0x61, 0x6c, 0x75, 0x65,
    0x2a, 0x0e, 0x08, 0x01, 0x10, 0x07, 0x4a, 0x08, 0x00, 0x00, 0x00, 0x00, 0x00, 0x00, 0x00, 0x00,
    0xa0, 0x01, 0x04, 0x0a, 0x83, 0x01, 0x12, 0x31, 0x2f, 0x64, 0x66, 0x5f, 0x67, 0x72, 0x75, 0x2f,
    0x6c, 0x69, 0x6e, 0x65, 0x61, 0x72, 0x5f, 0x69, 0x6e, 0x2f, 0x6c, 0x69, 0x6e, 0x65, 0x61, 0x72,
    0x5f, 0x69, 0x6e, 0x2e, 0x30, 0x2f, 0x43, 0x6f, 0x6e, 0x73, 0x74, 0x61, 0x6e, 0x74, 0x5f, 0x33,
    0x5f, 0x6f, 0x75, 0x74, 0x70, 0x75, 0x74, 0x5f, 0x30, 0x1a, 0x28, 0x2f, 0x64, 0x66, 0x5f, 0x67,
    0x72, 0x75, 0x2f, 0x6c, 0x69, 0x6e, 0x65, 0x61, 0x72, 0x5f, 0x69, 0x6e, 0x2f, 0x6c, 0x69, 0x6e,
    0x65, 0x61, 0x72, 0x5f, 0x69, 0x6e, 0x2e, 0x30, 0x2f, 0x43, 0x6f, 0x6e, 0x73, 0x74, 0x61, 0x6e,
    0x74, 0x5f, 0x33, 0x22, 0x08, 0x43, 0x6f, 0x6e, 0x73, 0x74, 0x61, 0x6e, 0x74, 0x2a, 0x1a, 0x0a,
    0x05, 0x76, 0x61, 0x6c, 0x75, 0x65, 0x2a, 0x0e, 0x08, 0x01, 0x10, 0x07, 0x4a, 0x08, 0x00, 0x00,
    0x00, 0x00, 0x00, 0x00, 0x00, 0x00, 0xa0, 0x01, 0x04, 0x0a, 0x83, 0x01, 0x12, 0x31, 0x2f, 0x64,
    0x66, 0x5f, 0x67, 0x72, 0x75, 0x2f, 0x6c, 0x69, 0x6e, 0x65, 0x61, 0x72, 0x5f, 0x69, 0x6e, 0x2f,
    0x6c, 0x69, 0x6e, 0x65, 0x61, 0x72, 0x5f, 0x69, 0x6e, 0x2e, 0x30, 0x2f, 0x43, 0x6f, 0x6e, 0x73,
    0x74, 0x61, 0x6e, 0x74, 0x5f, 0x34, 0x5f, 0x6f, 0x75, 0x74, 0x70, 0x75, 0x74, 0x5f, 0x30, 0x1a,
    0x28, 0x2f, 0x64, 0x66, 0x5f, 0x67, 0x72, 0x75, 0x2f, 0x6c, 0x69, 0x6e, 0x65, 0x61, 0x72, 0x5f,
    0x69, 0x6e, 0x2f, 0x6c, 0x69, 0x6e, 0x65, 0x61, 0x72, 0x5f, 0x69, 0x6e, 0x2e, 0x30, 0x2f, 0x43,
    0x6f, 0x6e, 0x73, 0x74, 0x61, 0x6e, 0x74, 0x5f, 0x34, 0x22, 0x08, 0x43, 0x6f, 0x6e, 0x73, 0x74,
    0x61, 0x6e, 0x74, 0x2a, 0x1a, 0x0a, 0x05, 0x76, 0x61, 0x6c, 0x75, 0x65, 0x2a, 0x0e, 0x08, 0x01,
    0x10, 0x07, 0x4a, 0x08, 0x02, 0x00, 0x00, 0x00, 0x00, 0x00, 0x00, 0x00, 0xa0, 0x01, 0x04, 0x0a,
    0xa1, 0x02, 0x0a, 0x2c, 0x2f, 0x64, 0x66, 0x5f, 0x67, 0x72, 0x75, 0x2f, 0x6c, 0x69, 0x6e, 0x65,
    0x61, 0x72, 0x5f, 0x69, 0x6e, 0x2f, 0x6c, 0x69, 0x6e, 0x65, 0x61, 0x72, 0x5f, 0x69, 0x6e, 0x2e,
    0x30, 0x2f, 0x53, 0x68, 0x61, 0x70, 0x65, 0x5f, 0x6f, 0x75, 0x74, 0x70, 0x75, 0x74, 0x5f, 0x30,
    0x0a, 0x31, 0x2f, 0x64, 0x66, 0x5f, 0x67, 0x72, 0x75, 0x2f, 0x6c, 0x69, 0x6e, 0x65, 0x61, 0x72,
    0x5f, 0x69, 0x6e, 0x2f, 0x6c, 0x69, 0x6e, 0x65, 0x61, 0x72, 0x5f, 0x69, 0x6e, 0x2e, 0x30, 0x2f,
    0x43, 0x6f, 0x6e, 0x73, 0x74, 0x61, 0x6e, 0x74, 0x5f, 0x33, 0x5f, 0x6f, 0x75, 0x74, 0x70, 0x75,
    0x74, 0x5f, 0x30, 0x0a, 0x31, 0x2f, 0x64, 0x66, 0x5f, 0x67, 0x72, 0x75, 0x2f, 0x6c, 0x69, 0x6e,
    0x65, 0x61, 0x72, 0x5f, 0x69, 0x6e, 0x2f, 0x6c, 0x69, 0x6e, 0x65, 0x61, 0x72, 0x5f, 0x69, 0x6e,
    0x2e, 0x30, 0x2f, 0x43, 0x6f, 0x6e, 0x73, 0x74, 0x61, 0x6e, 0x74, 0x5f, 0x34, 0x5f, 0x6f, 0x75,
    0x74, 0x70, 0x75, 0x74, 0x5f, 0x30, 0x0a, 0x31, 0x2f, 0x64, 0x66, 0x5f, 0x67, 0x72, 0x75, 0x2f,
    0x6c, 0x69, 0x6e, 0x65, 0x61, 0x72, 0x5f, 0x69, 0x6e, 0x2f, 0x6c, 0x69, 0x6e, 0x65, 0x61, 0x72,
    0x5f, 0x69, 0x6e, 0x2e, 0x30, 0x2f, 0x43, 0x6f, 0x6e, 0x73, 0x74, 0x61, 0x6e, 0x74, 0x5f, 0x32,
    0x5f, 0x6f, 0x75, 0x74, 0x70, 0x75, 0x74, 0x5f, 0x30, 0x12, 0x2c, 0x2f, 0x64, 0x66, 0x5f, 0x67,
    0x72, 0x75, 0x2f, 0x6c, 0x69, 0x6e, 0x65, 0x61, 0x72, 0x5f, 0x69, 0x6e, 0x2f, 0x6c, 0x69, 0x6e,
    0x65, 0x61, 0x72, 0x5f, 0x69, 0x6e, 0x2e, 0x30, 0x2f, 0x53, 0x6c, 0x69, 0x63, 0x65, 0x5f, 0x6f,
    0x75, 0x74, 0x70, 0x75, 0x74, 0x5f, 0x30, 0x1a, 0x23, 0x2f, 0x64, 0x66, 0x5f, 0x67, 0x72, 0x75,
    0x2f, 0x6c, 0x69, 0x6e, 0x65, 0x61, 0x72, 0x5f, 0x69, 0x6e, 0x2f, 0x6c, 0x69, 0x6e, 0x65, 0x61,
    0x72, 0x5f, 0x69, 0x6e, 0x2e, 0x30, 0x2f, 0x53, 0x6c, 0x69, 0x63, 0x65, 0x22, 0x05, 0x53, 0x6c,
    0x69, 0x63, 0x65, 0x0a, 0x83, 0x01, 0x12, 0x31, 0x2f, 0x64, 0x66, 0x5f, 0x67, 0x72, 0x75, 0x2f,
    0x6c, 0x69, 0x6e, 0x65, 0x61, 0x72, 0x5f, 0x69, 0x6e, 0x2f, 0x6c, 0x69, 0x6e, 0x65, 0x61, 0x72,
    0x5f, 0x69, 0x6e, 0x2e, 0x30, 0x2f, 0x43, 0x6f, 0x6e, 0x73, 0x74, 0x61, 0x6e, 0x74, 0x5f, 0x35,
    0x5f, 0x6f, 0x75, 0x74, 0x70, 0x75, 0x74, 0x5f, 0x30, 0x1a, 0x28, 0x2f, 0x64, 0x66, 0x5f, 0x67,
    0x72, 0x75, 0x2f, 0x6c, 0x69, 0x6e, 0x65, 0x61, 0x72, 0x5f, 0x69, 0x6e, 0x2f, 0x6c, 0x69, 0x6e,
    0x65, 0x61, 0x72, 0x5f, 0x69, 0x6e, 0x2e, 0x30, 0x2f, 0x43, 0x6f, 0x6e, 0x73, 0x74, 0x61, 0x6e,
    0x74, 0x5f, 0x35, 0x22, 0x08, 0x43, 0x6f, 0x6e, 0x73, 0x74, 0x61, 0x6e, 0x74, 0x2a, 0x1a, 0x0a,
    0x05, 0x76, 0x61, 0x6c, 0x75, 0x65, 0x2a, 0x0e, 0x08, 0x01, 0x10, 0x07, 0x4a, 0x08, 0xff, 0xff,
    0xff, 0xff, 0xff, 0xff, 0xff, 0xff, 0xa0, 0x01, 0x04, 0x0a, 0xcf, 0x01, 0x0a, 0x2c, 0x2f, 0x64,
    0x66, 0x5f, 0x67, 0x72, 0x75, 0x2f, 0x6c, 0x69, 0x6e, 0x65, 0x61, 0x72, 0x5f, 0x69, 0x6e, 0x2f,
    0x6c, 0x69, 0x6e, 0x65, 0x61, 0x72, 0x5f, 0x69, 0x6e, 0x2e, 0x30, 0x2f, 0x53, 0x6c, 0x69, 0x63,
    0x65, 0x5f, 0x6f, 0x75, 0x74, 0x70, 0x75, 0x74, 0x5f, 0x30, 0x0a, 0x31, 0x2f, 0x64, 0x66, 0x5f,
    0x67, 0x72, 0x75, 0x2f, 0x6c, 0x69, 0x6e, 0x65, 0x61, 0x72, 0x5f, 0x69, 0x6e, 0x2f, 0x6c, 0x69,
    0x6e, 0x65, 0x61, 0x72, 0x5f, 0x69, 0x6e, 0x2e, 0x30, 0x2f, 0x43, 0x6f, 0x6e, 0x73, 0x74, 0x61,
    0x6e, 0x74, 0x5f, 0x35, 0x5f, 0x6f, 0x75, 0x74, 0x70, 0x75, 0x74, 0x5f, 0x30, 0x12, 0x2f, 0x2f,
    0x64, 0x66, 0x5f, 0x67, 0x72, 0x75, 0x2f, 0x6c, 0x69, 0x6e, 0x65, 0x61, 0x72, 0x5f, 0x69, 0x6e,
    0x2f, 0x6c, 0x69, 0x6e, 0x65, 0x61, 0x72, 0x5f, 0x69, 0x6e, 0x2e, 0x30, 0x2f, 0x43, 0x6f, 0x6e,
    0x63, 0x61, 0x74, 0x5f, 0x31, 0x5f, 0x6f, 0x75, 0x74, 0x70, 0x75, 0x74, 0x5f, 0x30, 0x1a, 0x26,
    0x2f, 0x64, 0x66, 0x5f, 0x67, 0x72, 0x75, 0x2f, 0x6c, 0x69, 0x6e, 0x65, 0x61, 0x72, 0x5f, 0x69,
    0x6e, 0x2f, 0x6c, 0x69, 0x6e, 0x65, 0x61, 0x72, 0x5f, 0x69, 0x6e, 0x2e, 0x30, 0x2f, 0x43, 0x6f,
    0x6e, 0x63, 0x61, 0x74, 0x5f, 0x31, 0x22, 0x06, 0x43, 0x6f, 0x6e, 0x63, 0x61, 0x74, 0x2a, 0x0b,
    0x0a, 0x04, 0x61, 0x78, 0x69, 0x73, 0x18, 0x00, 0xa0, 0x01, 0x02, 0x0a, 0xc4, 0x01, 0x0a, 0x2d,
    0x2f, 0x64, 0x66, 0x5f, 0x67, 0x72, 0x75, 0x2f, 0x6c, 0x69, 0x6e, 0x65, 0x61, 0x72, 0x5f, 0x69,
    0x6e, 0x2f, 0x6c, 0x69, 0x6e, 0x65, 0x61, 0x72, 0x5f, 0x69, 0x6e, 0x2e, 0x30, 0x2f, 0x45, 0x69,
    0x6e, 0x73, 0x75, 0x6d, 0x5f, 0x6f, 0x75, 0x74, 0x70, 0x75, 0x74, 0x5f, 0x30, 0x0a, 0x2f, 0x2f,
    0x64, 0x66, 0x5f, 0x67, 0x72, 0x75, 0x2f, 0x6c, 0x69, 0x6e, 0x65, 0x61, 0x72, 0x5f, 0x69, 0x6e,
    0x2f, 0x6c, 0x69, 0x6e, 0x65, 0x61, 0x72, 0x5f, 0x69, 0x6e, 0x2e, 0x30, 0x2f, 0x43, 0x6f, 0x6e,
    0x63, 0x61, 0x74, 0x5f, 0x31, 0x5f, 0x6f, 0x75, 0x74, 0x70, 0x75, 0x74, 0x5f, 0x30, 0x12, 0x30,
    0x2f, 0x64, 0x66, 0x5f, 0x67, 0x72, 0x75, 0x2f, 0x6c, 0x69, 0x6e, 0x65, 0x61, 0x72, 0x5f, 0x69,
    0x6e, 0x2f, 0x6c, 0x69, 0x6e, 0x65, 0x61, 0x72, 0x5f, 0x69, 0x6e, 0x2e, 0x30, 0x2f, 0x52, 0x65,
    0x73, 0x68, 0x61, 0x70, 0x65, 0x5f, 0x31, 0x5f, 0x6f, 0x75, 0x74, 0x70, 0x75, 0x74, 0x5f, 0x30,
    0x1a, 0x27, 0x2f, 0x64, 0x66, 0x5f, 0x67, 0x72, 0x75, 0x2f, 0x6c, 0x69, 0x6e, 0x65, 0x61, 0x72,
    0x5f, 0x69, 0x6e, 0x2f, 0x6c, 0x69, 0x6e, 0x65, 0x61, 0x72, 0x5f, 0x69, 0x6e, 0x2e, 0x30, 0x2f,
    0x52, 0x65, 0x73, 0x68, 0x61, 0x70, 0x65, 0x5f, 0x31, 0x22, 0x07, 0x52, 0x65, 0x73, 0x68, 0x61,
    0x70, 0x65, 0x0a, 0x89, 0x01, 0x0a, 0x30, 0x2f, 0x64, 0x66, 0x5f, 0x67, 0x72, 0x75, 0x2f, 0x6c,
    0x69, 0x6e, 0x65, 0x61, 0x72, 0x5f, 0x69, 0x6e, 0x2f, 0x6c, 0x69, 0x6e, 0x65, 0x61, 0x72, 0x5f,
    0x69, 0x6e, 0x2e, 0x30, 0x2f, 0x52, 0x65, 0x73, 0x68, 0x61, 0x70, 0x65, 0x5f, 0x31, 0x5f, 0x6f,
    0x75, 0x74, 0x70, 0x75, 0x74, 0x5f, 0x30, 0x12, 0x2b, 0x2f, 0x64, 0x66, 0x5f, 0x67, 0x72, 0x75,
    0x2f, 0x6c, 0x69, 0x6e, 0x65, 0x61, 0x72, 0x5f, 0x69, 0x6e, 0x2f, 0x6c, 0x69, 0x6e, 0x65, 0x61,
    0x72, 0x5f, 0x69, 0x6e, 0x2e, 0x31, 0x2f, 0x52, 0x65, 0x6c, 0x75, 0x5f, 0x6f, 0x75, 0x74, 0x70,
    0x75, 0x74, 0x5f, 0x30, 0x1a, 0x22, 0x2f, 0x64, 0x66, 0x5f, 0x67, 0x72, 0x75, 0x2f, 0x6c, 0x69,
    0x6e, 0x65, 0x61, 0x72, 0x5f, 0x69, 0x6e, 0x2f, 0x6c, 0x69, 0x6e, 0x65, 0x61, 0x72, 0x5f, 0x69,
    0x6e, 0x2e, 0x31, 0x2f, 0x52, 0x65, 0x6c, 0x75, 0x22, 0x04, 0x52, 0x65, 0x6c, 0x75, 0x0a, 0x80,
    0x01, 0x0a, 0x2b, 0x2f, 0x64, 0x66, 0x5f, 0x67, 0x72, 0x75, 0x2f, 0x6c, 0x69, 0x6e, 0x65, 0x61,
    0x72, 0x5f, 0x69, 0x6e, 0x2f, 0x6c, 0x69, 0x6e, 0x65, 0x61, 0x72, 0x5f, 0x69, 0x6e, 0x2e, 0x31,
    0x2f, 0x52, 0x65, 0x6c, 0x75, 0x5f, 0x6f, 0x75, 0x74, 0x70, 0x75, 0x74, 0x5f, 0x30, 0x12, 0x1e,
    0x2f, 0x64, 0x66, 0x5f, 0x67, 0x72, 0x75, 0x2f, 0x67, 0x72, 0x75, 0x2f, 0x54, 0x72, 0x61, 0x6e,
    0x73, 0x70, 0x6f, 0x73, 0x65, 0x5f, 0x6f, 0x75, 0x74, 0x70, 0x75, 0x74, 0x5f, 0x30, 0x1a, 0x15,
    0x2f, 0x64, 0x66, 0x5f, 0x67, 0x72, 0x75, 0x2f, 0x67, 0x72, 0x75, 0x2f, 0x54, 0x72, 0x61, 0x6e,
    0x73, 0x70, 0x6f, 0x73, 0x65, 0x22, 0x09, 0x54, 0x72, 0x61, 0x6e, 0x73, 0x70, 0x6f, 0x73, 0x65,
    0x2a, 0x0f, 0x0a, 0x04, 0x70, 0x65, 0x72, 0x6d, 0x40, 0x01, 0x40, 0x00, 0x40, 0x02, 0xa0, 0x01,
    0x07, 0x0a, 0xce, 0x01, 0x0a, 0x1e, 0x2f, 0x64, 0x66, 0x5f, 0x67, 0x72, 0x75, 0x2f, 0x67, 0x72,
    0x75, 0x2f, 0x54, 0x72, 0x61, 0x6e, 0x73, 0x70, 0x6f, 0x73, 0x65, 0x5f, 0x6f, 0x75, 0x74, 0x70,
    0x75, 0x74, 0x5f, 0x30, 0x0a, 0x0d, 0x6f, 0x6e, 0x6e, 0x78, 0x3a, 0x3a, 0x47, 0x52, 0x55, 0x5f,
    0x32, 0x39, 0x31, 0x0a, 0x0d, 0x6f, 0x6e, 0x6e, 0x78, 0x3a, 0x3a, 0x47, 0x52, 0x55, 0x5f, 0x32,
    0x39, 0x32, 0x0a, 0x0d, 0x6f, 0x6e, 0x6e, 0x78, 0x3a, 0x3a, 0x47, 0x52, 0x55, 0x5f, 0x32, 0x39,
    0x33, 0x0a, 0x00, 0x0a, 0x02, 0x68, 0x30, 0x12, 0x18, 0x2f, 0x64, 0x66, 0x5f, 0x67, 0x72, 0x75,
    0x2f, 0x67, 0x72, 0x75, 0x2f, 0x47, 0x52, 0x55, 0x5f, 0x6f, 0x75, 0x74, 0x70, 0x75, 0x74, 0x5f,
    0x30, 0x12, 0x18, 0x2f, 0x64, 0x66, 0x5f, 0x67, 0x72, 0x75, 0x2f, 0x67, 0x72, 0x75, 0x2f, 0x47,
    0x52, 0x55, 0x5f, 0x6f, 0x75, 0x74, 0x70, 0x75, 0x74, 0x5f, 0x31, 0x1a, 0x0f, 0x2f, 0x64, 0x66,
    0x5f, 0x67, 0x72, 0x75, 0x2f, 0x67, 0x72, 0x75, 0x2f, 0x47, 0x52, 0x55, 0x22, 0x03, 0x47, 0x52,
    0x55, 0x2a, 0x13, 0x0a, 0x0b, 0x68, 0x69, 0x64, 0x64, 0x65, 0x6e, 0x5f, 0x73, 0x69, 0x7a, 0x65,
    0x18, 0x80, 0x02, 0xa0, 0x01, 0x02, 0x2a, 0x1a, 0x0a, 0x13, 0x6c, 0x69, 0x6e, 0x65, 0x61, 0x72,
    0x5f, 0x62, 0x65, 0x66, 0x6f, 0x72, 0x65, 0x5f, 0x72, 0x65, 0x73, 0x65, 0x74, 0x18, 0x01, 0xa0,
    0x01, 0x02, 0x0a, 0x63, 0x0a, 0x18, 0x2f, 0x64, 0x66, 0x5f, 0x67, 0x72, 0x75, 0x2f, 0x67, 0x72,
    0x75, 0x2f, 0x47, 0x52, 0x55, 0x5f, 0x6f, 0x75, 0x74, 0x70, 0x75, 0x74, 0x5f, 0x30, 0x12, 0x1c,
    0x2f, 0x64, 0x66, 0x5f, 0x67, 0x72, 0x75, 0x2f, 0x67, 0x72, 0x75, 0x2f, 0x53, 0x71, 0x75, 0x65,
    0x65, 0x7a, 0x65, 0x5f, 0x6f, 0x75, 0x74, 0x70, 0x75, 0x74, 0x5f, 0x30, 0x1a, 0x13, 0x2f, 0x64,
    0x66, 0x5f, 0x67, 0x72, 0x75, 0x2f, 0x67, 0x72, 0x75, 0x2f, 0x53, 0x71, 0x75, 0x65, 0x65, 0x7a,
    0x65, 0x22, 0x07, 0x53, 0x71, 0x75, 0x65, 0x65, 0x7a, 0x65, 0x2a, 0x0b, 0x0a, 0x04, 0x61, 0x78,
    0x65, 0x73, 0x40, 0x01, 0xa0, 0x01, 0x07, 0x0a, 0xd2, 0x01, 0x0a, 0x1c, 0x2f, 0x64, 0x66, 0x5f,
    0x67, 0x72, 0x75, 0x2f, 0x67, 0x72, 0x75, 0x2f, 0x53, 0x71, 0x75, 0x65, 0x65, 0x7a, 0x65, 0x5f,
    0x6f, 0x75, 0x74, 0x70, 0x75, 0x74, 0x5f, 0x30, 0x0a, 0x0d, 0x6f, 0x6e, 0x6e, 0x78, 0x3a, 0x3a,
    0x47, 0x52, 0x55, 0x5f, 0x33, 0x31, 0x31, 0x0a, 0x0d, 0x6f, 0x6e, 0x6e, 0x78, 0x3a, 0x3a, 0x47,
    0x52, 0x55, 0x5f, 0x33, 0x31, 0x32, 0x0a, 0x0d, 0x6f, 0x6e, 0x6e, 0x78, 0x3a, 0x3a, 0x47, 0x52,
    0x55, 0x5f, 0x33, 0x31, 0x33, 0x0a, 0x00, 0x0a, 0x02, 0x68, 0x31, 0x12, 0x1a, 0x2f, 0x64, 0x66,
    0x5f, 0x67, 0x72, 0x75, 0x2f, 0x67, 0x72, 0x75, 0x2f, 0x47, 0x52, 0x55, 0x5f, 0x31, 0x5f, 0x6f,
    0x75, 0x74, 0x70, 0x75, 0x74, 0x5f, 0x30, 0x12, 0x1a, 0x2f, 0x64, 0x66, 0x5f, 0x67, 0x72, 0x75,
    0x2f, 0x67, 0x72, 0x75, 0x2f, 0x47, 0x52, 0x55, 0x5f, 0x31, 0x5f, 0x6f, 0x75, 0x74, 0x70, 0x75,
    0x74, 0x5f, 0x31, 0x1a, 0x11, 0x2f, 0x64, 0x66, 0x5f, 0x67, 0x72, 0x75, 0x2f, 0x67, 0x72, 0x75,
    0x2f, 0x47, 0x52, 0x55, 0x5f, 0x31, 0x22, 0x03, 0x47, 0x52, 0x55, 0x2a, 0x13, 0x0a, 0x0b, 0x68,
    0x69, 0x64, 0x64, 0x65, 0x6e, 0x5f, 0x73, 0x69, 0x7a, 0x65, 0x18, 0x80, 0x02, 0xa0, 0x01, 0x02,
    0x2a, 0x1a, 0x0a, 0x13, 0x6c, 0x69, 0x6e, 0x65, 0x61, 0x72, 0x5f, 0x62, 0x65, 0x66, 0x6f, 0x72,
    0x65, 0x5f, 0x72, 0x65, 0x73, 0x65, 0x74, 0x18, 0x01, 0xa0, 0x01, 0x02, 0x0a, 0x69, 0x0a, 0x1a,
    0x2f, 0x64, 0x66, 0x5f, 0x67, 0x72, 0x75, 0x2f, 0x67, 0x72, 0x75, 0x2f, 0x47, 0x52, 0x55, 0x5f,
    0x31, 0x5f, 0x6f, 0x75, 0x74, 0x70, 0x75, 0x74, 0x5f, 0x30, 0x12, 0x1e, 0x2f, 0x64, 0x66, 0x5f,
    0x67, 0x72, 0x75, 0x2f, 0x67, 0x72, 0x75, 0x2f, 0x53, 0x71, 0x75, 0x65, 0x65, 0x7a, 0x65, 0x5f,
    0x31, 0x5f, 0x6f, 0x75, 0x74, 0x70, 0x75, 0x74, 0x5f, 0x30, 0x1a, 0x15, 0x2f, 0x64, 0x66, 0x5f,
    0x67, 0x72, 0x75, 0x2f, 0x67, 0x72, 0x75, 0x2f, 0x53, 0x71, 0x75, 0x65, 0x65, 0x7a, 0x65, 0x5f,
    0x31, 0x22, 0x07, 0x53, 0x71, 0x75, 0x65, 0x65, 0x7a, 0x65, 0x2a, 0x0b, 0x0a, 0x04, 0x61, 0x78,
    0x65, 0x73, 0x40, 0x01, 0xa0, 0x01, 0x07, 0x0a, 0x77, 0x0a, 0x1e, 0x2f, 0x64, 0x66, 0x5f, 0x67,
    0x72, 0x75, 0x2f, 0x67, 0x72, 0x75, 0x2f, 0x53, 0x71, 0x75, 0x65, 0x65, 0x7a, 0x65, 0x5f, 0x31,
    0x5f, 0x6f, 0x75, 0x74, 0x70, 0x75, 0x74, 0x5f, 0x30, 0x12, 0x20, 0x2f, 0x64, 0x66, 0x5f, 0x67,
    0x72, 0x75, 0x2f, 0x67, 0x72, 0x75, 0x2f, 0x54, 0x72, 0x61, 0x6e, 0x73, 0x70, 0x6f, 0x73, 0x65,
    0x5f, 0x31, 0x5f, 0x6f, 0x75, 0x74, 0x70, 0x75, 0x74, 0x5f, 0x30, 0x1a, 0x17, 0x2f, 0x64, 0x66,
    0x5f, 0x67, 0x72, 0x75, 0x2f, 0x67, 0x72, 0x75, 0x2f, 0x54, 0x72, 0x61, 0x6e, 0x73, 0x70, 0x6f,
    0x73, 0x65, 0x5f, 0x31, 0x22, 0x09, 0x54, 0x72, 0x61, 0x6e, 0x73, 0x70, 0x6f, 0x73, 0x65, 0x2a,
    0x0f, 0x0a, 0x04, 0x70, 0x65, 0x72, 0x6d, 0x40, 0x01, 0x40, 0x00, 0x40, 0x02, 0xa0, 0x01, 0x07,
    0x0a, 0x5b, 0x0a, 0x10, 0x2f, 0x47, 0x61, 0x74, 0x68, 0x65, 0x72, 0x5f, 0x6f, 0x75, 0x74, 0x70,
    0x75, 0x74, 0x5f, 0x30, 0x12, 0x1b, 0x2f, 0x64, 0x66, 0x5f, 0x73, 0x6b, 0x69, 0x70, 0x2f, 0x55,
    0x6e, 0x73, 0x71, 0x75, 0x65, 0x65, 0x7a, 0x65, 0x5f, 0x6f, 0x75, 0x74, 0x70, 0x75, 0x74, 0x5f,
    0x30, 0x1a, 0x12, 0x2f, 0x64, 0x66, 0x5f, 0x73, 0x6b, 0x69, 0x70, 0x2f, 0x55, 0x6e, 0x73, 0x71,
    0x75, 0x65, 0x65, 0x7a, 0x65, 0x22, 0x09, 0x55, 0x6e, 0x73, 0x71, 0x75, 0x65, 0x65, 0x7a, 0x65,
    0x2a, 0x0b, 0x0a, 0x04, 0x61, 0x78, 0x65, 0x73, 0x40, 0x00, 0xa0, 0x01, 0x07, 0x0a, 0x61, 0x0a,
    0x12, 0x2f, 0x47, 0x61, 0x74, 0x68, 0x65, 0x72, 0x5f, 0x31, 0x5f, 0x6f, 0x75, 0x74, 0x70, 0x75,
    0x74, 0x5f, 0x30, 0x12, 0x1d, 0x2f, 0x64, 0x66, 0x5f, 0x73, 0x6b, 0x69, 0x70, 0x2f, 0x55, 0x6e,
    0x73, 0x71, 0x75, 0x65, 0x65, 0x7a, 0x65, 0x5f, 0x31, 0x5f, 0x6f, 0x75, 0x74, 0x70, 0x75, 0x74,
    0x5f, 0x30, 0x1a, 0x14, 0x2f, 0x64, 0x66, 0x5f, 0x73, 0x6b, 0x69, 0x70, 0x2f, 0x55, 0x6e, 0x73,
    0x71, 0x75, 0x65, 0x65, 0x7a, 0x65, 0x5f, 0x31, 0x22, 0x09, 0x55, 0x6e, 0x73, 0x71, 0x75, 0x65,
    0x65, 0x7a, 0x65, 0x2a, 0x0b, 0x0a, 0x04, 0x61, 0x78, 0x65, 0x73, 0x40, 0x00, 0xa0, 0x01, 0x07,
    0x0a, 0x55, 0x12, 0x1a, 0x2f, 0x64, 0x66, 0x5f, 0x73, 0x6b, 0x69, 0x70, 0x2f, 0x43, 0x6f, 0x6e,
    0x73, 0x74, 0x61, 0x6e, 0x74, 0x5f, 0x6f, 0x75, 0x74, 0x70, 0x75, 0x74, 0x5f, 0x30, 0x1a, 0x11,
    0x2f, 0x64, 0x66, 0x5f, 0x73, 0x6b, 0x69, 0x70, 0x2f, 0x43, 0x6f, 0x6e, 0x73, 0x74, 0x61, 0x6e,
    0x74, 0x22, 0x08, 0x43, 0x6f, 0x6e, 0x73, 0x74, 0x61, 0x6e, 0x74, 0x2a, 0x1a, 0x0a, 0x05, 0x76,
    0x61, 0x6c, 0x75, 0x65, 0x2a, 0x0e, 0x08, 0x01, 0x10, 0x07, 0x4a, 0x08, 0x10, 0x00, 0x00, 0x00,
    0x00, 0x00, 0x00, 0x00, 0xa0, 0x01, 0x04, 0x0a, 0x59, 0x12, 0x1c, 0x2f, 0x64, 0x66, 0x5f, 0x73,
    0x6b, 0x69, 0x70, 0x2f, 0x43, 0x6f, 0x6e, 0x73, 0x74, 0x61, 0x6e, 0x74, 0x5f, 0x31, 0x5f, 0x6f,
    0x75, 0x74, 0x70, 0x75, 0x74, 0x5f, 0x30, 0x1a, 0x13, 0x2f, 0x64, 0x66, 0x5f, 0x73, 0x6b, 0x69,
    0x70, 0x2f, 0x43, 0x6f, 0x6e, 0x73, 0x74, 0x61, 0x6e, 0x74, 0x5f, 0x31, 0x22, 0x08, 0x43, 0x6f,
    0x6e, 0x73, 0x74, 0x61, 0x6e, 0x74, 0x2a, 0x1a, 0x0a, 0x05, 0x76, 0x61, 0x6c, 0x75, 0x65, 0x2a,
    0x0e, 0x08, 0x01, 0x10, 0x07, 0x4a, 0x08, 0x20, 0x00, 0x00, 0x00, 0x00, 0x00, 0x00, 0x00, 0xa0,
    0x01, 0x04, 0x0a, 0xb6, 0x01, 0x0a, 0x1b, 0x2f, 0x64, 0x66, 0x5f, 0x73, 0x6b, 0x69, 0x70, 0x2f,
    0x55, 0x6e, 0x73, 0x71, 0x75, 0x65, 0x65, 0x7a, 0x65, 0x5f, 0x6f, 0x75, 0x74, 0x70, 0x75, 0x74,
    0x5f, 0x30, 0x0a, 0x1d, 0x2f, 0x64, 0x66, 0x5f, 0x73, 0x6b, 0x69, 0x70, 0x2f, 0x55, 0x6e, 0x73,
    0x71, 0x75, 0x65, 0x65, 0x7a, 0x65, 0x5f, 0x31, 0x5f, 0x6f, 0x75, 0x74, 0x70, 0x75, 0x74, 0x5f,
    0x30, 0x0a, 0x1a, 0x2f, 0x64, 0x66, 0x5f, 0x73, 0x6b, 0x69, 0x70, 0x2f, 0x43, 0x6f, 0x6e, 0x73,
    0x74, 0x61, 0x6e, 0x74, 0x5f, 0x6f, 0x75, 0x74, 0x70, 0x75, 0x74, 0x5f, 0x30, 0x0a, 0x1c, 0x2f,
    0x64, 0x66, 0x5f, 0x73, 0x6b, 0x69, 0x70, 0x2f, 0x43, 0x6f, 0x6e, 0x73, 0x74, 0x61, 0x6e, 0x74,
    0x5f, 0x31, 0x5f, 0x6f, 0x75, 0x74, 0x70, 0x75, 0x74, 0x5f, 0x30, 0x12, 0x18, 0x2f, 0x64, 0x66,
    0x5f, 0x73, 0x6b, 0x69, 0x70, 0x2f, 0x43, 0x6f, 0x6e, 0x63, 0x61, 0x74, 0x5f, 0x6f, 0x75, 0x74,
    0x70, 0x75, 0x74, 0x5f, 0x30, 0x1a, 0x0f, 0x2f, 0x64, 0x66, 0x5f, 0x73, 0x6b, 0x69, 0x70, 0x2f,
    0x43, 0x6f, 0x6e, 0x63, 0x61, 0x74, 0x22, 0x06, 0x43, 0x6f, 0x6e, 0x63, 0x61, 0x74, 0x2a, 0x0b,
    0x0a, 0x04, 0x61, 0x78, 0x69, 0x73, 0x18, 0x00, 0xa0, 0x01, 0x02, 0x0a, 0x55, 0x0a, 0x03, 0x65,
    0x6d, 0x62, 0x0a, 0x18, 0x2f, 0x64, 0x66, 0x5f, 0x73, 0x6b, 0x69, 0x70, 0x2f, 0x43, 0x6f, 0x6e,
    0x63, 0x61, 0x74, 0x5f, 0x6f, 0x75, 0x74, 0x70, 0x75, 0x74, 0x5f, 0x30, 0x12, 0x19, 0x2f, 0x64,
    0x66, 0x5f, 0x73, 0x6b, 0x69, 0x70, 0x2f, 0x52, 0x65, 0x73, 0x68, 0x61, 0x70, 0x65, 0x5f, 0x6f,
    0x75, 0x74, 0x70, 0x75, 0x74, 0x5f, 0x30, 0x1a, 0x10, 0x2f, 0x64, 0x66, 0x5f, 0x73, 0x6b, 0x69,
    0x70, 0x2f, 0x52, 0x65, 0x73, 0x68, 0x61, 0x70, 0x65, 0x22, 0x07, 0x52, 0x65, 0x73, 0x68, 0x61,
    0x70, 0x65, 0x0a, 0x7d, 0x0a, 0x19, 0x2f, 0x64, 0x66, 0x5f, 0x73, 0x6b, 0x69, 0x70, 0x2f, 0x52,
    0x65, 0x73, 0x68, 0x61, 0x70, 0x65, 0x5f, 0x6f, 0x75, 0x74, 0x70, 0x75, 0x74, 0x5f, 0x30, 0x0a,
    0x0e, 0x64, 0x66, 0x5f, 0x73, 0x6b, 0x69, 0x70, 0x2e, 0x77, 0x65, 0x69, 0x67, 0x68, 0x74, 0x12,
    0x18, 0x2f, 0x64, 0x66, 0x5f, 0x73, 0x6b, 0x69, 0x70, 0x2f, 0x45, 0x69, 0x6e, 0x73, 0x75, 0x6d,
    0x5f, 0x6f, 0x75, 0x74, 0x70, 0x75, 0x74, 0x5f, 0x30, 0x1a, 0x0f, 0x2f, 0x64, 0x66, 0x5f, 0x73,
    0x6b, 0x69, 0x70, 0x2f, 0x45, 0x69, 0x6e, 0x73, 0x75, 0x6d, 0x22, 0x06, 0x45, 0x69, 0x6e, 0x73,
    0x75, 0x6d, 0x2a, 0x1d, 0x0a, 0x08, 0x65, 0x71, 0x75, 0x61, 0x74, 0x69, 0x6f, 0x6e, 0x22, 0x0e,
    0x62, 0x74, 0x67, 0x69, 0x2c, 0x67, 0x69, 0x68, 0x2d, 0x3e, 0x62, 0x74, 0x67, 0x68, 0xa0, 0x01,
    0x03, 0x0a, 0x4a, 0x0a, 0x18, 0x2f, 0x64, 0x66, 0x5f, 0x73, 0x6b, 0x69, 0x70, 0x2f, 0x45, 0x69,
    0x6e, 0x73, 0x75, 0x6d, 0x5f, 0x6f, 0x75, 0x74, 0x70, 0x75, 0x74, 0x5f, 0x30, 0x12, 0x17, 0x2f,
    0x64, 0x66, 0x5f, 0x73, 0x6b, 0x69, 0x70, 0x2f, 0x53, 0x68, 0x61, 0x70, 0x65, 0x5f, 0x6f, 0x75,
    0x74, 0x70, 0x75, 0x74, 0x5f, 0x30, 0x1a, 0x0e, 0x2f, 0x64, 0x66, 0x5f, 0x73, 0x6b, 0x69, 0x70,
    0x2f, 0x53, 0x68, 0x61, 0x70, 0x65, 0x22, 0x05, 0x53, 0x68, 0x61, 0x70, 0x65, 0x0a, 0x59, 0x12,
    0x1c, 0x2f, 0x64, 0x66, 0x5f, 0x73, 0x6b, 0x69, 0x70, 0x2f, 0x43, 0x6f, 0x6e, 0x73, 0x74, 0x61,
    0x6e, 0x74, 0x5f, 0x32, 0x5f, 0x6f, 0x75, 0x74, 0x70, 0x75, 0x74, 0x5f, 0x30, 0x1a, 0x13, 0x2f,
    0x64, 0x66, 0x5f, 0x73, 0x6b, 0x69, 0x70, 0x2f, 0x43, 0x6f, 0x6e, 0x73, 0x74, 0x61, 0x6e, 0x74,
    0x5f, 0x32, 0x22, 0x08, 0x43, 0x6f, 0x6e, 0x73, 0x74, 0x61, 0x6e, 0x74, 0x2a, 0x1a, 0x0a, 0x05,
    0x76, 0x61, 0x6c, 0x75, 0x65, 0x2a, 0x0e, 0x08, 0x01, 0x10, 0x07, 0x4a, 0x08, 0x00, 0x00, 0x00,
    0x00, 0x00, 0x00, 0x00, 0x00, 0xa0, 0x01, 0x04, 0x0a, 0x59, 0x12, 0x1c, 0x2f, 0x64, 0x66, 0x5f,
    0x73, 0x6b, 0x69, 0x70, 0x2f, 0x43, 0x6f, 0x6e, 0x73, 0x74, 0x61, 0x6e, 0x74, 0x5f, 0x33, 0x5f,
    0x6f, 0x75, 0x74, 0x70, 0x75, 0x74, 0x5f, 0x30, 0x1a, 0x13, 0x2f, 0x64, 0x66, 0x5f, 0x73, 0x6b,
    0x69, 0x70, 0x2f, 0x43, 0x6f, 0x6e, 0x73, 0x74, 0x61, 0x6e, 0x74, 0x5f, 0x33, 0x22, 0x08, 0x43,
    0x6f, 0x6e, 0x73, 0x74, 0x61, 0x6e, 0x74, 0x2a, 0x1a, 0x0a, 0x05, 0x76, 0x61, 0x6c, 0x75, 0x65,
    0x2a, 0x0e, 0x08, 0x01, 0x10, 0x07, 0x4a, 0x08, 0x00, 0x00, 0x00, 0x00, 0x00, 0x00, 0x00, 0x00,
    0xa0, 0x01, 0x04, 0x0a, 0x59, 0x12, 0x1c, 0x2f, 0x64, 0x66, 0x5f, 0x73, 0x6b, 0x69, 0x70, 0x2f,
    0x43, 0x6f, 0x6e, 0x73, 0x74, 0x61, 0x6e, 0x74, 0x5f, 0x34, 0x5f, 0x6f, 0x75, 0x74, 0x70, 0x75,
    0x74, 0x5f, 0x30, 0x1a, 0x13, 0x2f, 0x64, 0x66, 0x5f, 0x73, 0x6b, 0x69, 0x70, 0x2f, 0x43, 0x6f,
    0x6e, 0x73, 0x74, 0x61, 0x6e, 0x74, 0x5f, 0x34, 0x22, 0x08, 0x43, 0x6f, 0x6e, 0x73, 0x74, 0x61,
    0x6e, 0x74, 0x2a, 0x1a, 0x0a, 0x05, 0x76, 0x61, 0x6c, 0x75, 0x65, 0x2a, 0x0e, 0x08, 0x01, 0x10,
    0x07, 0x4a, 0x08, 0x02, 0x00, 0x00, 0x00, 0x00, 0x00, 0x00, 0x00, 0xa0, 0x01, 0x04, 0x0a, 0xa3,
    0x01, 0x0a, 0x17, 0x2f, 0x64, 0x66, 0x5f, 0x73, 0x6b, 0x69, 0x70, 0x2f, 0x53, 0x68, 0x61, 0x70,
    0x65, 0x5f, 0x6f, 0x75, 0x74, 0x70, 0x75, 0x74, 0x5f, 0x30, 0x0a, 0x1c, 0x2f, 0x64, 0x66, 0x5f,
    0x73, 0x6b, 0x69, 0x70, 0x2f, 0x43, 0x6f, 0x6e, 0x73, 0x74, 0x61, 0x6e, 0x74, 0x5f, 0x33, 0x5f,
    0x6f, 0x75, 0x74, 0x70, 0x75, 0x74, 0x5f, 0x30, 0x0a, 0x1c, 0x2f, 0x64, 0x66, 0x5f, 0x73, 0x6b,
    0x69, 0x70, 0x2f, 0x43, 0x6f, 0x6e, 0x73, 0x74, 0x61, 0x6e, 0x74, 0x5f, 0x34, 0x5f, 0x6f, 0x75,
    0x74, 0x70, 0x75, 0x74, 0x5f, 0x30, 0x0a, 0x1c, 0x2f, 0x64, 0x66, 0x5f, 0x73, 0x6b, 0x69, 0x70,
    0x2f, 0x43, 0x6f, 0x6e, 0x73, 0x74, 0x61, 0x6e, 0x74, 0x5f, 0x32, 0x5f, 0x6f, 0x75, 0x74, 0x70,
    0x75, 0x74, 0x5f, 0x30, 0x12, 0x17, 0x2f, 0x64, 0x66, 0x5f, 0x73, 0x6b, 0x69, 0x70, 0x2f, 0x53,
    0x6c, 0x69, 0x63, 0x65, 0x5f, 0x6f, 0x75, 0x74, 0x70, 0x75, 0x74, 0x5f, 0x30, 0x1a, 0x0e, 0x2f,
    0x64, 0x66, 0x5f, 0x73, 0x6b, 0x69, 0x70, 0x2f, 0x53, 0x6c, 0x69, 0x63, 0x65, 0x22, 0x05, 0x53,
    0x6c, 0x69, 0x63, 0x65, 0x0a, 0x59, 0x12, 0x1c, 0x2f, 0x64, 0x66, 0x5f, 0x73, 0x6b, 0x69, 0x70,
    0x2f, 0x43, 0x6f, 0x6e, 0x73, 0x74, 0x61, 0x6e, 0x74, 0x5f, 0x35, 0x5f, 0x6f, 0x75, 0x74, 0x70,
    0x75, 0x74, 0x5f, 0x30, 0x1a, 0x13, 0x2f, 0x64, 0x66, 0x5f, 0x73, 0x6b, 0x69, 0x70, 0x2f, 0x43,
    0x6f, 0x6e, 0x73, 0x74, 0x61, 0x6e, 0x74, 0x5f, 0x35, 0x22, 0x08, 0x43, 0x6f, 0x6e, 0x73, 0x74,
    0x61, 0x6e, 0x74, 0x2a, 0x1a, 0x0a, 0x05, 0x76, 0x61, 0x6c, 0x75, 0x65, 0x2a, 0x0e, 0x08, 0x01,
    0x10, 0x07, 0x4a, 0x08, 0xff, 0xff, 0xff, 0xff, 0xff, 0xff, 0xff, 0xff, 0xa0, 0x01, 0x04, 0x0a,
    0x7b, 0x0a, 0x17, 0x2f, 0x64, 0x66, 0x5f, 0x73, 0x6b, 0x69, 0x70, 0x2f, 0x53, 0x6c, 0x69, 0x63,
    0x65, 0x5f, 0x6f, 0x75, 0x74, 0x70, 0x75, 0x74, 0x5f, 0x30, 0x0a, 0x1c, 0x2f, 0x64, 0x66, 0x5f,
    0x73, 0x6b, 0x69, 0x70, 0x2f, 0x43, 0x6f, 0x6e, 0x73, 0x74, 0x61, 0x6e, 0x74, 0x5f, 0x35, 0x5f,
    0x6f, 0x75, 0x74, 0x70, 0x75, 0x74, 0x5f, 0x30, 0x12, 0x1a, 0x2f, 0x64, 0x66, 0x5f, 0x73, 0x6b,
    0x69, 0x70, 0x2f, 0x43, 0x6f, 0x6e, 0x63, 0x61, 0x74, 0x5f, 0x31, 0x5f, 0x6f, 0x75, 0x74, 0x70,
    0x75, 0x74, 0x5f, 0x30, 0x1a, 0x11, 0x2f, 0x64, 0x66, 0x5f, 0x73, 0x6b, 0x69, 0x70, 0x2f, 0x43,
    0x6f, 0x6e, 0x63, 0x61, 0x74, 0x5f, 0x31, 0x22, 0x06, 0x43, 0x6f, 0x6e, 0x63, 0x61, 0x74, 0x2a,
    0x0b, 0x0a, 0x04, 0x61, 0x78, 0x69, 0x73, 0x18, 0x00, 0xa0, 0x01, 0x02, 0x0a, 0x70, 0x0a, 0x18,
    0x2f, 0x64, 0x66, 0x5f, 0x73, 0x6b, 0x69, 0x70, 0x2f, 0x45, 0x69, 0x6e, 0x73, 0x75, 0x6d, 0x5f,
    0x6f, 0x75, 0x74, 0x70, 0x75, 0x74, 0x5f, 0x30, 0x0a, 0x1a, 0x2f, 0x64, 0x66, 0x5f, 0x73, 0x6b,
    0x69, 0x70, 0x2f, 0x43, 0x6f, 0x6e, 0x63, 0x61, 0x74, 0x5f, 0x31, 0x5f, 0x6f, 0x75, 0x74, 0x70,
    0x75, 0x74, 0x5f, 0x30, 0x12, 0x1b, 0x2f, 0x64, 0x66, 0x5f, 0x73, 0x6b, 0x69, 0x70, 0x2f, 0x52,
    0x65, 0x73, 0x68, 0x61, 0x70, 0x65, 0x5f, 0x31, 0x5f, 0x6f, 0x75, 0x74, 0x70, 0x75, 0x74, 0x5f,
    0x30, 0x1a, 0x12, 0x2f, 0x64, 0x66, 0x5f, 0x73, 0x6b, 0x69, 0x70, 0x2f, 0x52, 0x65, 0x73, 0x68,
    0x61, 0x70, 0x65, 0x5f, 0x31, 0x22, 0x07, 0x52, 0x65, 0x73, 0x68, 0x61, 0x70, 0x65, 0x0a, 0x59,
    0x0a, 0x20, 0x2f, 0x64, 0x66, 0x5f, 0x67, 0x72, 0x75, 0x2f, 0x67, 0x72, 0x75, 0x2f, 0x54, 0x72,
    0x61, 0x6e, 0x73, 0x70, 0x6f, 0x73, 0x65, 0x5f, 0x31, 0x5f, 0x6f, 0x75, 0x74, 0x70, 0x75, 0x74,
    0x5f, 0x30, 0x0a, 0x1b, 0x2f, 0x64, 0x66, 0x5f, 0x73, 0x6b, 0x69, 0x70, 0x2f, 0x52, 0x65, 0x73,
    0x68, 0x61, 0x70, 0x65, 0x5f, 0x31, 0x5f, 0x6f, 0x75, 0x74, 0x70, 0x75, 0x74, 0x5f, 0x30, 0x12,
    0x0d, 0x2f, 0x41, 0x64, 0x64, 0x5f, 0x6f, 0x75, 0x74, 0x70, 0x75, 0x74, 0x5f, 0x30, 0x1a, 0x04,
    0x2f, 0x41, 0x64, 0x64, 0x22, 0x03, 0x41, 0x64, 0x64, 0x0a, 0x46, 0x0a, 0x08, 0x64, 0x66, 0x5f,
    0x63, 0x61, 0x63, 0x68, 0x65, 0x0a, 0x02, 0x63, 0x30, 0x12, 0x21, 0x2f, 0x64, 0x66, 0x5f, 0x63,
    0x6f, 0x6e, 0x76, 0x70, 0x2f, 0x64, 0x66, 0x5f, 0x63, 0x6f, 0x6e, 0x76, 0x70, 0x2e, 0x30, 0x2f,
    0x50, 0x61, 0x64, 0x5f, 0x6f, 0x75, 0x74, 0x70, 0x75, 0x74, 0x5f, 0x30, 0x22, 0x06, 0x43, 0x6f,
    0x6e, 0x63, 0x61, 0x74, 0x2a, 0x0b, 0x0a, 0x04, 0x61, 0x78, 0x69, 0x73, 0x18, 0x02, 0xa0, 0x01,
    0x02, 0x0a, 0xd9, 0x01, 0x0a, 0x21, 0x2f, 0x64, 0x66, 0x5f, 0x63, 0x6f, 0x6e, 0x76, 0x70, 0x2f,
    0x64, 0x66, 0x5f, 0x63, 0x6f, 0x6e, 0x76, 0x70, 0x2e, 0x30, 0x2f, 0x50, 0x61, 0x64, 0x5f, 0x6f,
    0x75, 0x74, 0x70, 0x75, 0x74, 0x5f, 0x30, 0x0a, 0x11, 0x64, 0x66, 0x5f, 0x63, 0x6f, 0x6e, 0x76,
    0x70, 0x2e, 0x31, 0x2e, 0x77, 0x65, 0x69, 0x67, 0x68, 0x74, 0x12, 0x22, 0x2f, 0x64, 0x66, 0x5f,
    0x63, 0x6f, 0x6e, 0x76, 0x70, 0x2f, 0x64, 0x66, 0x5f, 0x63, 0x6f, 0x6e, 0x76, 0x70, 0x2e, 0x31,
    0x2f, 0x43, 0x6f, 0x6e, 0x76, 0x5f, 0x6f, 0x75, 0x74, 0x70, 0x75, 0x74, 0x5f, 0x30, 0x1a, 0x19,
    0x2f, 0x64, 0x66, 0x5f, 0x63, 0x6f, 0x6e, 0x76, 0x70, 0x2f, 0x64, 0x66, 0x5f, 0x63, 0x6f, 0x6e,
    0x76, 0x70, 0x2e, 0x31, 0x2f, 0x43, 0x6f, 0x6e, 0x76, 0x22, 0x04, 0x43, 0x6f, 0x6e, 0x76, 0x2a,
    0x12, 0x0a, 0x09, 0x64, 0x69, 0x6c, 0x61, 0x74, 0x69, 0x6f, 0x6e, 0x73, 0x40, 0x01, 0x40, 0x01,
    0xa0, 0x01, 0x07, 0x2a, 0x0c, 0x0a, 0x05, 0x67, 0x72, 0x6f, 0x75, 0x70, 0x18, 0x02, 0xa0, 0x01,
    0x02, 0x2a, 0x15, 0x0a, 0x0c, 0x6b, 0x65, 0x72, 0x6e, 0x65, 0x6c, 0x5f, 0x73, 0x68, 0x61, 0x70,
    0x65, 0x40, 0x05, 0x40, 0x01, 0xa0, 0x01, 0x07, 0x2a, 0x11, 0x0a, 0x04, 0x70, 0x61, 0x64, 0x73,
    0x40, 0x00, 0x40, 0x00, 0x40, 0x00, 0x40, 0x00, 0xa0, 0x01, 0x07, 0x2a, 0x10, 0x0a, 0x07, 0x73,
    0x74, 0x72, 0x69, 0x64, 0x65, 0x73, 0x40, 0x01, 0x40, 0x01, 0xa0, 0x01, 0x07, 0x0a, 0xe7, 0x01,
    0x0a, 0x22, 0x2f, 0x64, 0x66, 0x5f, 0x63, 0x6f, 0x6e, 0x76, 0x70, 0x2f, 0x64, 0x66, 0x5f, 0x63,
    0x6f, 0x6e, 0x76, 0x70, 0x2e, 0x31, 0x2f, 0x43, 0x6f, 0x6e, 0x76, 0x5f, 0x6f, 0x75, 0x74, 0x70,
    0x75, 0x74, 0x5f, 0x30, 0x0a, 0x0e, 0x6f, 0x6e, 0x6e, 0x78, 0x3a, 0x3a, 0x43, 0x6f, 0x6e, 0x76,
    0x5f, 0x32, 0x36, 0x38, 0x0a, 0x0e, 0x6f, 0x6e, 0x6e, 0x78, 0x3a, 0x3a, 0x43, 0x6f, 0x6e, 0x76,
    0x5f, 0x32, 0x36, 0x39, 0x12, 0x22, 0x2f, 0x64, 0x66, 0x5f, 0x63, 0x6f, 0x6e, 0x76, 0x70, 0x2f,
    0x64, 0x66, 0x5f, 0x63, 0x6f, 0x6e, 0x76, 0x70, 0x2e, 0x32, 0x2f, 0x43, 0x6f, 0x6e, 0x76, 0x5f,
    0x6f, 0x75, 0x74, 0x70, 0x75, 0x74, 0x5f, 0x30, 0x1a, 0x19, 0x2f, 0x64, 0x66, 0x5f, 0x63, 0x6f,
    0x6e, 0x76, 0x70, 0x2f, 0x64, 0x66, 0x5f, 0x63, 0x6f, 0x6e, 0x76, 0x70, 0x2e, 0x32, 0x2f, 0x43,
    0x6f, 0x6e, 0x76, 0x22, 0x04, 0x43, 0x6f, 0x6e, 0x76, 0x2a, 0x12, 0x0a, 0x09, 0x64, 0x69, 0x6c,
    0x61, 0x74, 0x69, 0x6f, 0x6e, 0x73, 0x40, 0x01, 0x40, 0x01, 0xa0, 0x01, 0x07, 0x2a, 0x0c, 0x0a,
    0x05, 0x67, 0x72, 0x6f, 0x75, 0x70, 0x18, 0x01, 0xa0, 0x01, 0x02, 0x2a, 0x15, 0x0a, 0x0c, 0x6b,
    0x65, 0x72, 0x6e, 0x65, 0x6c, 0x5f, 0x73, 0x68, 0x61, 0x70, 0x65, 0x40, 0x01, 0x40, 0x01, 0xa0,
    0x01, 0x07, 0x2a, 0x11, 0x0a, 0x04, 0x70, 0x61, 0x64, 0x73, 0x40, 0x00, 0x40, 0x00, 0x40, 0x00,
    0x40, 0x00, 0xa0, 0x01, 0x07, 0x2a, 0x10, 0x0a, 0x07, 0x73, 0x74, 0x72, 0x69, 0x64, 0x65, 0x73,
    0x40, 0x01, 0x40, 0x01, 0xa0, 0x01, 0x07, 0x0a, 0x69, 0x0a, 0x22, 0x2f, 0x64, 0x66, 0x5f, 0x63,
    0x6f, 0x6e, 0x76, 0x70, 0x2f, 0x64, 0x66, 0x5f, 0x63, 0x6f, 0x6e, 0x76, 0x70, 0x2e, 0x32, 0x2f,
    0x43, 0x6f, 0x6e, 0x76, 0x5f, 0x6f, 0x75, 0x74, 0x70, 0x75, 0x74, 0x5f, 0x30, 0x12, 0x22, 0x2f,
    0x64, 0x66, 0x5f, 0x63, 0x6f, 0x6e, 0x76, 0x70, 0x2f, 0x64, 0x66, 0x5f, 0x63, 0x6f, 0x6e, 0x76,
    0x70, 0x2e, 0x34, 0x2f, 0x52, 0x65, 0x6c, 0x75, 0x5f, 0x6f, 0x75, 0x74, 0x70, 0x75, 0x74, 0x5f,
    0x30, 0x1a, 0x19, 0x2f, 0x64, 0x66, 0x5f, 0x63, 0x6f, 0x6e, 0x76, 0x70, 0x2f, 0x64, 0x66, 0x5f,
    0x63, 0x6f, 0x6e, 0x76, 0x70, 0x2e, 0x34, 0x2f, 0x52, 0x65, 0x6c, 0x75, 0x22, 0x04, 0x52, 0x65,
    0x6c, 0x75, 0x0a, 0x63, 0x0a, 0x22, 0x2f, 0x64, 0x66, 0x5f, 0x63, 0x6f, 0x6e, 0x76, 0x70, 0x2f,
    0x64, 0x66, 0x5f, 0x63, 0x6f, 0x6e, 0x76, 0x70, 0x2e, 0x34, 0x2f, 0x52, 0x65, 0x6c, 0x75, 0x5f,
    0x6f, 0x75, 0x74, 0x70, 0x75, 0x74, 0x5f, 0x30, 0x12, 0x13, 0x2f, 0x54, 0x72, 0x61, 0x6e, 0x73,
    0x70, 0x6f, 0x73, 0x65, 0x5f, 0x6f, 0x75, 0x74, 0x70, 0x75, 0x74, 0x5f, 0x30, 0x1a, 0x0a, 0x2f,
    0x54, 0x72, 0x61, 0x6e, 0x73, 0x70, 0x6f, 0x73, 0x65, 0x22, 0x09, 0x54, 0x72, 0x61, 0x6e, 0x73,
    0x70, 0x6f, 0x73, 0x65, 0x2a, 0x11, 0x0a, 0x04, 0x70, 0x65, 0x72, 0x6d, 0x40, 0x00, 0x40, 0x02,
    0x40, 0x03, 0x40, 0x01, 0xa0, 0x01, 0x07, 0x0a, 0x4f, 0x0a, 0x0d, 0x2f, 0x41, 0x64, 0x64, 0x5f,
    0x6f, 0x75, 0x74, 0x70, 0x75, 0x74, 0x5f, 0x30, 0x12, 0x1f, 0x2f, 0x64, 0x66, 0x5f, 0x6f, 0x75,
    0x74, 0x2f, 0x64, 0x66, 0x5f, 0x6f, 0x75, 0x74, 0x2e, 0x30, 0x2f, 0x53, 0x68, 0x61, 0x70, 0x65,
    0x5f, 0x6f, 0x75, 0x74, 0x70, 0x75, 0x74, 0x5f, 0x30, 0x1a, 0x16, 0x2f, 0x64, 0x66, 0x5f, 0x6f,
    0x75, 0x74, 0x2f, 0x64, 0x66, 0x5f, 0x6f, 0x75, 0x74, 0x2e, 0x30, 0x2f, 0x53, 0x68, 0x61, 0x70,
    0x65, 0x22, 0x05, 0x53, 0x68, 0x61, 0x70, 0x65, 0x0a, 0x63, 0x12, 0x22, 0x2f, 0x64, 0x66, 0x5f,
    0x6f, 0x75, 0x74, 0x2f, 0x64, 0x66, 0x5f, 0x6f, 0x75, 0x74, 0x2e, 0x30, 0x2f, 0x43, 0x6f, 0x6e,
    0x73, 0x74, 0x61, 0x6e, 0x74, 0x5f, 0x6f, 0x75, 0x74, 0x70, 0x75, 0x74, 0x5f, 0x30, 0x1a, 0x19,
    0x2f, 0x64, 0x66, 0x5f, 0x6f, 0x75, 0x74, 0x2f, 0x64, 0x66, 0x5f, 0x6f, 0x75, 0x74, 0x2e, 0x30,
    0x2f, 0x43, 0x6f, 0x6e, 0x73, 0x74, 0x61, 0x6e, 0x74, 0x22, 0x08, 0x43, 0x6f, 0x6e, 0x73, 0x74,
    0x61, 0x6e, 0x74, 0x2a, 0x18, 0x0a, 0x05, 0x76, 0x61, 0x6c, 0x75, 0x65, 0x2a, 0x0c, 0x10, 0x07,
    0x4a, 0x08, 0x00, 0x00, 0x00, 0x00, 0x00, 0x00, 0x00, 0x00, 0xa0, 0x01, 0x04, 0x0a, 0x95, 0x01,
    0x0a, 0x1f, 0x2f, 0x64, 0x66, 0x5f, 0x6f, 0x75, 0x74, 0x2f, 0x64, 0x66, 0x5f, 0x6f, 0x75, 0x74,
    0x2e, 0x30, 0x2f, 0x53, 0x68, 0x61, 0x70, 0x65, 0x5f, 0x6f, 0x75, 0x74, 0x70, 0x75, 0x74, 0x5f,
    0x30, 0x0a, 0x22, 0x2f, 0x64, 0x66, 0x5f, 0x6f, 0x75, 0x74, 0x2f, 0x64, 0x66, 0x5f, 0x6f, 0x75,
    0x74, 0x2e, 0x30, 0x2f, 0x43, 0x6f, 0x6e, 0x73, 0x74, 0x61, 0x6e, 0x74, 0x5f, 0x6f, 0x75, 0x74,
    0x70, 0x75, 0x74, 0x5f, 0x30, 0x12, 0x20, 0x2f, 0x64, 0x66, 0x5f, 0x6f, 0x75, 0x74, 0x2f, 0x64,
    0x66, 0x5f, 0x6f, 0x75, 0x74, 0x2e, 0x30, 0x2f, 0x47, 0x61, 0x74, 0x68, 0x65, 0x72, 0x5f, 0x6f,
    0x75, 0x74, 0x70, 0x75, 0x74, 0x5f, 0x30, 0x1a, 0x17, 0x2f, 0x64, 0x66, 0x5f, 0x6f, 0x75, 0x74,
    0x2f, 0x64, 0x66, 0x5f, 0x6f, 0x75, 0x74, 0x2e, 0x30, 0x2f, 0x47, 0x61, 0x74, 0x68, 0x65, 0x72,
    0x22, 0x06, 0x47, 0x61, 0x74, 0x68, 0x65, 0x72, 0x2a, 0x0b, 0x0a, 0x04, 0x61, 0x78, 0x69, 0x73,
    0x18, 0x00, 0xa0, 0x01, 0x02, 0x0a, 0x53, 0x0a, 0x0d, 0x2f, 0x41, 0x64, 0x64, 0x5f, 0x6f, 0x75,
    0x74, 0x70, 0x75, 0x74, 0x5f, 0x30, 0x12, 0x21, 0x2f, 0x64, 0x66, 0x5f, 0x6f, 0x75, 0x74, 0x2f,
    0x64, 0x66, 0x5f, 0x6f, 0x75, 0x74, 0x2e, 0x30, 0x2f, 0x53, 0x68, 0x61, 0x70, 0x65, 0x5f, 0x31,
    0x5f, 0x6f, 0x75, 0x74, 0x70, 0x75, 0x74, 0x5f, 0x30, 0x1a, 0x18, 0x2f, 0x64, 0x66, 0x5f, 0x6f,
    0x75, 0x74, 0x2f, 0x64, 0x66, 0x5f, 0x6f, 0x75, 0x74, 0x2e, 0x30, 0x2f, 0x53, 0x68, 0x61, 0x70,
    0x65, 0x5f, 0x31, 0x22, 0x05, 0x53, 0x68, 0x61, 0x70, 0x65, 0x0a, 0x67, 0x12, 0x24, 0x2f, 0x64,
    0x66, 0x5f, 0x6f, 0x75, 0x74, 0x2f, 0x64, 0x66, 0x5f, 0x6f, 0x75, 0x74, 0x2e, 0x30, 0x2f, 0x43,
    0x6f, 0x6e, 0x73, 0x74, 0x61, 0x6e, 0x74, 0x5f, 0x31, 0x5f, 0x6f, 0x75, 0x74, 0x70, 0x75, 0x74,
    0x5f, 0x30, 0x1a, 0x1b, 0x2f, 0x64, 0x66, 0x5f, 0x6f, 0x75, 0x74, 0x2f, 0x64, 0x66, 0x5f, 0x6f,
    0x75, 0x74, 0x2e, 0x30, 0x2f, 0x43, 0x6f, 0x6e, 0x73, 0x74, 0x61, 0x6e, 0x74, 0x5f, 0x31, 0x22,
    0x08, 0x43, 0x6f, 0x6e, 0x73, 0x74, 0x61, 0x6e, 0x74, 0x2a, 0x18, 0x0a, 0x05, 0x76, 0x61, 0x6c,
    0x75, 0x65, 0x2a, 0x0c, 0x10, 0x07, 0x4a, 0x08, 0x01, 0x00, 0x00, 0x00, 0x00, 0x00, 0x00, 0x00,
    0xa0, 0x01, 0x04, 0x0a, 0x9d, 0x01, 0x0a, 0x21, 0x2f, 0x64, 0x66, 0x5f, 0x6f, 0x75, 0x74, 0x2f,
    0x64, 0x66, 0x5f, 0x6f, 0x75, 0x74, 0x2e, 0x30, 0x2f, 0x53, 0x68, 0x61, 0x70, 0x65, 0x5f, 0x31,
    0x5f, 0x6f, 0x75, 0x74, 0x70, 0x75, 0x74, 0x5f, 0x30, 0x0a, 0x24, 0x2f, 0x64, 0x66, 0x5f, 0x6f,
    0x75, 0x74, 0x2f, 0x64, 0x66, 0x5f, 0x6f, 0x75, 0x74, 0x2e, 0x30, 0x2f, 0x43, 0x6f, 0x6e, 0x73,
    0x74, 0x61, 0x6e, 0x74, 0x5f, 0x31, 0x5f, 0x6f, 0x75, 0x74, 0x70, 0x75, 0x74, 0x5f, 0x30, 0x12,
    0x22, 0x2f, 0x64, 0x66, 0x5f, 0x6f, 0x75, 0x74, 0x2f, 0x64, 0x66, 0x5f, 0x6f, 0x75, 0x74, 0x2e,
    0x30, 0x2f, 0x47, 0x61, 0x74, 0x68, 0x65, 0x72, 0x5f, 0x31, 0x5f, 0x6f, 0x75, 0x74, 0x70, 0x75,
    0x74, 0x5f, 0x30, 0x1a, 0x19, 0x2f, 0x64, 0x66, 0x5f, 0x6f, 0x75, 0x74, 0x2f, 0x64, 0x66, 0x5f,
    0x6f, 0x75, 0x74, 0x2e, 0x30, 0x2f, 0x47, 0x61, 0x74, 0x68, 0x65, 0x72, 0x5f, 0x31, 0x22, 0x06,
    0x47, 0x61, 0x74, 0x68, 0x65, 0x72, 0x2a, 0x0b, 0x0a, 0x04, 0x61, 0x78, 0x69, 0x73, 0x18, 0x00,
    0xa0, 0x01, 0x02, 0x0a, 0x7b, 0x0a, 0x20, 0x2f, 0x64, 0x66, 0x5f, 0x6f, 0x75, 0x74, 0x2f, 0x64,
    0x66, 0x5f, 0x6f, 0x75, 0x74, 0x2e, 0x30, 0x2f, 0x47, 0x61, 0x74, 0x68, 0x65, 0x72, 0x5f, 0x6f,
    0x75, 0x74, 0x70, 0x75, 0x74, 0x5f, 0x30, 0x12, 0x23, 0x2f, 0x64, 0x66, 0x5f, 0x6f, 0x75, 0x74,
    0x2f, 0x64, 0x66, 0x5f, 0x6f, 0x75, 0x74, 0x2e, 0x30, 0x2f, 0x55, 0x6e, 0x73, 0x71, 0x75, 0x65,
    0x65, 0x7a, 0x65, 0x5f, 0x6f, 0x75, 0x74, 0x70, 0x75, 0x74, 0x5f, 0x30, 0x1a, 0x1a, 0x2f, 0x64,
    0x66, 0x5f, 0x6f, 0x75, 0x74, 0x2f, 0x64, 0x66, 0x5f, 0x6f, 0x75, 0x74, 0x2e, 0x30, 0x2f, 0x55,
    0x6e, 0x73, 0x71, 0x75, 0x65, 0x65, 0x7a, 0x65, 0x22, 0x09, 0x55, 0x6e, 0x73, 0x71, 0x75, 0x65,
    0x65, 0x7a, 0x65, 0x2a, 0x0b, 0x0a, 0x04, 0x61, 0x78, 0x65, 0x73, 0x40, 0x00, 0xa0, 0x01, 0x07,
    0x0a, 0x81, 0x01, 0x0a, 0x22, 0x2f, 0x64, 0x66, 0x5f, 0x6f, 0x75, 0x74, 0x2f, 0x64, 0x66, 0x5f,
    0x6f, 0x75, 0x74, 0x2e, 0x30, 0x2f, 0x47, 0x61, 0x74, 0x68, 0x65, 0x72, 0x5f, 0x31, 0x5f, 0x6f,
    0x75, 0x74, 0x70, 0x75, 0x74, 0x5f, 0x30, 0x12, 0x25, 0x2f, 0x64, 0x66, 0x5f, 0x6f, 0x75, 0x74,
    0x2f, 0x64, 0x66, 0x5f, 0x6f, 0x75, 0x74, 0x2e, 0x30, 0x2f, 0x55, 0x6e, 0x73, 0x71, 0x75, 0x65,
    0x65, 0x7a, 0x65, 0x5f, 0x31, 0x5f, 0x6f, 0x75, 0x74, 0x70, 0x75, 0x74, 0x5f, 0x30, 0x1a, 0x1c,
    0x2f, 0x64, 0x66, 0x5f, 0x6f, 0x75, 0x74, 0x2f, 0x64, 0x66, 0x5f, 0x6f, 0x75, 0x74, 0x2e, 0x30,
    0x2f, 0x55, 0x6e, 0x73, 0x71, 0x75, 0x65, 0x65, 0x7a, 0x65, 0x5f, 0x31, 0x22, 0x09, 0x55, 0x6e,
    0x73, 0x71, 0x75, 0x65, 0x65, 0x7a, 0x65, 0x2a, 0x0b, 0x0a, 0x04, 0x61, 0x78, 0x65, 0x73, 0x40,
    0x00, 0xa0, 0x01, 0x07, 0x0a, 0x69, 0x12, 0x24, 0x2f, 0x64, 0x66, 0x5f, 0x6f, 0x75, 0x74, 0x2f,
    0x64, 0x66, 0x5f, 0x6f, 0x75, 0x74, 0x2e, 0x30, 0x2f, 0x43, 0x6f, 0x6e, 0x73, 0x74, 0x61, 0x6e,
    0x74, 0x5f, 0x32, 0x5f, 0x6f, 0x75, 0x74, 0x70, 0x75, 0x74, 0x5f, 0x30, 0x1a, 0x1b, 0x2f, 0x64,
    0x66, 0x5f, 0x6f, 0x75, 0x74, 0x2f, 0x64, 0x66, 0x5f, 0x6f, 0x75, 0x74, 0x2e, 0x30, 0x2f, 0x43,
    0x6f, 0x6e, 0x73, 0x74, 0x61, 0x6e, 0x74, 0x5f, 0x32, 0x22, 0x08, 0x43, 0x6f, 0x6e, 0x73, 0x74,
    0x61, 0x6e, 0x74, 0x2a, 0x1a, 0x0a, 0x05, 0x76, 0x61, 0x6c, 0x75, 0x65, 0x2a, 0x0e, 0x08, 0x01,
    0x10, 0x07, 0x4a, 0x08, 0x10, 0x00, 0x00, 0x00, 0x00, 0x00, 0x00, 0x00, 0xa0, 0x01, 0x04, 0x0a,
    0x69, 0x12, 0x24, 0x2f, 0x64, 0x66, 0x5f, 0x6f, 0x75, 0x74, 0x2f, 0x64, 0x66, 0x5f, 0x6f, 0x75,
    0x74, 0x2e, 0x30, 0x2f, 0x43, 0x6f, 0x6e, 0x73, 0x74, 0x61, 0x6e, 0x74, 0x5f, 0x33, 0x5f, 0x6f,
    0x75, 0x74, 0x70, 0x75, 0x74, 0x5f, 0x30, 0x1a, 0x1b, 0x2f, 0x64, 0x66, 0x5f, 0x6f, 0x75, 0x74,
    0x2f, 0x64, 0x66, 0x5f, 0x6f, 0x75, 0x74, 0x2e, 0x30, 0x2f, 0x43, 0x6f, 0x6e, 0x73, 0x74, 0x61,
    0x6e, 0x74, 0x5f, 0x33, 0x22, 0x08, 0x43, 0x6f, 0x6e, 0x73, 0x74, 0x61, 0x6e, 0x74, 0x2a, 0x1a,
    0x0a, 0x05, 0x76, 0x61, 0x6c, 0x75, 0x65, 0x2a, 0x0e, 0x08, 0x01, 0x10, 0x07, 0x4a, 0x08, 0x10,
    0x00, 0x00, 0x00, 0x00, 0x00, 0x00, 0x00, 0xa0, 0x01, 0x04, 0x0a, 0xe8, 0x01, 0x0a, 0x23, 0x2f,
    0x64, 0x66, 0x5f, 0x6f, 0x75, 0x74, 0x2f, 0x64, 0x66, 0x5f, 0x6f, 0x75, 0x74, 0x2e, 0x30, 0x2f,
    0x55, 0x6e, 0x73, 0x71, 0x75, 0x65, 0x65, 0x7a, 0x65, 0x5f, 0x6f, 0x75, 0x74, 0x70, 0x75, 0x74,
    0x5f, 0x30, 0x0a, 0x25, 0x2f, 0x64, 0x66, 0x5f, 0x6f, 0x75, 0x74, 0x2f, 0x64, 0x66, 0x5f, 0x6f,
    0x75, 0x74, 0x2e, 0x30, 0x2f, 0x55, 0x6e, 0x73, 0x71, 0x75, 0x65, 0x65, 0x7a, 0x65, 0x5f, 0x31,
    0x5f, 0x6f, 0x75, 0x74, 0x70, 0x75, 0x74, 0x5f, 0x30, 0x0a, 0x24, 0x2f, 0x64, 0x66, 0x5f, 0x6f,
    0x75, 0x74, 0x2f, 0x64, 0x66, 0x5f, 0x6f, 0x75, 0x74, 0x2e, 0x30, 0x2f, 0x43, 0x6f, 0x6e, 0x73,
    0x74, 0x61, 0x6e, 0x74, 0x5f, 0x32, 0x5f, 0x6f, 0x75, 0x74, 0x70, 0x75, 0x74, 0x5f, 0x30, 0x0a,
    0x24, 0x2f, 0x64, 0x66, 0x5f, 0x6f, 0x75, 0x74, 0x2f, 0x64, 0x66, 0x5f, 0x6f, 0x75, 0x74, 0x2e,
    0x30, 0x2f, 0x43, 0x6f, 0x6e, 0x73, 0x74, 0x61, 0x6e, 0x74, 0x5f, 0x33, 0x5f, 0x6f, 0x75, 0x74,
    0x70, 0x75, 0x74, 0x5f, 0x30, 0x12, 0x20, 0x2f, 0x64, 0x66, 0x5f, 0x6f, 0x75, 0x74, 0x2f, 0x64,
    0x66, 0x5f, 0x6f, 0x75, 0x74, 0x2e, 0x30, 0x2f, 0x43, 0x6f, 0x6e, 0x63, 0x61, 0x74, 0x5f, 0x6f,
    0x75, 0x74, 0x70, 0x75, 0x74, 0x5f, 0x30, 0x1a, 0x17, 0x2f, 0x64, 0x66, 0x5f, 0x6f, 0x75, 0x74,
    0x2f, 0x64, 0x66, 0x5f, 0x6f, 0x75, 0x74, 0x2e, 0x30, 0x2f, 0x43, 0x6f, 0x6e, 0x63, 0x61, 0x74,
    0x22, 0x06, 0x43, 0x6f, 0x6e, 0x63, 0x61, 0x74, 0x2a, 0x0b, 0x0a, 0x04, 0x61, 0x78, 0x69, 0x73,
    0x18, 0x00, 0xa0, 0x01, 0x02, 0x0a, 0x77, 0x0a, 0x0d, 0x2f, 0x41, 0x64, 0x64, 0x5f, 0x6f, 0x75,
    0x74, 0x70, 0x75, 0x74, 0x5f, 0x30, 0x0a, 0x20, 0x2f, 0x64, 0x66, 0x5f, 0x6f, 0x75, 0x74, 0x2f,
    0x64, 0x66, 0x5f, 0x6f, 0x75, 0x74, 0x2e, 0x30, 0x2f, 0x43, 0x6f, 0x6e, 0x63, 0x61, 0x74, 0x5f,
    0x6f, 0x75, 0x74, 0x70, 0x75, 0x74, 0x5f, 0x30, 0x12, 0x21, 0x2f, 0x64, 0x66, 0x5f, 0x6f, 0x75,
    0x74, 0x2f, 0x64, 0x66, 0x5f, 0x6f, 0x75, 0x74, 0x2e, 0x30, 0x2f, 0x52, 0x65, 0x73, 0x68, 0x61,
    0x70, 0x65, 0x5f, 0x6f, 0x75, 0x74, 0x70, 0x75, 0x74, 0x5f, 0x30, 0x1a, 0x18, 0x2f, 0x64, 0x66,
    0x5f, 0x6f, 0x75, 0x74, 0x2f, 0x64, 0x66, 0x5f, 0x6f, 0x75, 0x74, 0x2e, 0x30, 0x2f, 0x52, 0x65,
    0x73, 0x68, 0x61, 0x70, 0x65, 0x22, 0x07, 0x52, 0x65, 0x73, 0x68, 0x61, 0x70, 0x65, 0x0a, 0x96,
    0x01, 0x0a, 0x21, 0x2f, 0x64, 0x66, 0x5f, 0x6f, 0x75, 0x74, 0x2f, 0x64, 0x66, 0x5f, 0x6f, 0x75,
    0x74, 0x2e, 0x30, 0x2f, 0x52, 0x65, 0x73, 0x68, 0x61, 0x70, 0x65, 0x5f, 0x6f, 0x75, 0x74, 0x70,
    0x75, 0x74, 0x5f, 0x30, 0x0a, 0x0f, 0x64, 0x66, 0x5f, 0x6f, 0x75, 0x74, 0x2e, 0x30, 0x2e, 0x77,
    0x65, 0x69, 0x67, 0x68, 0x74, 0x12, 0x20, 0x2f, 0x64, 0x66, 0x5f, 0x6f, 0x75, 0x74, 0x2f, 0x64,
    0x66, 0x5f, 0x6f, 0x75, 0x74, 0x2e, 0x30, 0x2f, 0x45, 0x69, 0x6e, 0x73, 0x75, 0x6d, 0x5f, 0x6f,
    0x75, 0x74, 0x70, 0x75, 0x74, 0x5f, 0x30, 0x1a, 0x17, 0x2f, 0x64, 0x66, 0x5f, 0x6f, 0x75, 0x74,
    0x2f, 0x64, 0x66, 0x5f, 0x6f, 0x75, 0x74, 0x2e, 0x30, 0x2f, 0x45, 0x69, 0x6e, 0x73, 0x75, 0x6d,
    0x22, 0x06, 0x45, 0x69, 0x6e, 0x73, 0x75, 0x6d, 0x2a, 0x1d, 0x0a, 0x08, 0x65, 0x71, 0x75, 0x61,
    0x74, 0x69, 0x6f, 0x6e, 0x22, 0x0e, 0x62, 0x74, 0x67, 0x69, 0x2c, 0x67, 0x69, 0x68, 0x2d, 0x3e,
    0x62, 0x74, 0x67, 0x68, 0xa0, 0x01, 0x03, 0x0a, 0x66, 0x0a, 0x20, 0x2f, 0x64, 0x66, 0x5f, 0x6f,
    0x75, 0x74, 0x2f, 0x64, 0x66, 0x5f, 0x6f, 0x75, 0x74, 0x2e, 0x30, 0x2f, 0x45, 0x69, 0x6e, 0x73,
    0x75, 0x6d, 0x5f, 0x6f, 0x75, 0x74, 0x70, 0x75, 0x74, 0x5f, 0x30, 0x12, 0x21, 0x2f, 0x64, 0x66,
    0x5f, 0x6f, 0x75, 0x74, 0x2f, 0x64, 0x66, 0x5f, 0x6f, 0x75, 0x74, 0x2e, 0x30, 0x2f, 0x53, 0x68,
    0x61, 0x70, 0x65, 0x5f, 0x32, 0x5f, 0x6f, 0x75, 0x74, 0x70, 0x75, 0x74, 0x5f, 0x30, 0x1a, 0x18,
    0x2f, 0x64, 0x66, 0x5f, 0x6f, 0x75, 0x74, 0x2f, 0x64, 0x66, 0x5f, 0x6f, 0x75, 0x74, 0x2e, 0x30,
    0x2f, 0x53, 0x68, 0x61, 0x70, 0x65, 0x5f, 0x32, 0x22, 0x05, 0x53, 0x68, 0x61, 0x70, 0x65, 0x0a,
    0x69, 0x12, 0x24, 0x2f, 0x64, 0x66, 0x5f, 0x6f, 0x75, 0x74, 0x2f, 0x64, 0x66, 0x5f, 0x6f, 0x75,
    0x74, 0x2e, 0x30, 0x2f, 0x43, 0x6f, 0x6e, 0x73, 0x74, 0x61, 0x6e, 0x74, 0x5f, 0x34, 0x5f, 0x6f,
    0x75, 0x74, 0x70, 0x75, 0x74, 0x5f, 0x30, 0x1a, 0x1b, 0x2f, 0x64, 0x66, 0x5f, 0x6f, 0x75, 0x74,
    0x2f, 0x64, 0x66, 0x5f, 0x6f, 0x75, 0x74, 0x2e, 0x30, 0x2f, 0x43, 0x6f, 0x6e, 0x73, 0x74, 0x61,
    0x6e, 0x74, 0x5f, 0x34, 0x22, 0x08, 0x43, 0x6f, 0x6e, 0x73, 0x74, 0x61, 0x6e, 0x74, 0x2a, 0x1a,
    0x0a, 0x05, 0x76, 0x61, 0x6c, 0x75, 0x65, 0x2a, 0x0e, 0x08, 0x01, 0x10, 0x07, 0x4a, 0x08, 0x00,
    0x00, 0x00, 0x00, 0x00, 0x00, 0x00, 0x00, 0xa0, 0x01, 0x04, 0x0a, 0x69, 0x12, 0x24, 0x2f, 0x64,
    0x66, 0x5f, 0x6f, 0x75, 0x74, 0x2f, 0x64, 0x66, 0x5f, 0x6f, 0x75, 0x74, 0x2e, 0x30, 0x2f, 0x43,
    0x6f, 0x6e, 0x73, 0x74, 0x61, 0x6e, 0x74, 0x5f, 0x35, 0x5f, 0x6f, 0x75, 0x74, 0x70, 0x75, 0x74,
    0x5f, 0x30, 0x1a, 0x1b, 0x2f, 0x64, 0x66, 0x5f, 0x6f, 0x75, 0x74, 0x2f, 0x64, 0x66, 0x5f, 0x6f,
    0x75, 0x74, 0x2e, 0x30, 0x2f, 0x43, 0x6f, 0x6e, 0x73, 0x74, 0x61, 0x6e, 0x74, 0x5f, 0x35, 0x22,
    0x08, 0x43, 0x6f, 0x6e, 0x73, 0x74, 0x61, 0x6e, 0x74, 0x2a, 0x1a, 0x0a, 0x05, 0x76, 0x61, 0x6c,
    0x75, 0x65, 0x2a, 0x0e, 0x08, 0x01, 0x10, 0x07, 0x4a, 0x08, 0x00, 0x00, 0x00, 0x00, 0x00, 0x00,
    0x00, 0x00, 0xa0, 0x01, 0x04, 0x0a, 0x69, 0x12, 0x24, 0x2f, 0x64, 0x66, 0x5f, 0x6f, 0x75, 0x74,
    0x2f, 0x64, 0x66, 0x5f, 0x6f, 0x75, 0x74, 0x2e, 0x30, 0x2f, 0x43, 0x6f, 0x6e, 0x73, 0x74, 0x61,
    0x6e, 0x74, 0x5f, 0x36, 0x5f, 0x6f, 0x75, 0x74, 0x70, 0x75, 0x74, 0x5f, 0x30, 0x1a, 0x1b, 0x2f,
    0x64, 0x66, 0x5f, 0x6f, 0x75, 0x74, 0x2f, 0x64, 0x66, 0x5f, 0x6f, 0x75, 0x74, 0x2e, 0x30, 0x2f,
    0x43, 0x6f, 0x6e, 0x73, 0x74, 0x61, 0x6e, 0x74, 0x5f, 0x36, 0x22, 0x08, 0x43, 0x6f, 0x6e, 0x73,
    0x74, 0x61, 0x6e, 0x74, 0x2a, 0x1a, 0x0a, 0x05, 0x76, 0x61, 0x6c, 0x75, 0x65, 0x2a, 0x0e, 0x08,
    0x01, 0x10, 0x07, 0x4a, 0x08, 0x02, 0x00, 0x00, 0x00, 0x00, 0x00, 0x00, 0x00, 0xa0, 0x01, 0x04,
    0x0a, 0xd5, 0x01, 0x0a, 0x21, 0x2f, 0x64, 0x66, 0x5f, 0x6f, 0x75, 0x74, 0x2f, 0x64, 0x66, 0x5f,
    0x6f, 0x75, 0x74, 0x2e, 0x30, 0x2f, 0x53, 0x68, 0x61, 0x70, 0x65, 0x5f, 0x32, 0x5f, 0x6f, 0x75,
    0x74, 0x70, 0x75, 0x74, 0x5f, 0x30, 0x0a, 0x24, 0x2f, 0x64, 0x66, 0x5f, 0x6f, 0x75, 0x74, 0x2f,
    0x64, 0x66, 0x5f, 0x6f, 0x75, 0x74, 0x2e, 0x30, 0x2f, 0x43, 0x6f, 0x6e, 0x73, 0x74, 0x61, 0x6e,
    0x74, 0x5f, 0x35, 0x5f, 0x6f, 0x75, 0x74, 0x70, 0x75, 0x74, 0x5f, 0x30, 0x0a, 0x24, 0x2f, 0x64,
    0x66, 0x5f, 0x6f, 0x75, 0x74, 0x2f, 0x64, 0x66, 0x5f, 0x6f, 0x75, 0x74, 0x2e, 0x30, 0x2f, 0x43,
    0x6f, 0x6e, 0x73, 0x74, 0x61, 0x6e, 0x74, 0x5f, 0x36, 0x5f, 0x6f, 0x75, 0x74, 0x70, 0x75, 0x74,
    0x5f, 0x30, 0x0a, 0x24, 0x2f, 0x64, 0x66, 0x5f, 0x6f, 0x75, 0x74, 0x2f, 0x64, 0x66, 0x5f, 0x6f,
    0x75, 0x74, 0x2e, 0x30, 0x2f, 0x43, 0x6f, 0x6e, 0x73, 0x74, 0x61, 0x6e, 0x74, 0x5f, 0x34, 0x5f,
    0x6f, 0x75, 0x74, 0x70, 0x75, 0x74, 0x5f, 0x30, 0x12, 0x1f, 0x2f, 0x64, 0x66, 0x5f, 0x6f, 0x75,
    0x74, 0x2f, 0x64, 0x66, 0x5f, 0x6f, 0x75, 0x74, 0x2e, 0x30, 0x2f, 0x53, 0x6c, 0x69, 0x63, 0x65,
    0x5f, 0x6f, 0x75, 0x74, 0x70, 0x75, 0x74, 0x5f, 0x30, 0x1a, 0x16, 0x2f, 0x64, 0x66, 0x5f, 0x6f,
    0x75, 0x74, 0x2f, 0x64, 0x66, 0x5f, 0x6f, 0x75, 0x74, 0x2e, 0x30, 0x2f, 0x53, 0x6c, 0x69, 0x63,
    0x65, 0x22, 0x05, 0x53, 0x6c, 0x69, 0x63, 0x65, 0x0a, 0x69, 0x12, 0x24, 0x2f, 0x64, 0x66, 0x5f,
    0x6f, 0x75, 0x74, 0x2f, 0x64, 0x66, 0x5f, 0x6f, 0x75, 0x74, 0x2e, 0x30, 0x2f, 0x43, 0x6f, 0x6e,
    0x73, 0x74, 0x61, 0x6e, 0x74, 0x5f, 0x37, 0x5f, 0x6f, 0x75, 0x74, 0x70, 0x75, 0x74, 0x5f, 0x30,
    0x1a, 0x1b, 0x2f, 0x64, 0x66, 0x5f, 0x6f, 0x75, 0x74, 0x2f, 0x64, 0x66, 0x5f, 0x6f, 0x75, 0x74,
    0x2e, 0x30, 0x2f, 0x43, 0x6f, 0x6e, 0x73, 0x74, 0x61, 0x6e, 0x74, 0x5f, 0x37, 0x22, 0x08, 0x43,
    0x6f, 0x6e, 0x73, 0x74, 0x61, 0x6e, 0x74, 0x2a, 0x1a, 0x0a, 0x05, 0x76, 0x61, 0x6c, 0x75, 0x65,
    0x2a, 0x0e, 0x08, 0x01, 0x10, 0x07, 0x4a, 0x08, 0xff, 0xff, 0xff, 0xff, 0xff, 0xff, 0xff, 0xff,
    0xa0, 0x01, 0x04, 0x0a, 0x9b, 0x01, 0x0a, 0x1f, 0x2f, 0x64, 0x66, 0x5f, 0x6f, 0x75, 0x74, 0x2f,
    0x64, 0x66, 0x5f, 0x6f, 0x75, 0x74, 0x2e, 0x30, 0x2f, 0x53, 0x6c, 0x69, 0x63, 0x65, 0x5f, 0x6f,
    0x75, 0x74, 0x70, 0x75, 0x74, 0x5f, 0x30, 0x0a, 0x24, 0x2f, 0x64, 0x66, 0x5f, 0x6f, 0x75, 0x74,
    0x2f, 0x64, 0x66, 0x5f, 0x6f, 0x75, 0x74, 0x2e, 0x30, 0x2f, 0x43, 0x6f, 0x6e, 0x73, 0x74, 0x61,
    0x6e, 0x74, 0x5f, 0x37, 0x5f, 0x6f, 0x75, 0x74, 0x70, 0x75, 0x74, 0x5f, 0x30, 0x12, 0x22, 0x2f,
    0x64, 0x66, 0x5f, 0x6f, 0x75, 0x74, 0x2f, 0x64, 0x66, 0x5f, 0x6f, 0x75, 0x74, 0x2e, 0x30, 0x2f,
    0x43, 0x6f, 0x6e, 0x63, 0x61, 0x74, 0x5f, 0x31, 0x5f, 0x6f, 0x75, 0x74, 0x70, 0x75, 0x74, 0x5f,
    0x30, 0x1a, 0x19, 0x2f, 0x64, 0x66, 0x5f, 0x6f, 0x75, 0x74, 0x2f, 0x64, 0x66, 0x5f, 0x6f, 0x75,
    0x74, 0x2e, 0x30, 0x2f, 0x43, 0x6f, 0x6e, 0x63, 0x61, 0x74, 0x5f, 0x31, 0x22, 0x06, 0x43, 0x6f,
    0x6e, 0x63, 0x61, 0x74, 0x2a, 0x0b, 0x0a, 0x04, 0x61, 0x78, 0x69, 0x73, 0x18, 0x00, 0xa0, 0x01,
    0x02, 0x0a, 0x90, 0x01, 0x0a, 0x20, 0x2f, 0x64, 0x66, 0x5f, 0x6f, 0x75, 0x74, 0x2f, 0x64, 0x66,
    0x5f, 0x6f, 0x75, 0x74, 0x2e, 0x30, 0x2f, 0x45, 0x69, 0x6e, 0x73, 0x75, 0x6d, 0x5f, 0x6f, 0x75,
    0x74, 0x70, 0x75, 0x74, 0x5f, 0x30, 0x0a, 0x22, 0x2f, 0x64, 0x66, 0x5f, 0x6f, 0x75, 0x74, 0x2f,
    0x64, 0x66, 0x5f, 0x6f, 0x75, 0x74, 0x2e, 0x30, 0x2f, 0x43, 0x6f, 0x6e, 0x63, 0x61, 0x74, 0x5f,
    0x31, 0x5f, 0x6f, 0x75, 0x74, 0x70, 0x75, 0x74, 0x5f, 0x30, 0x12, 0x23, 0x2f, 0x64, 0x66, 0x5f,
    0x6f, 0x75, 0x74, 0x2f, 0x64, 0x66, 0x5f, 0x6f, 0x75, 0x74, 0x2e, 0x30, 0x2f, 0x52, 0x65, 0x73,
    0x68, 0x61, 0x70, 0x65, 0x5f, 0x31, 0x5f, 0x6f, 0x75, 0x74, 0x70, 0x75, 0x74, 0x5f, 0x30, 0x1a,
    0x1a, 0x2f, 0x64, 0x66, 0x5f, 0x6f, 0x75, 0x74, 0x2f, 0x64, 0x66, 0x5f, 0x6f, 0x75, 0x74, 0x2e,
    0x30, 0x2f, 0x52, 0x65, 0x73, 0x68, 0x61, 0x70, 0x65, 0x5f, 0x31, 0x22, 0x07, 0x52, 0x65, 0x73,
    0x68, 0x61, 0x70, 0x65, 0x0a, 0x62, 0x0a, 0x23, 0x2f, 0x64, 0x66, 0x5f, 0x6f, 0x75, 0x74, 0x2f,
    0x64, 0x66, 0x5f, 0x6f, 0x75, 0x74, 0x2e, 0x30, 0x2f, 0x52, 0x65, 0x73, 0x68, 0x61, 0x70, 0x65,
    0x5f, 0x31, 0x5f, 0x6f, 0x75, 0x74, 0x70, 0x75, 0x74, 0x5f, 0x30, 0x12, 0x1e, 0x2f, 0x64, 0x66,
    0x5f, 0x6f, 0x75, 0x74, 0x2f, 0x64, 0x66, 0x5f, 0x6f, 0x75, 0x74, 0x2e, 0x31, 0x2f, 0x54, 0x61,
    0x6e, 0x68, 0x5f, 0x6f, 0x75, 0x74, 0x70, 0x75, 0x74, 0x5f, 0x30, 0x1a, 0x15, 0x2f, 0x64, 0x66,
    0x5f, 0x6f, 0x75, 0x74, 0x2f, 0x64, 0x66, 0x5f, 0x6f, 0x75, 0x74, 0x2e, 0x31, 0x2f, 0x54, 0x61,
    0x6e, 0x68, 0x22, 0x04, 0x54, 0x61, 0x6e, 0x68, 0x0a, 0x4b, 0x0a, 0x10, 0x2f, 0x47, 0x61, 0x74,
    0x68, 0x65, 0x72, 0x5f, 0x6f, 0x75, 0x74, 0x70, 0x75, 0x74, 0x5f, 0x30, 0x12, 0x13, 0x2f, 0x55,
    0x6e, 0x73, 0x71, 0x75, 0x65, 0x65, 0x7a, 0x65, 0x5f, 0x6f, 0x75, 0x74, 0x70, 0x75, 0x74, 0x5f,
    0x30, 0x1a, 0x0a, 0x2f, 0x55, 0x6e, 0x73, 0x71, 0x75, 0x65, 0x65, 0x7a, 0x65, 0x22, 0x09, 0x55,
    0x6e, 0x73, 0x71, 0x75, 0x65, 0x65, 0x7a, 0x65, 0x2a, 0x0b, 0x0a, 0x04, 0x61, 0x78, 0x65, 0x73,
    0x40, 0x00, 0xa0, 0x01, 0x07, 0x0a, 0x51, 0x0a, 0x12, 0x2f, 0x47, 0x61, 0x74, 0x68, 0x65, 0x72,
    0x5f, 0x31, 0x5f, 0x6f, 0x75, 0x74, 0x70, 0x75, 0x74, 0x5f, 0x30, 0x12, 0x15, 0x2f, 0x55, 0x6e,
    0x73, 0x71, 0x75, 0x65, 0x65, 0x7a, 0x65, 0x5f, 0x31, 0x5f, 0x6f, 0x75, 0x74, 0x70, 0x75, 0x74,
    0x5f, 0x30, 0x1a, 0x0c, 0x2f, 0x55, 0x6e, 0x73, 0x71, 0x75, 0x65, 0x65, 0x7a, 0x65, 0x5f, 0x31,
    0x22, 0x09, 0x55, 0x6e, 0x73, 0x71, 0x75, 0x65, 0x65, 0x7a, 0x65, 0x2a, 0x0b, 0x0a, 0x04, 0x61,
    0x78, 0x65, 0x73, 0x40, 0x00, 0xa0, 0x01, 0x07, 0x0a, 0x49, 0x12, 0x14, 0x2f, 0x43, 0x6f, 0x6e,
    0x73, 0x74, 0x61, 0x6e, 0x74, 0x5f, 0x32, 0x5f, 0x6f, 0x75, 0x74, 0x70, 0x75, 0x74, 0x5f, 0x30,
    0x1a, 0x0b, 0x2f, 0x43, 0x6f, 0x6e, 0x73, 0x74, 0x61, 0x6e, 0x74, 0x5f, 0x32, 0x22, 0x08, 0x43,
    0x6f, 0x6e, 0x73, 0x74, 0x61, 0x6e, 0x74, 0x2a, 0x1a, 0x0a, 0x05, 0x76, 0x61, 0x6c, 0x75, 0x65,
    0x2a, 0x0e, 0x08, 0x01, 0x10, 0x07, 0x4a, 0x08, 0x60, 0x00, 0x00, 0x00, 0x00, 0x00, 0x00, 0x00,
    0xa0, 0x01, 0x04, 0x0a, 0x49, 0x12, 0x14, 0x2f, 0x43, 0x6f, 0x6e, 0x73, 0x74, 0x61, 0x6e, 0x74,
    0x5f, 0x33, 0x5f, 0x6f, 0x75, 0x74, 0x70, 0x75, 0x74, 0x5f, 0x30, 0x1a, 0x0b, 0x2f, 0x43, 0x6f,
    0x6e, 0x73, 0x74, 0x61, 0x6e, 0x74, 0x5f, 0x33, 0x22, 0x08, 0x43, 0x6f, 0x6e, 0x73, 0x74, 0x61,
    0x6e, 0x74, 0x2a, 0x1a, 0x0a, 0x05, 0x76, 0x61, 0x6c, 0x75, 0x65, 0x2a, 0x0e, 0x08, 0x01, 0x10,
    0x07, 0x4a, 0x08, 0x0a, 0x00, 0x00, 0x00, 0x00, 0x00, 0x00, 0x00, 0xa0, 0x01, 0x04, 0x0a, 0x88,
    0x01, 0x0a, 0x13, 0x2f, 0x55, 0x6e, 0x73, 0x71, 0x75, 0x65, 0x65, 0x7a, 0x65, 0x5f, 0x6f, 0x75,
    0x74, 0x70, 0x75, 0x74, 0x5f, 0x30, 0x0a, 0x15, 0x2f, 0x55, 0x6e, 0x73, 0x71, 0x75, 0x65, 0x65,
    0x7a, 0x65, 0x5f, 0x31, 0x5f, 0x6f, 0x75, 0x74, 0x70, 0x75, 0x74, 0x5f, 0x30, 0x0a, 0x14, 0x2f,
    0x43, 0x6f, 0x6e, 0x73, 0x74, 0x61, 0x6e, 0x74, 0x5f, 0x32, 0x5f, 0x6f, 0x75, 0x74, 0x70, 0x75,
    0x74, 0x5f, 0x30, 0x0a, 0x14, 0x2f, 0x43, 0x6f, 0x6e, 0x73, 0x74, 0x61, 0x6e, 0x74, 0x5f, 0x33,
    0x5f, 0x6f, 0x75, 0x74, 0x70, 0x75, 0x74, 0x5f, 0x30, 0x12, 0x10, 0x2f, 0x43, 0x6f, 0x6e, 0x63,
    0x61, 0x74, 0x5f, 0x6f, 0x75, 0x74, 0x70, 0x75, 0x74, 0x5f, 0x30, 0x1a, 0x07, 0x2f, 0x43, 0x6f,
    0x6e, 0x63, 0x61, 0x74, 0x22, 0x06, 0x43, 0x6f, 0x6e, 0x63, 0x61, 0x74, 0x2a, 0x0b, 0x0a, 0x04,
    0x61, 0x78, 0x69, 0x73, 0x18, 0x00, 0xa0, 0x01, 0x02, 0x0a, 0x58, 0x0a, 0x1e, 0x2f, 0x64, 0x66,
    0x5f, 0x6f, 0x75, 0x74, 0x2f, 0x64, 0x66, 0x5f, 0x6f, 0x75, 0x74, 0x2e, 0x31, 0x2f, 0x54, 0x61,
    0x6e, 0x68, 0x5f, 0x6f, 0x75, 0x74, 0x70, 0x75, 0x74, 0x5f, 0x30, 0x0a, 0x10, 0x2f, 0x43, 0x6f,
    0x6e, 0x63, 0x61, 0x74, 0x5f, 0x6f, 0x75, 0x74, 0x70, 0x75, 0x74, 0x5f, 0x30, 0x12, 0x11, 0x2f,
    0x52, 0x65, 0x73, 0x68, 0x61, 0x70, 0x65, 0x5f, 0x6f, 0x75, 0x74, 0x70, 0x75, 0x74, 0x5f, 0x30,
    0x1a, 0x08, 0x2f, 0x52, 0x65, 0x73, 0x68, 0x61, 0x70, 0x65, 0x22, 0x07, 0x52, 0x65, 0x73, 0x68,
    0x61, 0x70, 0x65, 0x0a, 0x3c, 0x0a, 0x11, 0x2f, 0x52, 0x65, 0x73, 0x68, 0x61, 0x70, 0x65, 0x5f,
    0x6f, 0x75, 0x74, 0x70, 0x75, 0x74, 0x5f, 0x30, 0x0a, 0x13, 0x2f, 0x54, 0x72, 0x61, 0x6e, 0x73,
    0x70, 0x6f, 0x73, 0x65, 0x5f, 0x6f, 0x75, 0x74, 0x70, 0x75, 0x74, 0x5f, 0x30, 0x12, 0x05, 0x63,
    0x6f, 0x65, 0x66, 0x73, 0x1a, 0x06, 0x2f, 0x41, 0x64, 0x64, 0x5f, 0x31, 0x22, 0x03, 0x41, 0x64,
    0x64, 0x0a, 0x2c, 0x0a, 0x18, 0x2f, 0x64, 0x66, 0x5f, 0x67, 0x72, 0x75, 0x2f, 0x67, 0x72, 0x75,
    0x2f, 0x47, 0x52, 0x55, 0x5f, 0x6f, 0x75, 0x74, 0x70, 0x75, 0x74, 0x5f, 0x31, 0x12, 0x06, 0x68,
    0x30, 0x5f, 0x6f, 0x75, 0x74, 0x22, 0x08, 0x49, 0x64, 0x65, 0x6e, 0x74, 0x69, 0x74, 0x79, 0x0a,
    0x2e, 0x0a, 0x1a, 0x2f, 0x64, 0x66, 0x5f, 0x67, 0x72, 0x75, 0x2f, 0x67, 0x72, 0x75, 0x2f, 0x47,
    0x52, 0x55, 0x5f, 0x31, 0x5f, 0x6f, 0x75, 0x74, 0x70, 0x75, 0x74, 0x5f, 0x31, 0x12, 0x06, 0x68,
    0x31, 0x5f, 0x6f, 0x75, 0x74, 0x22, 0x08, 0x49, 0x64, 0x65, 0x6e, 0x74, 0x69, 0x74, 0x79, 0x0a,
    0x77, 0x0a, 0x21, 0x2f, 0x64, 0x66, 0x5f, 0x63, 0x6f, 0x6e, 0x76, 0x70, 0x2f, 0x64, 0x66, 0x5f,
    0x63, 0x6f, 0x6e, 0x76, 0x70, 0x2e, 0x30, 0x2f, 0x50, 0x61, 0x64, 0x5f, 0x6f, 0x75, 0x74, 0x70,
    0x75, 0x74, 0x5f, 0x30, 0x0a, 0x14, 0x73, 0x74, 0x72, 0x65, 0x61, 0x6d, 0x5f, 0x64, 0x66, 0x5f,
    0x63, 0x61, 0x63, 0x68, 0x65, 0x73, 0x74, 0x61, 0x72, 0x74, 0x0a, 0x12, 0x73, 0x74, 0x72, 0x65,
    0x61, 0x6d, 0x5f, 0x64, 0x66, 0x5f, 0x63, 0x61, 0x63, 0x68, 0x65, 0x65, 0x6e, 0x64, 0x0a, 0x13,
    0x73, 0x74, 0x72, 0x65, 0x61, 0x6d, 0x5f, 0x64, 0x66, 0x5f, 0x63, 0x61, 0x63, 0x68, 0x65, 0x61,
    0x78, 0x69, 0x73, 0x12, 0x0c, 0x64, 0x66, 0x5f, 0x63, 0x61, 0x63, 0x68, 0x65, 0x5f, 0x6f, 0x75,
    0x74, 0x22, 0x05, 0x53, 0x6c, 0x69, 0x63, 0x65, 0x12, 0x09, 0x74, 0x6f, 0x72, 0x63, 0x68, 0x5f,
    0x6a, 0x69, 0x74, 0x2a, 0x59, 0x08, 0x0a, 0x08, 0x20, 0x08, 0x05, 0x08, 0x01, 0x10, 0x01, 0x42,
    0x11, 0x64, 0x66, 0x5f, 0x63, 0x6f, 0x6e, 0x76, 0x70, 0x2e, 0x31, 0x2e, 0x77, 0x65, 0x69, 0x67,
    0x68, 0x74, 0x6a, 0x17, 0x0a, 0x08, 0x6c, 0x6f, 0x63, 0x61, 0x74, 0x69, 0x6f, 0x6e, 0x12, 0x0b,
    0x64, 0x66, 0x5f, 0x64, 0x65, 0x63, 0x2e, 0x6f, 0x6e, 0x6e, 0x78, 0x6a, 0x0f, 0x0a, 0x06, 0x6f,
    0x66, 0x66, 0x73, 0x65, 0x74, 0x12, 0x05, 0x31, 0x34, 0x35, 0x38, 0x33, 0x6a, 0x0e, 0x0a, 0x06,
    0x6c, 0x65, 0x6e, 0x67, 0x74, 0x68, 0x12, 0x04, 0x36, 0x34, 0x30, 0x30, 0x70, 0x01, 0x2a, 0x60,
    0x08, 0x08, 0x08, 0x40, 0x08, 0x20, 0x10, 0x01, 0x42, 0x19, 0x64, 0x66, 0x5f, 0x67, 0x72, 0x75,
    0x2e, 0x6c, 0x69, 0x6e, 0x65, 0x61, 0x72, 0x5f, 0x69, 0x6e, 0x2e, 0x30, 0x2e, 0x77, 0x65, 0x69,
    0x67, 0x68, 0x74, 0x6a, 0x17, 0x0a, 0x08, 0x6c, 0x6f, 0x63, 0x61, 0x74, 0x69, 0x6f, 0x6e, 0x12,
    0x0b, 0x64, 0x66, 0x5f, 0x64, 0x65, 0x63, 0x2e, 0x6f, 0x6e, 0x6e, 0x78, 0x6a, 0x0f, 0x0a, 0x06,
    0x6f, 0x66, 0x66, 0x73, 0x65, 0x74, 0x12, 0x05, 0x32, 0x31, 0x30, 0x32, 0x36, 0x6a, 0x0f, 0x0a,
    0x06, 0x6c, 0x65, 0x6e, 0x67, 0x74, 0x68, 0x12, 0x05, 0x36, 0x35, 0x35, 0x33, 0x36, 0x70, 0x01,
    0x2a, 0x55, 0x08, 0x10, 0x08, 0x20, 0x08, 0x10, 0x10, 0x01, 0x42, 0x0e, 0x64, 0x66, 0x5f, 0x73,
    0x6b, 0x69, 0x70, 0x2e, 0x77, 0x65, 0x69, 0x67, 0x68, 0x74, 0x6a, 0x17, 0x0a, 0x08, 0x6c, 0x6f,
    0x63, 0x61, 0x74, 0x69, 0x6f, 0x6e, 0x12, 0x0b, 0x64, 0x66, 0x5f, 0x64, 0x65, 0x63, 0x2e, 0x6f,
    0x6e, 0x6e, 0x78, 0x6a, 0x0f, 0x0a, 0x06, 0x6f, 0x66, 0x66, 0x73, 0x65, 0x74, 0x12, 0x05, 0x38,
    0x36, 0x35, 0x39, 0x34, 0x6a, 0x0f, 0x0a, 0x06, 0x6c, 0x65, 0x6e, 0x67, 0x74, 0x68, 0x12, 0x05,
    0x33, 0x32, 0x37, 0x36, 0x38, 0x70, 0x01, 0x2a, 0x57, 0x08, 0x10, 0x08, 0x10, 0x08, 0x3c, 0x10,
    0x01, 0x42, 0x0f, 0x64, 0x66, 0x5f, 0x6f, 0x75, 0x74, 0x2e, 0x30, 0x2e, 0x77, 0x65, 0x69, 0x67,
    0x68, 0x74, 0x6a, 0x17, 0x0a, 0x08, 0x6c, 0x6f, 0x63, 0x61, 0x74, 0x69, 0x6f, 0x6e, 0x12, 0x0b,
    0x64, 0x66, 0x5f, 0x64, 0x65, 0x63, 0x2e, 0x6f, 0x6e, 0x6e, 0x78, 0x6a, 0x10, 0x0a, 0x06, 0x6f,
    0x66, 0x66, 0x73, 0x65, 0x74, 0x12, 0x06, 0x31, 0x31, 0x39, 0x33, 0x39, 0x35, 0x6a, 0x0f, 0x0a,
    0x06, 0x6c, 0x65, 0x6e, 0x67, 0x74, 0x68, 0x12, 0x05, 0x36, 0x31, 0x34, 0x34, 0x30, 0x70, 0x01,
    0x2a, 0x56, 0x08, 0x0a, 0x08, 0x0a, 0x08, 0x01, 0x08, 0x01, 0x10, 0x01, 0x42, 0x0e, 0x6f, 0x6e,
    0x6e, 0x78, 0x3a, 0x3a, 0x43, 0x6f, 0x6e, 0x76, 0x5f, 0x32, 0x36, 0x38, 0x6a, 0x17, 0x0a, 0x08,
    0x6c, 0x6f, 0x63, 0x61, 0x74, 0x69, 0x6f, 0x6e, 0x12, 0x0b, 0x64, 0x66, 0x5f, 0x64, 0x65, 0x63,
    0x2e, 0x6f, 0x6e, 0x6e, 0x78, 0x6a, 0x10, 0x0a, 0x06, 0x6f, 0x66, 0x66, 0x73, 0x65, 0x74, 0x12,
    0x06, 0x31, 0x38, 0x30, 0x38, 0x39, 0x35, 0x6a, 0x0d, 0x0a, 0x06, 0x6c, 0x65, 0x6e, 0x67, 0x74,
    0x68, 0x12, 0x03, 0x34, 0x30, 0x30, 0x70, 0x01, 0x2a, 0x4f, 0x08, 0x0a, 0x10, 0x01, 0x42, 0x0e,
    0x6f, 0x6e, 0x6e, 0x78, 0x3a, 0x3a, 0x43, 0x6f, 0x6e, 0x76, 0x5f, 0x32, 0x36, 0x39, 0x6a, 0x17,
    0x0a, 0x08, 0x6c, 0x6f, 0x63, 0x61, 0x74, 0x69, 0x6f, 0x6e, 0x12, 0x0b, 0x64, 0x66, 0x5f, 0x64,
    0x65, 0x63, 0x2e, 0x6f, 0x6e, 0x6e, 0x78, 0x6a, 0x10, 0x0a, 0x06, 0x6f, 0x66, 0x66, 0x73, 0x65,
    0x74, 0x12, 0x06, 0x31, 0x38, 0x31, 0x33, 0x31, 0x39, 0x6a, 0x0c, 0x0a, 0x06, 0x6c, 0x65, 0x6e,
    0x67, 0x74, 0x68, 0x12, 0x02, 0x34, 0x30, 0x70, 0x01, 0x2a, 0x58, 0x08, 0x01, 0x08, 0x80, 0x06,
    0x08, 0x80, 0x02, 0x10, 0x01, 0x42, 0x0d, 0x6f, 0x6e, 0x6e, 0x78, 0x3a, 0x3a, 0x47, 0x52, 0x55,
    0x5f, 0x32, 0x39, 0x31, 0x6a, 0x17, 0x0a, 0x08, 0x6c, 0x6f, 0x63, 0x61, 0x74, 0x69, 0x6f, 0x6e,
    0x12, 0x0b, 0x64, 0x66, 0x5f, 0x64, 0x65, 0x63, 0x2e, 0x6f, 0x6e, 0x6e, 0x78, 0x6a, 0x10, 0x0a,
    0x06, 0x6f, 0x66, 0x66, 0x73, 0x65, 0x74, 0x12, 0x06, 0x31, 0x38, 0x31, 0x33, 0x39, 0x32, 0x6a,
    0x10, 0x0a, 0x06, 0x6c, 0x65, 0x6e, 0x67, 0x74, 0x68, 0x12, 0x06, 0x37, 0x38, 0x36, 0x34, 0x33,
    0x32, 0x70, 0x01, 0x2a, 0x58, 0x08, 0x01, 0x08, 0x80, 0x06, 0x08, 0x80, 0x02, 0x10, 0x01, 0x42,
    0x0d, 0x6f, 0x6e, 0x6e, 0x78, 0x3a, 0x3a, 0x47, 0x52, 0x55, 0x5f, 0x32, 0x39, 0x32, 0x6a, 0x17,
    0x0a, 0x08, 0x6c, 0x6f, 0x63, 0x61, 0x74, 0x69, 0x6f, 0x6e, 0x12, 0x0b, 0x64, 0x66, 0x5f, 0x64,
    0x65, 0x63, 0x2e, 0x6f, 0x6e, 0x6e, 0x78, 0x6a, 0x10, 0x0a, 0x06, 0x6f, 0x66, 0x66, 0x73, 0x65,
    0x74, 0x12, 0x06, 0x39, 0x36, 0x37, 0x38, 0x35, 0x37, 0x6a, 0x10, 0x0a, 0x06, 0x6c, 0x65, 0x6e,
    0x67, 0x74, 0x68, 0x12, 0x06, 0x37, 0x38, 0x36, 0x34, 0x33, 0x32, 0x70, 0x01, 0x2a, 0x54, 0x08,
    0x01, 0x08, 0x80, 0x0c, 0x10, 0x01, 0x42, 0x0d, 0x6f, 0x6e, 0x6e, 0x78, 0x3a, 0x3a, 0x47, 0x52,
    0x55, 0x5f, 0x32, 0x39, 0x33, 0x6a, 0x17, 0x0a, 0x08, 0x6c, 0x6f, 0x63, 0x61, 0x74, 0x69, 0x6f,
    0x6e, 0x12, 0x0b, 0x64, 0x66, 0x5f, 0x64, 0x65, 0x63, 0x2e, 0x6f, 0x6e, 0x6e, 0x78, 0x6a, 0x11,
    0x0a, 0x06, 0x6f, 0x66, 0x66, 0x73, 0x65, 0x74, 0x12, 0x07, 0x31, 0x37, 0x35, 0x34, 0x33, 0x31,
    0x37, 0x6a, 0x0e, 0x0a, 0x06, 0x6c, 0x65, 0x6e, 0x67, 0x74, 0x68, 0x12, 0x04, 0x36, 0x31, 0x34,
    0x34, 0x70, 0x01, 0x2a, 0x59, 0x08, 0x01, 0x08, 0x80, 0x06, 0x08, 0x80, 0x02, 0x10, 0x01, 0x42,
    0x0d, 0x6f, 0x6e, 0x6e, 0x78, 0x3a, 0x3a, 0x47, 0x52, 0x55, 0x5f, 0x33, 0x31, 0x31, 0x6a, 0x17,
    0x0a, 0x08, 0x6c, 0x6f, 0x63, 0x61, 0x74, 0x69, 0x6f, 0x6e, 0x12, 0x0b, 0x64, 0x66, 0x5f, 0x64,
    0x65, 0x63, 0x2e, 0x6f, 0x6e, 0x6e, 0x78, 0x6a, 0x11, 0x0a, 0x06, 0x6f, 0x66, 0x66, 0x73, 0x65,
    0x74, 0x12, 0x07, 0x31, 0x37, 0x36, 0x30, 0x34, 0x39, 0x34, 0x6a, 0x10, 0x0a, 0x06, 0x6c, 0x65,
    0x6e, 0x67, 0x74, 0x68, 0x12, 0x06, 0x37, 0x38, 0x36, 0x34, 0x33, 0x32, 0x70, 0x01, 0x2a, 0x59,
    0x08, 0x01, 0x08, 0x80, 0x06, 0x08, 0x80, 0x02, 0x10, 0x01, 0x42, 0x0d, 0x6f, 0x6e, 0x6e, 0x78,
    0x3a, 0x3a, 0x47, 0x52, 0x55, 0x5f, 0x33, 0x31, 0x32, 0x6a, 0x17, 0x0a, 0x08, 0x6c, 0x6f, 0x63,
    0x61, 0x74, 0x69, 0x6f, 0x6e, 0x12, 0x0b, 0x64, 0x66, 0x5f, 0x64, 0x65, 0x63, 0x2e, 0x6f, 0x6e,
    0x6e, 0x78, 0x6a, 0x11, 0x0a, 0x06, 0x6f, 0x66, 0x66, 0x73, 0x65, 0x74, 0x12, 0x07, 0x32, 0x35,
    0x34, 0x36, 0x39, 0x35, 0x39, 0x6a, 0x10, 0x0a, 0x06, 0x6c, 0x65, 0x6e, 0x67, 0x74, 0x68, 0x12,
    0x06, 0x37, 0x38, 0x36, 0x34, 0x33, 0x32, 0x70, 0x01, 0x2a, 0x54, 0x08, 0x01, 0x08, 0x80, 0x0c,
    0x10, 0x01, 0x42, 0x0d, 0x6f, 0x6e, 0x6e, 0x78, 0x3a, 0x3a, 0x47, 0x52, 0x55, 0x5f, 0x33, 0x31,
    0x33, 0x6a, 0x17, 0x0a, 0x08, 0x6c, 0x6f, 0x63, 0x61, 0x74, 0x69, 0x6f, 0x6e, 0x12, 0x0b, 0x64,
    0x66, 0x5f, 0x64, 0x65, 0x63, 0x2e, 0x6f, 0x6e, 0x6e, 0x78, 0x6a, 0x11, 0x0a, 0x06, 0x6f, 0x66,
    0x66, 0x73, 0x65, 0x74, 0x12, 0x07, 0x33, 0x33, 0x33, 0x33, 0x34, 0x31, 0x39, 0x6a, 0x0e, 0x0a,
    0x06, 0x6c, 0x65, 0x6e, 0x67, 0x74, 0x68, 0x12, 0x04, 0x36, 0x31, 0x34, 0x34, 0x70, 0x01, 0x2a,
    0x26, 0x08, 0x01, 0x10, 0x07, 0x3a, 0x0a, 0xfc, 0xff, 0xff, 0xff, 0xff, 0xff, 0xff, 0xff, 0xff,
    0x01, 0x42, 0x14, 0x73, 0x74, 0x72, 0x65, 0x61, 0x6d, 0x5f, 0x64, 0x66, 0x5f, 0x63, 0x61, 0x63,
    0x68, 0x65, 0x73, 0x74, 0x61, 0x72, 0x74, 0x2a, 0x23, 0x08, 0x01, 0x10, 0x07, 0x3a, 0x09, 0xff,
    0xff, 0xff, 0xff, 0xff, 0xff, 0xff, 0xff, 0x7f, 0x42, 0x12, 0x73, 0x74, 0x72, 0x65, 0x61, 0x6d,
    0x5f, 0x64, 0x66, 0x5f, 0x63, 0x61, 0x63, 0x68, 0x65, 0x65, 0x6e, 0x64, 0x2a, 0x1c, 0x08, 0x01,
    0x10, 0x07, 0x3a, 0x01, 0x02, 0x42, 0x13, 0x73, 0x74, 0x72, 0x65, 0x61, 0x6d, 0x5f, 0x64, 0x66,
    0x5f, 0x63, 0x61, 0x63, 0x68, 0x65, 0x61, 0x78, 0x69, 0x73, 0x5a, 0x1b, 0x0a, 0x03, 0x65, 0x6d,
    0x62, 0x12, 0x14, 0x0a, 0x12, 0x08, 0x01, 0x12, 0x0e, 0x0a, 0x02, 0x08, 0x01, 0x0a, 0x03, 0x12,
    0x01, 0x53, 0x0a, 0x03, 0x08, 0x80, 0x04, 0x5a, 0x1d, 0x0a, 0x02, 0x63, 0x30, 0x12, 0x17, 0x0a,
    0x15, 0x08, 0x01, 0x12, 0x11, 0x0a, 0x02, 0x08, 0x01, 0x0a, 0x02, 0x08, 0x40, 0x0a, 0x03, 0x12,
    0x01, 0x53, 0x0a, 0x02, 0x08, 0x60, 0x5a, 0x19, 0x0a, 0x02, 0x68, 0x30, 0x12, 0x13, 0x0a, 0x11,
    0x08, 0x01, 0x12, 0x0d, 0x0a, 0x02, 0x08, 0x01, 0x0a, 0x02, 0x08, 0x01, 0x0a, 0x03, 0x08, 0x80,
    0x02, 0x5a, 0x19, 0x0a, 0x02, 0x68, 0x31, 0x12, 0x13, 0x0a, 0x11, 0x08, 0x01, 0x12, 0x0d, 0x0a,
    0x02, 0x08, 0x01, 0x0a, 0x02, 0x08, 0x01, 0x0a, 0x03, 0x08, 0x80, 0x02, 0x5a, 0x22, 0x0a, 0x08,
    0x64, 0x66, 0x5f, 0x63, 0x61, 0x63, 0x68, 0x65, 0x12, 0x16, 0x0a, 0x14, 0x08, 0x01, 0x12, 0x10,
    0x0a, 0x02, 0x08, 0x01, 0x0a, 0x02, 0x08, 0x40, 0x0a, 0x02, 0x08, 0x04, 0x0a, 0x02, 0x08, 0x60,
    0x62, 0x3c, 0x0a, 0x05, 0x63, 0x6f, 0x65, 0x66, 0x73, 0x12, 0x33, 0x0a, 0x31, 0x08, 0x01, 0x12,
    0x2d, 0x0a, 0x10, 0x12, 0x0e, 0x41, 0x64, 0x64, 0x63, 0x6f, 0x65, 0x66, 0x73, 0x5f, 0x64, 0x69,
    0x6d, 0x5f, 0x30, 0x0a, 0x03, 0x12, 0x01, 0x53, 0x0a, 0x10, 0x12, 0x0e, 0x41, 0x64, 0x64, 0x63,
    0x6f, 0x65, 0x66, 0x73, 0x5f, 0x64, 0x69, 0x6d, 0x5f, 0x32, 0x0a, 0x02, 0x08, 0x0a, 0x62, 0x1d,
    0x0a, 0x06, 0x68, 0x30, 0x5f, 0x6f, 0x75, 0x74, 0x12, 0x13, 0x0a, 0x11, 0x08, 0x01, 0x12, 0x0d,
    0x0a, 0x02, 0x08, 0x01, 0x0a, 0x02, 0x08, 0x01, 0x0a, 0x03, 0x08, 0x80, 0x02, 0x62, 0x1d, 0x0a,
    0x06, 0x68, 0x31, 0x5f, 0x6f, 0x75, 0x74, 0x12, 0x13, 0x0a, 0x11, 0x08, 0x01, 0x12, 0x0d, 0x0a,
    0x02, 0x08, 0x01, 0x0a, 0x02, 0x08, 0x01, 0x0a, 0x03, 0x08, 0x80, 0x02, 0x62, 0x26, 0x0a, 0x0c,
    0x64, 0x66, 0x5f, 0x63, 0x61, 0x63, 0x68, 0x65, 0x5f, 0x6f, 0x75, 0x74, 0x12, 0x16, 0x0a, 0x14,
    0x08, 0x01, 0x12, 0x10, 0x0a, 0x02, 0x08, 0x01, 0x0a, 0x02, 0x08, 0x40, 0x0a, 0x02, 0x08, 0x04,
    0x0a, 0x02, 0x08, 0x60, 0x42, 0x02, 0x10, 0x0c,
};
static constexpr const char* kRustDfStateInputs[] = {
    "h0",
    "h1",
    "df_cache",
};
static constexpr const char* kRustDfStateOutputs[] = {
    "h0_out",
    "h1_out",
    "df_cache_out",
};
static constexpr size_t kRustDfStateSizes[] = {
    256,
    256,
    24576,
};
static constexpr std::array<int64_t, 4> kRustDfStateShapes[] = {
    {1, 1, 256, 0},
    {1, 1, 256, 0},
    {1, 64, 4, 96},
};
static constexpr size_t kRustDfStateRanks[] = {3, 3, 4};
